구분,기관명,지점명,본점/지점구분,상위기관_주무부처_지자체,기관유형,상세주소,대표전화,콜센터,FAX,이메일,홈페이지,기관장명
지방공공기관,서울특별시상수도,서울특별시상수도,본점,서울특별시 서울특별시,직영기업(상수도),-,02-3146-1114,-,-,-,http://arisu.seoul.go.kr,한영희
지방공공기관,서울특별시하수도,서울특별시하수도,본점,서울특별시 서울특별시,직영기업(하수도),-,02-2133-3854,-,-,-,https://www.seoul.go.kr/main/index.jsp,안대희
지방공공기관,서울교통공사,서울교통공사,본점,서울특별시 서울특별시,지방공사(도시철도공사),-,1577-1234,-,-,-,http://www.seoulmetro.co.kr,백호
지방공공기관,서울주택도시공사,서울주택도시공사,본점,서울특별시 서울특별시,지방공사(도시개발공사),-,02-1600-3456,-,-,-,http://www.i-sh.co.kr,김헌동
지방공공기관,서울에너지공사,서울에너지공사,본점,서울특별시 서울특별시,지방공사(기타공사),-,02-2640-5104,-,-,-,http://www.i-se.co.kr,이승현
지방공공기관,서울특별시농수산식품공사,서울특별시농수산식품공사,본점,서울특별시 서울특별시,지방공사(기타공사),-,02-3435-1000,-,-,-,http://www.garak.co.kr,문영표
지방공공기관,서울물재생시설공단,서울물재생시설공단,본점,서울특별시 서울특별시,지방공단(시설관리공단),-,02-3410-9735,-,-,-,http://www.swr.or.kr,권완택
지방공공기관,서울시설공단,서울시설공단,본점,서울특별시 서울특별시,지방공단(시설관리공단),-,02-2290-6114,-,-,-,http://www.sisul.or.kr/,한국영
지방공공기관,종로구시설관리공단,종로구시설관리공단,본점,서울특별시 종로구,지방공단(시설관리공단),-,02-6048-1234,-,-,-,https://www.ijongno.co.kr,이사장 직무대행 박정헌 상임이사
지방공공기관,중구시설관리공단,중구시설관리공단,본점,서울특별시 중구,지방공단(시설관리공단),-,02-2280-8300,-,-,-,http://www.e-junggu.or.kr,경화수
지방공공기관,용산구시설관리공단,용산구시설관리공단,본점,서울특별시 용산구,지방공단(시설관리공단),-,02-749-5314,-,-,-,http://www.yong-san.or.kr,성기욱
지방공공기관,성동구도시관리공단,성동구도시관리공단,본점,서울특별시 성동구,지방공단(시설관리공단),-,02-2204-7900,-,-,-,http://www.happysd.or.kr,김종선
지방공공기관,광진구시설관리공단,광진구시설관리공단,본점,서울특별시 광진구,지방공단(시설관리공단),-,02-2049-4560,-,-,-,http://www.gwangjin.or.kr,강호철
지방공공기관,동대문구시설관리공단,동대문구시설관리공단,본점,서울특별시 동대문구,지방공단(시설관리공단),-,02-2247-9659,-,-,-,http://www.dfmc.kr,인택환
지방공공기관,중랑구시설관리공단,중랑구시설관리공단,본점,서울특별시 중랑구,지방공단(시설관리공단),-,02-3422-4831~4,-,-,-,http://www.jungnangimc.or.kr,이동열
지방공공기관,성북구도시관리공단,성북구도시관리공단,본점,서울특별시 성북구,지방공단(시설관리공단),-,02-962-2082,-,-,-,http://www.gongdan.go.kr,박근종
지방공공기관,강북구도시관리공단,강북구도시관리공단,본점,서울특별시 강북구,지방공단(시설관리공단),-,02-944-3000,-,-,-,https://www.gbcmc.or.kr/,신승동
지방공공기관,도봉구시설관리공단,도봉구시설관리공단,본점,서울특별시 도봉구,지방공단(시설관리공단),-,02-901-5000,-,-,-,http://www.dobongsiseol.or.kr/,도봉구시설관리공단 이사장 김기수
지방공공기관,서울특별시 노원구시설관리공단,서울특별시 노원구시설관리공단,본점,서울특별시 노원구,지방공단(시설관리공단),-,02-2289-6700,-,-,-,http://www.nowonsc.kr,김주성
지방공공기관,은평구시설관리공단,은평구시설관리공단,본점,서울특별시 은평구,지방공단(시설관리공단),-,02-350-5114,-,-,-,http://www.efmc.or.kr,이현찬
지방공공기관,서대문구도시관리공단,서대문구도시관리공단,본점,서울특별시 서대문구,지방공단(시설관리공단),-,02-360-8500,-,-,-,http://www.sscmc.or.kr,한운영
지방공공기관,마포구시설관리공단,마포구시설관리공단,본점,서울특별시 마포구,지방공단(시설관리공단),-,02-300-5000,-,-,-,http://www.mfmc.or.kr,박태규
지방공공기관,양천구시설관리공단,양천구시설관리공단,본점,서울특별시 양천구,지방공단(시설관리공단),-,02-2061-3413,-,-,-,http://www.ycs.or.kr,박태문
지방공공기관,강서구시설관리공단,강서구시설관리공단,본점,서울특별시 강서구,지방공단(시설관리공단),-,02-2607-9113,-,-,-,http://gssi.or.kr,김성진
지방공공기관,구로구시설관리공단,구로구시설관리공단,본점,서울특별시 구로구,지방공단(시설관리공단),-,02-839-4875,-,-,-,http://www.gurosisul.or.kr,남승우
지방공공기관,금천구시설관리공단,금천구시설관리공단,본점,서울특별시 금천구,지방공단(시설관리공단),-,02-809-0061,-,-,-,http://www.gfmc.kr,금천구시설관리공단/임병호이사장
지방공공기관,영등포구시설관리공단,영등포구시설관리공단,본점,서울특별시 영등포구,지방공단(시설관리공단),-,02-2650-1400,-,-,-,http://www.y-sisul.or.kr,오 인 영
지방공공기관,동작구시설관리공단,동작구시설관리공단,본점,서울특별시 동작구,지방공단(시설관리공단),-,02-832-2445,-,-,-,http://www.idongjak.or.kr,김진우
지방공공기관,관악구시설관리공단,관악구시설관리공단,본점,서울특별시 관악구,지방공단(시설관리공단),-,02-1661-8990,-,-,-,https://www.gwanakgongdan.or.kr/fmcs/1,천범룡
지방공공기관,강남구도시관리공단,강남구도시관리공단,본점,서울특별시 강남구,지방공단(시설관리공단),-,1544-3113,-,-,-,http://www.gncity.or.kr,양승미
지방공공기관,송파구시설관리공단,송파구시설관리공단,본점,서울특별시 송파구,지방공단(시설관리공단),-,02-2157-1114,-,-,-,http://www.songpagongdan.or.kr,황대성
지방공공기관,강동구도시관리공단,강동구도시관리공단,본점,서울특별시 강동구,지방공단(시설관리공단),-,02-2045-7700,-,-,-,http://www.igangdong.or.kr,오미혜
지방공공기관,부산광역시상수도,부산광역시상수도,본점,부산광역시 부산광역시,직영기업(상수도),-,051-669-4211,-,-,-,http://water.busan.go.kr,김병기
지방공공기관,부산광역시하수도,부산광역시하수도,본점,부산광역시 부산광역시,직영기업(하수도),-,051-888-3732,-,-,-,http://www.busan.go.kr/,이병석
지방공공기관,부산교통공사,부산교통공사,본점,부산광역시 부산광역시,지방공사(도시철도공사),-,1544-5005,-,-,-,https://www.humetro.busan.kr,이병진
지방공공기관,부산도시공사,부산도시공사,본점,부산광역시 부산광역시,지방공사(도시개발공사),-,051-810-1200,-,-,-,http://bmc.busan.kr,김용학
지방공공기관,부산관광공사,부산관광공사,본점,부산광역시 부산광역시,지방공사(기타공사),-,051-780-2111,-,-,-,http://www.bto.or.kr,이정실
지방공공기관,부산시설공단,부산시설공단,본점,부산광역시 부산광역시,지방공단(시설관리공단),-,1670-8114,-,-,-,http://www.bisco.or.kr,이성림
지방공공기관,부산지방공단스포원(부산시설공단 통합),부산지방공단스포원(부산시설공단 통합),본점,부산광역시 부산광역시,지방공단(시설관리공단),-,051-1577-6556,-,-,-,http://www.spo1.or.kr/,부산지방공단스포원/김석빈
지방공공기관,부산환경공단,부산환경공단,본점,부산광역시 부산광역시,지방공단(시설관리공단),-,051-759-9300,-,-,-,http://www.beco.or.kr,안종일
지방공공기관,부산광역시남구시설관리공단,부산광역시남구시설관리공단,본점,부산광역시 남구,지방공단(시설관리공단),-,051-601-3400,-,-,-,www.bnfmc.or.kr,김재왕
지방공공기관,부산광역시기장군도시관리공단,부산광역시기장군도시관리공단,본점,부산광역시 기장군,지방공단(시설관리공단),-,051-792-4700,-,-,-,http://www.gijangcmc.or.kr,김윤재
지방공공기관,대구광역시상수도,대구광역시상수도,본점,대구광역시 대구광역시,직영기업(상수도),-,053-670-2000,-,-,-,http://www.dgwater.go.kr,김경식
지방공공기관,대구광역시하수도,대구광역시하수도,본점,대구광역시 대구광역시,직영기업(하수도),-,053-803-4163,-,-,-,http://www.daegu.go.kr/Envi/,홍성주
지방공공기관,대구교통공사,대구교통공사,본점,대구광역시 대구광역시,지방공사(도시철도공사),-,053-643-2115,-,-,-,http://www.dtro.or.kr,김기혁
지방공공기관,대구도시개발공사,대구도시개발공사,본점,대구광역시 대구광역시,지방공사(도시개발공사),-,053-350-0300,-,-,-,https://www.dudc.or.kr,정명섭
지방공공기관,대구농수산물유통관리공사,대구농수산물유통관리공사,본점,대구광역시 대구광역시,지방공사(기타공사),-,-,-,-,-,-,-
지방공공기관,대구공공시설관리공단,대구공공시설관리공단,본점,대구광역시 대구광역시,지방공단(시설관리공단),-,053-605-8000,-,-,-,http://www.dpfc.or.kr,문기봉
지방공공기관,대구시설공단(대구공공시설관리공단 통합),대구시설공단(대구공공시설관리공단 통합),본점,대구광역시 대구광역시,지방공단(시설관리공단),-,053-1566-8578,-,-,-,http://www.dgsisul.or.kr,최길영
지방공공기관,대구광역시달성군시설관리공단,대구광역시달성군시설관리공단,본점,대구광역시 달성군,지방공단(시설관리공단),-,053-659-4000,-,-,-,http://www.dssiseol.or.kr,김정화
지방공공기관,인천광역시상수도,인천광역시상수도,본점,인천광역시 인천광역시,직영기업(상수도),-,032-720-2114,-,-,-,https://www.incheon.go.kr/water/index,박정남
지방공공기관,인천광역시하수도,인천광역시하수도,본점,인천광역시 인천광역시,직영기업(하수도),-,032-440-3614,-,-,-,http://www.incheon.go.kr,김철수
지방공공기관,인천경제자유구역청,인천경제자유구역청,본점,인천광역시 인천광역시,직영기업(공영개발),-,032-453-7172,-,-,-,http://www.ifez.go.kr,인천광역시경제자유구역청장 김진용
지방공공기관,인천교통공사,인천교통공사,본점,인천광역시 인천광역시,지방공사(도시철도공사),-,032-451-2114,-,-,-,http://www.ictr.or.kr,김성완
지방공공기관,인천도시공사,인천도시공사,본점,인천광역시 인천광역시,지방공사(도시개발공사),-,032-260-5000,-,-,-,http://www.ih.co.kr,조동암
지방공공기관,인천관광공사,인천관광공사,본점,인천광역시 인천광역시,지방공사(기타공사),-,032-899-7300,-,-,-,https://www.ito.or.kr/,백현
지방공공기관,인천시설공단,인천시설공단,본점,인천광역시 인천광역시,지방공단(시설관리공단),-,032-456-2003,-,-,-,http://www.insiseol.or.kr/,김종필
지방공공기관,인천환경공단,인천환경공단,본점,인천광역시 인천광역시,지방공단(시설관리공단),-,032-1588-0466,-,-,-,http://www.eco-i.or.kr,최계운
지방공공기관,인천광역시중구시설관리공단,인천광역시중구시설관리공단,본점,인천광역시 중구,지방공단(시설관리공단),-,032-850-1400,-,-,-,http://www.icjgss.or.kr,손영식
지방공공기관,인천광역시연수구시설안전관리공단,인천광역시연수구시설안전관리공단,본점,인천광역시 연수구,지방공단(시설관리공단),-,032-830-8000,-,-,-,http://www.ysfsmc.or.kr,연수구시설안전관리공단/박희경
지방공공기관,남동구도시관리공단,남동구도시관리공단,본점,인천광역시 남동구,지방공단(시설관리공단),-,032-460-0500,-,-,-,http://www.namdongcmc.co.kr,김석우
지방공공기관,인천광역시부평구시설관리공단,인천광역시부평구시설관리공단,본점,인천광역시 부평구,지방공단(시설관리공단),-,1566-8578,-,-,-,http://www.bpss.or.kr,장세강
지방공공기관,인천광역시계양구시설관리공단,인천광역시계양구시설관리공단,본점,인천광역시 계양구,지방공단(시설관리공단),-,032-551-6604,-,-,-,http://www.gysiseol.or.kr,박성민
지방공공기관,인천광역시서구시설관리공단,인천광역시서구시설관리공단,본점,인천광역시 서구,지방공단(시설관리공단),-,032-580-1111,-,-,-,http://www.issi.or.kr,우영환
지방공공기관,강화군시설관리공단,강화군시설관리공단,본점,인천광역시 강화군,지방공단(시설관리공단),-,032-930-7000,-,-,-,http://www.ghss.or.kr,송왕근
지방공공기관,인천광역시미추홀구시설관리공단,인천광역시미추홀구시설관리공단,본점,인천광역시 미추홀구,지방공단(시설관리공단),-,032-891-6091,-,-,-,http://www.inimc.co.kr/,김성규
지방공공기관,광주광역시상수도,광주광역시상수도,본점,광주광역시 광주광역시,직영기업(상수도),-,062-609-6122,-,-,-,http://water.gwangju.go.kr/,김일융
지방공공기관,광주광역시하수도,광주광역시하수도,본점,광주광역시 광주광역시,직영기업(하수도),-,062-613-4261,-,-,-,http://www.gwangju.go.kr,박남주
지방공공기관,광주교통공사,광주교통공사,본점,광주광역시 광주광역시,지방공사(도시철도공사),-,062-604-8000,-,-,-,http://www.grtc.co.kr/,조익문
지방공공기관,광주광역시도시공사,광주광역시도시공사,본점,광주광역시 광주광역시,지방공사(도시개발공사),-,062-600-6600,-,-,-,http://www.gmcc.co.kr,정민곤
지방공공기관,광주광역시 관광공사,광주광역시 관광공사,본점,광주광역시 광주광역시,지방공사(기타공사),-,062-611-2000,-,-,-,http://www.gjto.or.kr,김진강
지방공공기관,광주환경공단,광주환경공단,본점,광주광역시 광주광역시,지방공단(시설관리공단),-,062-603-5200,-,-,-,http://www.eco-g.or.kr,최향동 이사장 직무대행
지방공공기관,광주광역시서구시설관리공단,광주광역시서구시설관리공단,본점,광주광역시 서구,지방공단(시설관리공단),-,062-601-6010,-,-,-,https://seogufmc.or.kr/kor/,황봉주
지방공공기관,광주광역시북구시설관리공단,광주광역시북구시설관리공단,본점,광주광역시 북구,지방공단(시설관리공단),-,062-524-0001,-,-,-,https://gbfmc.or.kr/,나기백
지방공공기관,광주광역시광산구시설관리공단,광주광역시광산구시설관리공단,본점,광주광역시 광산구,지방공단(시설관리공단),-,062-960-9934,-,-,-,https://www.gsfmc.or.kr,임영일
지방공공기관,대전광역시상수도,대전광역시상수도,본점,대전광역시 대전광역시,직영기업(상수도),-,02-2061-3413,-,-,-,http://www.waterworks.daejeon.kr,문인환
지방공공기관,대전광역시하수도,대전광역시하수도,본점,대전광역시 대전광역시,직영기업(하수도),-,042-270-5482,-,-,-,http://www.daejeon.go.kr,정해교
지방공공기관,대전교통공사,대전교통공사,본점,대전광역시 대전광역시,지방공사(도시철도공사),-,042-539-3114,-,-,-,http://www.djtc.kr,연규양
지방공공기관,대전도시공사,대전도시공사,본점,대전광역시 대전광역시,지방공사(도시개발공사),-,042-530-9200,-,-,-,http://www.dcco.kr,정국영
지방공공기관,대전관광공사,대전관광공사,본점,대전광역시 대전광역시,지방공사(기타공사),-,042-250-1111,-,-,-,http://www.djto.kr,윤성국
지방공공기관,대전광역시시설관리공단,대전광역시시설관리공단,본점,대전광역시 대전광역시,지방공단(시설관리공단),-,042-610-2700,-,-,-,http://www.djsiseol.or.kr,이상태
지방공공기관,울산광역시상수도,울산광역시상수도,본점,울산광역시 울산광역시,직영기업(상수도),-,052-229-5511,-,-,-,http://water.ulsan.go.kr,김 상 육
지방공공기관,울산광역시하수도,울산광역시하수도,본점,울산광역시 울산광역시,직영기업(하수도),-,052-229-3272,-,-,-,http://www.ulsan.go.kr,홍병익
지방공공기관,울산광역시도시공사,울산광역시도시공사,본점,울산광역시 울산광역시,지방공사(도시개발공사),-,052-219-8400,-,-,-,http://www.umca.co.kr,윤두환
지방공공기관,울산시설공단,울산시설공단,본점,울산광역시 울산광역시,지방공단(시설관리공단),-,052-290-7305,-,-,-,http://www.uic.or.kr,김규덕
지방공공기관,울산광역시중구도시관리공단,울산광역시중구도시관리공단,본점,울산광역시 중구,지방공단(시설관리공단),-,052-290-7600,-,-,-,http://www.ujcmc.or.kr,이광학
지방공공기관,울산광역시남구도시관리공단,울산광역시남구도시관리공단,본점,울산광역시 남구,지방공단(시설관리공단),-,052-226-0900,-,-,-,http://www.uncmc.or.kr,이춘실
지방공공기관,울산광역시북구시설관리공단,울산광역시북구시설관리공단,본점,울산광역시 북구,지방공단(시설관리공단),-,052-255-5500,-,-,-,https://ubimc.or.kr,이관우
지방공공기관,울주군시설관리공단,울주군시설관리공단,본점,울산광역시 울주군,지방공단(시설관리공단),-,052-229-9000,-,-,-,http://www.uljusiseol.or.kr,최인식
지방공공기관,세종특별자치시상수도,세종특별자치시상수도,본점,세종특별자치시 세종특별자치시,직영기업(상수도),-,044-301-3212,-,-,-,https://www.sejong.go.kr/water.do,이동윤
지방공공기관,세종특별자치시하수도,세종특별자치시하수도,본점,세종특별자치시 세종특별자치시,직영기업(하수도),-,044-301-3212,-,-,-,https://www.sejong.go.kr/water.do,이동윤
지방공공기관,세종특별자치시공영개발,세종특별자치시공영개발,본점,세종특별자치시 세종특별자치시,직영기업(공영개발),-,044-300-4654,-,-,-,http://www.sejong.go.kr,남궁호
지방공공기관,세종도시교통공사,세종도시교통공사,본점,세종특별자치시 세종특별자치시,지방공사(기타공사),-,044-850-0100,-,-,-,http://www.sctc.kr,도순구
지방공공기관,세종특별자치시시설관리공단,세종특별자치시시설관리공단,본점,세종특별자치시 세종특별자치시,지방공단(시설관리공단),-,044-850-1100,-,-,-,http://www.sjfmc.or.kr,조소연
지방공공기관,경기도고덕국제화계획지구조성사업,경기도고덕국제화계획지구조성사업,본점,경기도 경기도,직영기업(공영개발),-,031-8008-2599,-,-,-,http://www.gg.go.kr,이계삼
지방공공기관,경기도판교테크노밸리조성사업,경기도판교테크노밸리조성사업,본점,경기도 경기도,직영기업(공영개발),-,031-8008-5353,-,-,-,http://www.pangyotechnovalley.org,류광열
지방공공기관,경기주택도시공사,경기주택도시공사,본점,경기도 경기도,지방공사(도시개발공사),-,1588-0466,-,-,-,http://www.gh.or.kr,김세용
지방공공기관,경기관광공사,경기관광공사,본점,경기도 경기도,지방공사(기타공사),-,031-259-4700,-,-,-,https://ggtour.or.kr/gto/,조원용
지방공공기관,경기교통공사,경기교통공사,본점,경기도 경기도,지방공사(기타공사),-,031-860-1500,-,-,-,www.gtrans.or.kr,민경선
지방공공기관,경기평택항만공사,경기평택항만공사,본점,경기도 경기도,지방공사(기타공사),-,031-686-0600,-,-,-,http://www.gppc.or.kr,김석구
지방공공기관,수원시상수도,수원시상수도,본점,경기도 수원시,직영기업(상수도),-,031-228-4907,-,-,-,https://water.suwon.go.kr,변영선
지방공공기관,수원시하수도,수원시하수도,본점,경기도 수원시,직영기업(하수도),-,031-228-3482,-,-,-,http://www.suwon.go.kr,최승래
지방공공기관,수원도시공사,수원도시공사,본점,경기도 수원시,지방공사(기타공사),-,031-240-2800,-,-,-,https://www.suwonudc.co.kr,허정문
지방공공기관,성남시상수도,성남시상수도,본점,경기도 성남시,직영기업(상수도),-,031-729-4043,-,-,-,http://seongnam.go.kr,전석배
지방공공기관,성남시하수도,성남시하수도,본점,경기도 성남시,직영기업(하수도),-,031-729-4172,-,-,-,http://www.seongnam.go.kr,이성진
지방공공기관,성남시공영개발,성남시공영개발,본점,경기도 성남시,직영기업(공영개발),-,031-729-3381,-,-,-,http://www.seongnam.go.kr,박경우
지방공공기관,성남도시개발공사,성남도시개발공사,본점,경기도 성남시,지방공사(기타공사),-,031-725-9300,-,-,-,http://www.isdc.co.kr,박민우
지방공공기관,고양시상수도,고양시상수도,본점,경기도 고양시,직영기업(상수도),-,031-8075-4420,-,-,-,http://water.goyang.go.kr,윤건상
지방공공기관,고양시하수도,고양시하수도,본점,경기도 고양시,직영기업(하수도),-,031-8075-4562,-,-,-,http://www.goyang.go.kr,최충락
지방공공기관,고양도시관리공사,고양도시관리공사,본점,경기도 고양시,지방공사(기타공사),-,031-929-4800,-,-,-,http://www.gys.or.kr,강승필
지방공공기관,용인시상수도,용인시상수도,본점,경기도 용인시,직영기업(상수도),-,031-324-4204,-,-,-,https://www.yongin.go.kr/water/index.do,김성열
지방공공기관,용인시하수도,용인시하수도,본점,경기도 용인시,직영기업(하수도),-,031-324-4455,-,-,-,https://www.yongin.go.kr/water/index.do,이재석
지방공공기관,용인도시공사,용인도시공사,본점,경기도 용인시,지방공사(기타공사),-,031-330-3900,-,-,-,http://www.yuc.co.kr/,최찬용
지방공공기관,부천시상수도,부천시상수도,본점,경기도 부천시,직영기업(상수도),-,032-625-3224,-,-,-,http://water.bucheon.go.kr,최은희
지방공공기관,부천시하수도,부천시하수도,본점,경기도 부천시,직영기업(하수도),-,032-625-4953,-,-,-,http://www.bucheon.go.kr,석상균
지방공공기관,부천도시공사,부천도시공사,본점,경기도 부천시,지방공사(기타공사),-,032-340-0700,-,-,-,http://www.best.or.kr/,원명희
지방공공기관,안산시상수도,안산시상수도,본점,경기도 안산시,직영기업(상수도),-,031-481-3651,-,-,-,http://water.iansan.net,박명섭
지방공공기관,안산시하수도,안산시하수도,본점,경기도 안산시,직영기업(하수도),-,031-481-2458,-,-,-,http://water.iansan.net,백현숙
지방공공기관,안산도시공사,안산도시공사,본점,경기도 안산시,지방공사(기타공사),-,031-481-4900,-,-,-,http://www.ansanuc.net/,허숭
지방공공기관,안양시상수도,안양시상수도,본점,경기도 안양시,직영기업(상수도),-,031-8045-5660,-,-,-,http://www.anyang.go.kr/index.jsp,홍재언
지방공공기관,안양시하수도,안양시하수도,본점,경기도 안양시,직영기업(하수도),-,031-8045-2454,-,-,-,http://www.anyang.go.kr,박황신
지방공공기관,안양도시공사,안양도시공사,본점,경기도 안양시,지방공사(기타공사),-,031-389-5352,-,-,-,http://www.auc.or.kr,이명호
지방공공기관,안양시시설관리공단,안양시시설관리공단,본점,경기도 안양시,지방공단(시설관리공단),-,031-389-5342,-,-,-,http://www.ansi.or.kr,-
지방공공기관,남양주시상수도,남양주시상수도,본점,경기도 남양주시,직영기업(상수도),-,031-590-4603,-,-,-,http://www.nyj.go.kr/main/1898,이대열
지방공공기관,남양주시하수도,남양주시하수도,본점,경기도 남양주시,직영기업(하수도),-,031-590-2451,-,-,-,http://www.nyj.go.kr/main/1898,-
지방공공기관,남양주도시공사,남양주도시공사,본점,경기도 남양주시,지방공사(기타공사),-,031-560-1000,-,-,-,https://www.ncuc.or.kr/main/1,이계문
지방공공기관,화성시상수도,화성시상수도,본점,경기도 화성시,직영기업(상수도),-,031-5189-3276,-,-,-,http://www.hscity.go.kr/part/dept/BD_selectDeptCntnts.do?q_cntntsTy=administration&q_deptCode=55303230000&q_deptNm=맑은물운영과,송문
지방공공기관,화성시하수도,화성시하수도,본점,경기도 화성시,직영기업(하수도),-,031-5189-6862,-,-,-,http://www.hscity.go.kr/part/dept/BD_selectDeptCntnts.do?q_cntntsTy=job&q_deptCode=55303410000&q_firstLoad=N,유동근
지방공공기관,화성도시공사,화성도시공사,본점,경기도 화성시,지방공사(기타공사),-,031-8012-7799,-,-,-,http://www.hsuco.or.kr,김근영
지방공공기관,평택시상수도,평택시상수도,본점,경기도 평택시,직영기업(상수도),-,031-8024-5121,-,-,-,https://www.pyeongtaek.go.kr/sanghasudo/main.do,박천수
지방공공기관,평택시하수도,평택시하수도,본점,경기도 평택시,직영기업(하수도),-,031-8024-5212,-,-,-,https://www.pyeongtaek.go.kr/sanghasudo/main.do,박천수
지방공공기관,평택도시공사,평택도시공사,본점,경기도 평택시,지방공사(기타공사),-,031-8053-8800,-,-,-,http://www.puc.or.kr,강팔문
지방공공기관,의정부시상수도,의정부시상수도,본점,경기도 의정부시,직영기업(상수도),-,031-870-6215,-,-,-,http://www.ui4u.go.kr/water,이영재
지방공공기관,의정부시하수도,의정부시하수도,본점,경기도 의정부시,직영기업(하수도),-,031-870-6215,-,-,-,http://www.ui4u.go.kr/water,이영재
지방공공기관,의정부시공영개발,의정부시공영개발,본점,경기도 의정부시,직영기업(공영개발),-,032-453-7156,-,-,-,http://www.ui4u.go.kr,이재송
지방공공기관,의정부도시공사,의정부도시공사,본점,경기도 의정부시,지방공사(기타공사),-,031-828-6813,-,-,-,http://www.uiuc.or.kr,김용석
지방공공기관,의정부시시설관리공단(폐지),의정부시시설관리공단(폐지),본점,경기도 의정부시,지방공단(시설관리공단),-,031-828-6813,-,-,-,http://www.uiuc.or.kr,김용석
지방공공기관,시흥시상수도,시흥시상수도,본점,경기도 시흥시,직영기업(상수도),-,031-310-6103,-,-,-,http://water.siheung.go.kr,전종삼
지방공공기관,시흥시하수도,시흥시하수도,본점,경기도 시흥시,직영기업(하수도),-,031-310-6153,-,-,-,http://www.siheung.go.kr/,이기재
지방공공기관,시흥시공영개발,시흥시공영개발,본점,경기도 시흥시,직영기업(공영개발),-,031-310-69632,-,-,-,http://www.siheung.go.kr/baegot,도시주택국장
지방공공기관,시흥도시공사,시흥도시공사,본점,경기도 시흥시,지방공사(기타공사),-,031-488-6800,-,-,-,http://www.shsi.or.kr,시흥도시공사 정동선
지방공공기관,파주시상수도,파주시상수도,본점,경기도 파주시,직영기업(상수도),-,031-940-5511,-,-,-,http://www.paju.go.kr,박준태
지방공공기관,파주시하수도,파주시하수도,본점,경기도 파주시,직영기업(하수도),-,031-940-5097,-,-,-,http://www.paju.go.kr,김관진
지방공공기관,파주도시관광공사,파주도시관광공사,본점,경기도 파주시,지방공사(기타공사),-,031-950-1800,-,-,-,https://www.pajuutc.or.kr/,파주도시관광공사/조동칠
지방공공기관,파주시시설관리공단,파주시시설관리공단,본점,경기도 파주시,지방공단(시설관리공단),-,031-950-1800,-,-,-,http://www.pajusisul.or.kr,손혁재
지방공공기관,광명시상수도,광명시상수도,본점,경기도 광명시,직영기업(상수도),-,02-2680-2272,-,-,-,http://water.gm.go.kr,박계근
지방공공기관,광명시하수도,광명시하수도,본점,경기도 광명시,직영기업(하수도),-,02-749-5314,-,-,-,http://www.gm.go.kr,성동준
지방공공기관,광명도시공사,광명도시공사,본점,경기도 광명시,지방공사(기타공사),-,02-2610-7300,-,-,-,http://www.gmuc.co.kr,서일동
지방공공기관,김포시상수도,김포시상수도,본점,경기도 김포시,직영기업(상수도),-,031-5186-4405,-,-,-,http://water.gimpo.go.kr,박정우
지방공공기관,김포시하수도,김포시하수도,본점,경기도 김포시,직영기업(하수도),-,031-5186-4492,-,-,-,http://water.gimpo.go.kr,박정우
지방공공기관,김포도시공사(김포도시관리공사 합병),김포도시공사(김포도시관리공사 합병),본점,경기도 김포시,지방공사(기타공사),-,031-980-8500,-,-,-,http://www.guc.or.kr,김동석
지방공공기관,김포도시관리공사,김포도시관리공사,본점,경기도 김포시,지방공사(기타공사),-,031-980-8500,-,-,-,https://www.guc.or.kr/,이형록
지방공공기관,김포시시설관리공단(김포도시관리공사 합병),김포시시설관리공단(김포도시관리공사 합병),본점,경기도 김포시,지방공단(시설관리공단),-,031-980-8300,-,-,-,http://www.gp.or.kr,차동국
지방공공기관,군포시상수도,군포시상수도,본점,경기도 군포시,직영기업(상수도),-,031-390-3212,-,-,-,http://www.gunpo.go.kr/sudo/index.do,홍유진
지방공공기관,군포시하수도,군포시하수도,본점,경기도 군포시,직영기업(하수도),-,031-390-3261,-,-,-,http://www.gunpo.go.kr/,장태진
지방공공기관,군포도시공사,군포도시공사,본점,경기도 군포시,지방공사(기타공사),-,031-390-7600,-,-,-,http://gunpouc.or.kr,배재국
지방공공기관,광주시상수도,광주시상수도,본점,경기도 광주시,직영기업(상수도),-,031-760-2605,-,-,-,-,한용우
지방공공기관,광주시하수도,광주시하수도,본점,경기도 광주시,직영기업(하수도),-,031-760-2966,-,-,-,https://www.gjcity.go.kr/depart/contents.do?mId=0903010000,나중윤
지방공공기관,광주도시관리공사,광주도시관리공사,본점,경기도 광주시,지방공사(기타공사),-,031-799-4800,-,-,-,http://www.gumc.or.kr,박남수
지방공공기관,이천시상수도,이천시상수도,본점,경기도 이천시,직영기업(상수도),-,031-644-4214,-,-,-,http://water.icheon.go.kr,박철희
지방공공기관,이천시하수도,이천시하수도,본점,경기도 이천시,직영기업(하수도),-,031-644-4262,-,-,-,https://www.icheon.go.kr/depart/contents.do?mid=0409000000,박철희
지방공공기관,이천시시설관리공단,이천시시설관리공단,본점,경기도 이천시,지방공단(시설관리공단),-,031-632-6670,-,-,-,http://2000fmc.or.kr,김종춘
지방공공기관,양주시상수도,양주시상수도,본점,경기도 양주시,직영기업(상수도),-,031-8082-6813,-,-,-,http://www.yangju.go.kr,윤형호
지방공공기관,양주시하수도,양주시하수도,본점,경기도 양주시,직영기업(하수도),-,031-8082-6852,-,-,-,http://www.yangju.go.kr,성열원
지방공공기관,양주도시공사,양주도시공사,본점,경기도 양주시,지방공사(기타공사),-,031-828-9720,-,-,-,http://www.yjuc.or.kr,이흥규
지방공공기관,오산시상수도,오산시상수도,본점,경기도 오산시,직영기업(상수도),-,031-8036-6382,-,-,-,http://www.osan.go.kr/osanEnv/main.do,최한모
지방공공기관,오산시하수도,오산시하수도,본점,경기도 오산시,직영기업(하수도),-,031-8036-6100,-,-,-,http://www.osan.go.kr/,김홍기
지방공공기관,오산도시공사,오산도시공사,본점,경기도 오산시,지방공사(기타공사),-,031-371-1756,-,-,-,https://www.osansisul.or.kr/mainn,김정수
지방공공기관,오산시시설관리공단(폐지),오산시시설관리공단(폐지),본점,경기도 오산시,지방공단(시설관리공단),-,031-371-1756,-,-,-,http://www.osansisul.or.kr,김정수
지방공공기관,구리시상수도,구리시상수도,본점,경기도 구리시,직영기업(상수도),-,031-550-8558,-,-,-,http://www.guri.go.kr,조명아
지방공공기관,구리시하수도,구리시하수도,본점,경기도 구리시,직영기업(하수도),-,031-550-2582,-,-,-,http://www.guri.go.kr,조명아
지방공공기관,구리농수산물공사,구리농수산물공사,본점,경기도 구리시,지방공사(기타공사),-,031-560-5100,-,-,-,http://gamaco.co.kr,김진수
지방공공기관,구리도시공사,구리도시공사,본점,경기도 구리시,지방공사(기타공사),-,031-550-3700,-,-,-,http://www.guriuc.or.kr,유동혁
지방공공기관,안성시상수도,안성시상수도,본점,경기도 안성시,직영기업(상수도),-,031-678-3132,-,-,-,http://www.anseong.go.kr,김보라
지방공공기관,안성시하수도,안성시하수도,본점,경기도 안성시,직영기업(하수도),-,031-678-3174,-,-,-,http://www.anseong.go.kr/,김종명
지방공공기관,안성시공영개발,안성시공영개발,본점,경기도 안성시,직영기업(공영개발),-,031-678-2954,-,-,-,http://www.anseong.go.kr,김삼주
지방공공기관,안성시시설관리공단,안성시시설관리공단,본점,경기도 안성시,지방공단(시설관리공단),-,031-672-1234,-,-,-,http://www.asimc.or.kr/,이정찬
지방공공기관,포천시상수도,포천시상수도,본점,경기도 포천시,직영기업(상수도),-,031-538-3402,-,-,-,http://www.pocheon.go.kr/www/contents.do?key=3038,최종화
지방공공기관,포천시하수도,포천시하수도,본점,경기도 포천시,직영기업(하수도),-,031-538-3544,-,-,-,http://www.pocheon.go.kr/www/selDeptEmpList.do?key=9241&deptCode=5600138,이태승
지방공공기관,포천도시공사,포천도시공사,본점,경기도 포천시,지방공사(기타공사),-,031-540-6000,-,-,-,www.pcuc.kr,이상록
지방공공기관,포천시시설관리공단,포천시시설관리공단,본점,경기도 포천시,지방공단(시설관리공단),-,031-540-6000,-,-,-,http://www.pcss.kr/,유한기
지방공공기관,의왕시상수도,의왕시상수도,본점,경기도 의왕시,직영기업(상수도),-,031-345-3605,-,-,-,http://www.uiwang.go.kr/index,이만재
지방공공기관,의왕시하수도,의왕시하수도,본점,경기도 의왕시,직영기업(하수도),-,031-345-3621,-,-,-,http://www.uiwang.go.kr,차정숙
지방공공기관,의왕시공영개발,의왕시공영개발,본점,경기도 의왕시,직영기업(공영개발),-,031-345-2802,-,-,-,http://www.uiwang.go.kr,김시경
지방공공기관,의왕도시공사,의왕도시공사,본점,경기도 의왕시,지방공사(기타공사),-,031-8086-7300,-,-,-,http://www.uuc.or.kr,성광식
지방공공기관,하남시상수도,하남시상수도,본점,경기도 하남시,직영기업(상수도),-,031-790-6441,-,-,-,http://www.hanam.go.kr/www/index.do,친환경사업소장
지방공공기관,하남시하수도,하남시하수도,본점,경기도 하남시,직영기업(하수도),-,031-790-6281,-,-,-,http://www.hanam.go.kr/,조남준
지방공공기관,하남도시공사,하남도시공사,본점,경기도 하남시,지방공사(기타공사),-,031-790-9500,-,-,-,http://www.huic.co.kr,최철규
지방공공기관,여주시상수도,여주시상수도,본점,경기도 여주시,직영기업(상수도),-,031-887-3504,-,-,-,http://www.yeojuwater.go.kr,조정아
지방공공기관,여주시하수도,여주시하수도,본점,경기도 여주시,직영기업(하수도),-,031-887-3517,-,-,-,http://www.yeojuwater.go.kr,조정아
지방공공기관,여주도시공사,여주도시공사,본점,경기도 여주시,지방공사(기타공사),-,031-880-4000,-,-,-,https://www.yeojuuc.or.kr/,임명진
지방공공기관,여주도시관리공단(폐지),여주도시관리공단(폐지),본점,경기도 여주시,지방공단(시설관리공단),-,031-880-4000,-,-,-,http://www.yeojuuc.or.kr,임명진
지방공공기관,동두천시상수도,동두천시상수도,본점,경기도 동두천시,직영기업(상수도),-,031-860-3187,-,-,-,https://www.ddc.go.kr/,박형덕
지방공공기관,동두천시하수도,동두천시하수도,본점,경기도 동두천시,직영기업(하수도),-,031-860-3192,-,-,-,https://www.ddc.go.kr/ddc/index.do,-
지방공공기관,동두천시시설관리공단,동두천시시설관리공단,본점,경기도 동두천시,지방공단(시설관리공단),-,-,-,-,-,-,-
지방공공기관,과천시상수도,과천시상수도,본점,경기도 과천시,직영기업(상수도),-,02-2150-3701,-,-,-,http://www.gccity.go.kr/sudo/main.do,공정식
지방공공기관,과천시하수도,과천시하수도,본점,경기도 과천시,직영기업(하수도),-,02-2150-3752,-,-,-,http://gccity.go.kr/environment/,심영린
지방공공기관,과천시지식정보타운조성사업,과천시지식정보타운조성사업,본점,경기도 과천시,직영기업(공영개발),-,02-3677-2352,-,-,-,-,이재영
지방공공기관,과천도시공사,과천도시공사,본점,경기도 과천시,지방공사(기타공사),-,02-504-7300,-,-,-,https://www.gcuc.or.kr,이근수
지방공공기관,과천시시설관리공단,과천시시설관리공단,본점,경기도 과천시,지방공단(시설관리공단),-,02-504-7300,-,-,-,http://www.gccs.or.kr,김성수
지방공공기관,양평군상수도,양평군상수도,본점,경기도 양평군,직영기업(상수도),-,031-770-3692,-,-,-,http://www.yp21.go.kr/water,-
지방공공기관,양평군하수도,양평군하수도,본점,경기도 양평군,직영기업(하수도),-,031-770-3652,-,-,-,http://www.yp21.go.kr,지주연
지방공공기관,양평공사,양평공사,본점,경기도 양평군,지방공사(기타공사),-,031-770-4000,-,-,-,http://www.yp04.or.kr,신범수
지방공공기관,가평군상수도,가평군상수도,본점,경기도 가평군,직영기업(상수도),-,031-580-4410,-,-,-,http://www.gp.go.kr/water/index.do,정정화
지방공공기관,가평군하수도,가평군하수도,본점,경기도 가평군,직영기업(하수도),-,031-580-4450,-,-,-,http://www.gp.go.kr/,최병길(부군수)
지방공공기관,가평군시설관리공단,가평군시설관리공단,본점,경기도 가평군,지방공단(시설관리공단),-,070-1577-1234,-,-,-,http://www.gpfmc.or.kr,최승수
지방공공기관,연천군상수도,연천군상수도,본점,경기도 연천군,직영기업(상수도),-,031-839-4320,-,-,-,https://www.yeoncheon.go.kr/ycsudo/index.yeoncheon,오형근
지방공공기관,연천군하수도,연천군하수도,본점,경기도 연천군,직영기업(하수도),-,031-839-4310,-,-,-,https://www.yeoncheon.go.kr/ycsudo/index.do,김재진
지방공공기관,연천군시설관리공단,연천군시설관리공단,본점,경기도 연천군,지방공단(시설관리공단),-,031-834-9585,-,-,-,http://www.yccs.or.kr/,송승원
지방공공기관,강원개발공사,강원개발공사,본점,강원특별자치도 강원특별자치도,지방공사(도시개발공사),-,033-259-6223~4,-,-,-,http://www.gdco.co.kr,오승재
지방공공기관,춘천시상수도,춘천시상수도,본점,강원특별자치도 춘천시,직영기업(상수도),-,033-250-3308,-,-,-,http://www.chuncheon.go.kr/water/index.chuncheon,강대근
지방공공기관,춘천시하수도,춘천시하수도,본점,강원특별자치도 춘천시,직영기업(하수도),-,033-250-3308,-,-,-,http://www.chuncheon.go.kr/water/index.chuncheon,강대근
지방공공기관,춘천시공영개발,춘천시공영개발,본점,강원특별자치도 춘천시,직영기업(공영개발),-,033-250-4441,-,-,-,http://www.chuncheon.go.kr,윤여준
지방공공기관,춘천도시공사,춘천도시공사,본점,강원특별자치도 춘천시,지방공사(기타공사),-,033-262-6312,-,-,-,https://www.cuc.or.kr,홍영
지방공공기관,원주시상수도,원주시상수도,본점,강원특별자치도 원주시,직영기업(상수도),-,033-737-4505,-,-,-,http://www.wonju.go.kr/sudo/index.do,문범주
지방공공기관,원주시하수도,원주시하수도,본점,강원특별자치도 원주시,직영기업(하수도),-,033-737-4261,-,-,-,http://www.wonju.go.kr/sudo/index.do,이병선
지방공공기관,원주시공영개발,원주시공영개발,본점,강원특별자치도 원주시,직영기업(공영개발),-,033-737-3914,-,-,-,http://www.wonju.go.kr/city/index.do,이병철
지방공공기관,원주시시설관리공단,원주시시설관리공단,본점,강원특별자치도 원주시,지방공단(시설관리공단),-,033-749-1700,-,-,-,https://wfmc.wonju.go.kr,조남현
지방공공기관,강릉시상수도,강릉시상수도,본점,강원특별자치도 강릉시,직영기업(상수도),-,033-640-5479,-,-,-,http://www.gangneung.go.kr,-
지방공공기관,강릉시하수도,강릉시하수도,본점,강원특별자치도 강릉시,직영기업(하수도),-,033-640-5488,-,-,-,http://www.gn.go.kr,김준회
지방공공기관,강릉시공영개발,강릉시공영개발,본점,강원특별자치도 강릉시,직영기업(공영개발),-,033-640-5479,-,-,-,http://www.gn.go.kr,-
지방공공기관,강릉관광개발공사,강릉관광개발공사,본점,강원특별자치도 강릉시,지방공사(기타공사),-,033-640-9826,-,-,-,http://www.gtdc.or.kr,강희문
지방공공기관,동해시상수도,동해시상수도,본점,강원특별자치도 동해시,직영기업(상수도),-,033-530-2451,-,-,-,http://sudo.dh.go.kr,김형일
지방공공기관,동해시하수도,동해시하수도,본점,강원특별자치도 동해시,직영기업(하수도),-,033-530-2451,-,-,-,http://sudo.dh.go.kr,윤희정
지방공공기관,동해시시설관리공단,동해시시설관리공단,본점,강원특별자치도 동해시,지방공단(시설관리공단),-,033-539-3500,-,-,-,http://www.dhsisul.org,장해주
지방공공기관,태백시상수도,태백시상수도,본점,강원특별자치도 태백시,직영기업(상수도),-,033-550-2732,-,-,-,http://www.taebaek.go.kr/www/index.do,이상호
지방공공기관,태백시시설관리공단,태백시시설관리공단,본점,강원특별자치도 태백시,지방공단(시설관리공단),-,-,-,-,-,-,-
지방공공기관,속초시상수도,속초시상수도,본점,강원특별자치도 속초시,직영기업(상수도),-,033-639-2522,-,-,-,http://sudo.sokcho.go.kr,정연길
지방공공기관,속초시하수도,속초시하수도,본점,강원특별자치도 속초시,직영기업(하수도),-,033-635-4095,-,-,-,http://www.sokcho.go.kr/portal/happysokcho/businessplace/waterenvironment,정연길
지방공공기관,속초시시설관리공단,속초시시설관리공단,본점,강원특별자치도 속초시,지방공단(시설관리공단),-,033-635-0339,-,-,-,http://www.sokchosiseol.or.kr,김태균
지방공공기관,삼척시상수도,삼척시상수도,본점,강원특별자치도 삼척시,직영기업(상수도),-,033-570-3522,-,-,-,http://www.samcheok.go.kr,서용윤
지방공공기관,홍천군상수도,홍천군상수도,본점,강원특별자치도 홍천군,직영기업(상수도),-,033-430-4241,-,-,-,http://www.hongcheon.gangwon.kr/water/index.do,박민영
지방공공기관,영월군상수도,영월군상수도,본점,강원특별자치도 영월군,직영기업(상수도),-,033-370-2421,-,-,-,http://www.yw.go.kr,이관우
지방공공기관,영월군시설관리공단,영월군시설관리공단,본점,강원특별자치도 영월군,지방공단(시설관리공단),-,033-375-6556,-,-,-,http://www.ywfmc.or.kr,원 수 종
지방공공기관,평창군상수도,평창군상수도,본점,강원특별자치도 평창군,직영기업(상수도),-,033-330-2446,-,-,-,http://www.happy700.or.kr/index.happy?menuCd=DOM_000000129000000000,강효덕
지방공공기관,평창군시설관리공단,평창군시설관리공단,본점,강원특별자치도 평창군,지방공단(시설관리공단),-,033-339-9005,-,-,-,https://www.pcfmc.or.kr/,박현창
지방공공기관,정선군상수도,정선군상수도,본점,강원특별자치도 정선군,직영기업(상수도),-,033-560-2527,-,-,-,http://www.jeongseon.go.kr/portal,장만준
지방공공기관,정선군시설관리공단,정선군시설관리공단,본점,강원특별자치도 정선군,지방공단(시설관리공단),-,033-560-3406,-,-,-,http://www.jsimc.or.kr,유영수
지방공공기관,철원군상수도,철원군상수도,본점,강원특별자치도 철원군,직영기업(상수도),-,033-450-5525,-,-,-,http://www.cwg.go.kr,박경우
지방공공기관,인제군상수도,인제군상수도,본점,강원특별자치도 인제군,직영기업(상수도),-,033-460-2141,-,-,-,http://www.inje.go.kr,이상도
지방공공기관,양양군상수도,양양군상수도,본점,강원특별자치도 양양군,직영기업(상수도),-,033-670-2432,-,-,-,http://yangyang.go.kr,이인영
지방공공기관,충북개발공사,충북개발공사,본점,충청북도 충청북도,지방공사(도시개발공사),-,043-210-9100,-,-,-,http://www.cbdc.co.kr,진상화
지방공공기관,청주시상수도,청주시상수도,본점,충청북도 청주시,직영기업(상수도),-,043-201-4462,-,-,-,http://www.cheongju.go.kr/sangsudo/index.do,강호경
지방공공기관,청주시하수도,청주시하수도,본점,충청북도 청주시,직영기업(하수도),-,043-201-4754,-,-,-,http://www.cjcity.net,장상두
지방공공기관,청주시시설관리공단,청주시시설관리공단,본점,충청북도 청주시,지방공단(시설관리공단),-,043-270-7300,-,-,-,http://www.cjsisul.or.kr,유운기
지방공공기관,충주시상수도,충주시상수도,본점,충청북도 충주시,직영기업(상수도),-,043-850-3711,-,-,-,http://www.chungju.go.kr,한인수
지방공공기관,충주시하수도,충주시하수도,본점,충청북도 충주시,직영기업(하수도),-,043-850-3812,-,-,-,https://www.chungju.go.kr/,한인수
지방공공기관,충주시공영개발,충주시공영개발,본점,충청북도 충주시,직영기업(공영개발),-,043-850-0725,-,-,-,https://www.chungju.go.kr/,충주시장 조길형
지방공공기관,충주시시설관리공단,충주시시설관리공단,본점,충청북도 충주시,지방공단(시설관리공단),-,043-830-9200,-,-,-,http://www.cjfmc.or.kr,정광섭
지방공공기관,제천시상수도,제천시상수도,본점,충청북도 제천시,직영기업(상수도),-,043-643-6128,-,-,-,http://water.okjc.net,이승호
지방공공기관,제천시하수도,제천시하수도,본점,충청북도 제천시,직영기업(하수도),-,043-641-3534,-,-,-,http://jcstp.okjc.net,조성원
지방공공기관,옥천군상수도,옥천군상수도,본점,충청북도 옥천군,직영기업(상수도),-,043-730-4824,-,-,-,http://www.oc.go.kr,김희종
지방공공기관,옥천군하수도,옥천군하수도,본점,충청북도 옥천군,직영기업(하수도),-,043-730-4846,-,-,-,http://www.oc.go.kr,김희종
지방공공기관,영동군상수도,영동군상수도,본점,충청북도 영동군,직영기업(상수도),-,043-740-5633,-,-,-,http://yd21.go.kr,김명식
지방공공기관,증평군하수도,증평군하수도,본점,충청북도 증평군,직영기업(하수도),-,043-835-4072,-,-,-,http://www.jp.go.kr,전광식
지방공공기관,진천군상수도,진천군상수도,본점,충청북도 진천군,직영기업(상수도),-,043-539-7613,-,-,-,http://www.jincheon.go.kr,이경희
지방공공기관,진천군하수도,진천군하수도,본점,충청북도 진천군,직영기업(하수도),-,043-539-7613,-,-,-,http://jincheon.go.kr,이경희
지방공공기관,음성군상수도,음성군상수도,본점,충청북도 음성군,직영기업(상수도),-,043-871-2405,-,-,-,http://eumseong.go.kr,서동경
지방공공기관,음성군하수도,음성군하수도,본점,충청북도 음성군,직영기업(하수도),-,043-871-2400,-,-,-,https://www.eumseong.go.kr,서동경
지방공공기관,음성군공영개발,음성군공영개발,본점,충청북도 음성군,직영기업(공영개발),-,043-871-3114,-,-,-,http://www.eumseong.go.kr,박노학
지방공공기관,단양군상수도,단양군상수도,본점,충청북도 단양군,직영기업(상수도),-,043-420-3153,-,-,-,http://www.danyang.go.kr,이혜옥
지방공공기관,단양관광공사,단양관광공사,본점,충청북도 단양군,지방공사(기타공사),-,043-8075-4378,-,-,-,www.dytc.or.kr,사장/김광표
지방공공기관,단양관광관리공단,단양관광관리공단,본점,충청북도 단양군,지방공단(시설관리공단),-,043-1670-8114,-,-,-,http://www.dtmc.or.kr,신경주
지방공공기관,충청남도개발공사,충청남도개발공사,본점,충청남도 충청남도,지방공사(도시개발공사),-,041-630-7800,-,-,-,http://www.cndc.kr/,김병근
지방공공기관,천안시상수도,천안시상수도,본점,충청남도 천안시,직영기업(상수도),-,041-521-3111,-,-,-,http://water.cheonan.go.kr,채수봉
지방공공기관,천안시하수도,천안시하수도,본점,충청남도 천안시,직영기업(하수도),-,041-521-3111,-,-,-,http://water.cheonan.go.kr,채수봉
지방공공기관,천안시공영개발,천안시공영개발,본점,충청남도 천안시,직영기업(공영개발),-,041-521-2751,-,-,-,http://www.cheonan.go.kr/city.do,차명국
지방공공기관,천안도시공사,천안도시공사,본점,충청남도 천안시,지방공사(기타공사),-,041-559-3602,-,-,-,http://www.cfmc.or.kr,한동흠
지방공공기관,천안시시설관리공단,천안시시설관리공단,본점,충청남도 천안시,지방공단(시설관리공단),-,041-559-3602,-,-,-,http://www.cfmc.or.kr/,한동흠
지방공공기관,공주시상수도,공주시상수도,본점,충청남도 공주시,직영기업(상수도),-,041-840-8593,-,-,-,http://sudo.gongju.go.kr/,이상률
지방공공기관,공주시하수도,공주시하수도,본점,충청남도 공주시,직영기업(하수도),-,041-840-8593,-,-,-,http://www.gongju.go.kr,오동기
지방공공기관,보령시상수도,보령시상수도,본점,충청남도 보령시,직영기업(상수도),-,041-930-4101,-,-,-,http://www.brcn.go.kr/kor/sub07_30.do,방대길(경제도시국장)
지방공공기관,보령시하수도,보령시하수도,본점,충청남도 보령시,직영기업(하수도),-,041-930-4101,-,-,-,http://www.brcn.go.kr/kor/sub07_30.do,방대길(경제도시국장)
지방공공기관,보령시시설관리공단,보령시시설관리공단,본점,충청남도 보령시,지방공단(시설관리공단),-,041-936-1422,-,-,-,http://www.brsisul.or.kr,김호원
지방공공기관,아산시상수도,아산시상수도,본점,충청남도 아산시,직영기업(상수도),-,041-537-3506,-,-,-,http://sudo.asan.go.kr,박태규
지방공공기관,아산시하수도,아산시하수도,본점,충청남도 아산시,직영기업(하수도),-,041-530-6704,-,-,-,http://sudo.asan.go.kr,박태규
지방공공기관,아산시공영개발,아산시공영개발,본점,충청남도 아산시,직영기업(공영개발),-,041-536-8536,-,-,-,http://www.asan.go.kr,오채환
지방공공기관,아산시시설관리공단,아산시시설관리공단,본점,충청남도 아산시,지방공단(시설관리공단),-,041-538-1900,-,-,-,http://asanfmc.or.kr,김효섭
지방공공기관,서산시상수도,서산시상수도,본점,충청남도 서산시,직영기업(상수도),-,041-660-3336,-,-,-,http://www.seosan.go.kr,양은규
지방공공기관,서산시하수도,서산시하수도,본점,충청남도 서산시,직영기업(하수도),-,041-660-2492,-,-,-,http://www.seosan.go.kr,양은규
지방공공기관,논산시상수도,논산시상수도,본점,충청남도 논산시,직영기업(상수도),-,41-746-6352,-,-,-,http://www.nonsan.go.kr/,박 찬 택
지방공공기관,논산시하수도,논산시하수도,본점,충청남도 논산시,직영기업(하수도),-,041-746-6355,-,-,-,http://www.nonsan.go.kr,박찬택
지방공공기관,계룡시상수도,계룡시상수도,본점,충청남도 계룡시,직영기업(상수도),-,042-840-2182,-,-,-,https://www.gyeryong.go.kr,김세겸
지방공공기관,계룡시하수도,계룡시하수도,본점,충청남도 계룡시,직영기업(하수도),-,042-840-2183,-,-,-,https://www.gyeryong.go.kr,-
지방공공기관,계룡시공영개발,계룡시공영개발,본점,충청남도 계룡시,직영기업(공영개발),-,042-840-2911,-,-,-,http://www.gyeryong.go.kr,최재성
지방공공기관,당진시상수도,당진시상수도,본점,충청남도 당진시,직영기업(상수도),-,041-360-6467,-,-,-,http://sudo.dangjin.go.kr,이태환
지방공공기관,당진시하수도,당진시하수도,본점,충청남도 당진시,직영기업(하수도),-,041-360-6461,-,-,-,http://sudo.dangjin.go.kr,이태환
지방공공기관,당진항만관광공사,당진항만관광공사,본점,충청남도 당진시,지방공사(기타공사),-,041-363-9229,-,-,-,http://www.dpto.or.kr,이범재
지방공공기관,금산군상수도,금산군상수도,본점,충청남도 금산군,직영기업(상수도),-,041-750-3554,-,-,-,http://www.geumsan.go.kr,이종규
지방공공기관,금산군하수도,금산군하수도,본점,충청남도 금산군,직영기업(하수도),-,041-750-3554,-,-,-,www.geumsan.go.kr,심완보
지방공공기관,부여군상수도,부여군상수도,본점,충청남도 부여군,직영기업(상수도),-,041-830-2651,-,-,-,http://www.buyeo.go.kr,이승희
지방공공기관,부여군하수도,부여군하수도,본점,충청남도 부여군,직영기업(하수도),-,041-830-2656,-,-,-,http://www.buyeo.go.kr,김영일
지방공공기관,부여군시설관리공단,부여군시설관리공단,본점,충청남도 부여군,지방공단(시설관리공단),-,041-835-5509,-,-,-,http://www.buyeofmc.or.kr,윤상철
지방공공기관,서천군상수도,서천군상수도,본점,충청남도 서천군,직영기업(상수도),-,041-950-6800,-,-,-,http://water.seocheon.go.kr/,김응환
지방공공기관,홍성군상수도,홍성군상수도,본점,충청남도 홍성군,직영기업(상수도),-,041-630-9707,-,-,-,http://water.hongseong.go.kr/,길영식
지방공공기관,홍성군하수도,홍성군하수도,본점,충청남도 홍성군,직영기업(하수도),-,041-630-9736,-,-,-,http://www.hongseong.go.kr,길영식
지방공공기관,예산군상수도,예산군상수도,본점,충청남도 예산군,직영기업(상수도),-,041-339-8304,-,-,-,http://www.yesan.go.kr,도 중 선
지방공공기관,예산군하수도,예산군하수도,본점,충청남도 예산군,직영기업(하수도),-,041-339-8323,-,-,-,www.yesan.go.kr,-
지방공공기관,태안군상수도,태안군상수도,본점,충청남도 태안군,직영기업(상수도),-,041-670-5774,-,-,-,http://www.taean.go.kr,이호철
지방공공기관,태안군하수도,태안군하수도,본점,충청남도 태안군,직영기업(하수도),-,041-670-5774,-,-,-,http://www.taean.go.kr,이호철
지방공공기관,전북개발공사,전북개발공사,본점,전북특별자치도 전북특별자치도,지방공사(도시개발공사),-,063-280-7500,-,-,-,http://www.jbdc.co.kr/,최정호
지방공공기관,전주시상수도,전주시상수도,본점,전북특별자치도 전주시,직영기업(상수도),-,063-281-6841,-,-,-,http://www.jeonju.go.kr/water_m,장변호
지방공공기관,전주시하수도,전주시하수도,본점,전북특별자치도 전주시,직영기업(하수도),-,063-281-6885,-,-,-,http://www.jeonju.go.kr/,권혁신
지방공공기관,전주시시설관리공단,전주시시설관리공단,본점,전북특별자치도 전주시,지방공단(시설관리공단),-,063-239-2500,-,-,-,http://www.jjss.or.kr,구대식
지방공공기관,군산시상수도,군산시상수도,본점,전북특별자치도 군산시,직영기업(상수도),-,063-454-5350,-,-,-,http://www.gunsan.go.kr,한유자
지방공공기관,군산시하수도,군산시하수도,본점,전북특별자치도 군산시,직영기업(하수도),-,063-454-5450,-,-,-,http://gunsan.go.kr,진희병
지방공공기관,익산시상수도,익산시상수도,본점,전북특별자치도 익산시,직영기업(상수도),-,063-859-4352,-,-,-,http://www.iksan.go.kr/index.iksan,김형훈
지방공공기관,익산시하수도,익산시하수도,본점,전북특별자치도 익산시,직영기업(하수도),-,063-859-4423,-,-,-,http://www.iksan.go.kr,최기현
지방공공기관,익산시공영개발,익산시공영개발,본점,전북특별자치도 익산시,직영기업(공영개발),-,063-859-4516,-,-,-,http://www.iksan.go.kr/index.iksan,이명천
지방공공기관,익산시도시관리공단,익산시도시관리공단,본점,전북특별자치도 익산시,지방공단(시설관리공단),-,063-839-2888,-,-,-,http://www.iksancmc.or.kr,심보균 이사장
지방공공기관,정읍시상수도,정읍시상수도,본점,전북특별자치도 정읍시,직영기업(상수도),-,063-539-5050,-,-,-,http://www.jeongeup.go.kr,최홍규
지방공공기관,정읍시하수도,정읍시하수도,본점,전북특별자치도 정읍시,직영기업(하수도),-,063-539-5050,-,-,-,http://www.jeongeup.go.kr,최홍규
지방공공기관,남원시상수도,남원시상수도,본점,전북특별자치도 남원시,직영기업(상수도),-,063-620-6860,-,-,-,http://water.namwon.go.kr/index.nwn,이영근
지방공공기관,남원시하수도,남원시하수도,본점,전북특별자치도 남원시,직영기업(하수도),-,063-620-5800,-,-,-,http://www.namwon.go.kr,완길성
지방공공기관,김제시상수도,김제시상수도,본점,전북특별자치도 김제시,직영기업(상수도),-,063-540-3087,-,-,-,http://www.gimje.go.kr,박민우
지방공공기관,김제시하수도,김제시하수도,본점,전북특별자치도 김제시,직영기업(하수도),-,063-540-3912,-,-,-,http://www.gimje.go.kr,박민우
지방공공기관,완주군상수도,완주군상수도,본점,전북특별자치도 완주군,직영기업(상수도),-,063-290-3340,-,-,-,http://www.wanju.go.kr/,완주군 하수도공기업/조영식
지방공공기관,완주군하수도,완주군하수도,본점,전북특별자치도 완주군,직영기업(하수도),-,063-290-3361,-,-,-,http://www.wanju.go.kr/,완주군 하수도공기업/조영식
지방공공기관,완주군시설관리공단,완주군시설관리공단,본점,전북특별자치도 완주군,지방공단(시설관리공단),-,-,-,-,-,-,-
지방공공기관,장수한우지방공사,장수한우지방공사,본점,전북특별자치도 장수군,지방공사(기타공사),-,063-351-0666,-,-,-,http://www.jshanwoo.com,성수영
지방공공기관,고창군상수도,고창군상수도,본점,전북특별자치도 고창군,직영기업(상수도),-,063-560-8973,-,-,-,http://www.gochang.go.kr/,김철태
지방공공기관,부안군상수도,부안군상수도,본점,전북특별자치도 부안군,직영기업(상수도),-,063-580-3861,-,-,-,http://www.buan.go.kr/water/index.buan,김종택
지방공공기관,전남개발공사,전남개발공사,본점,전라남도 전라남도,지방공사(도시개발공사),-,061-280-0600,-,-,-,http://www.jndc.co.kr,장충모
지방공공기관,목포시상수도,목포시상수도,본점,전라남도 목포시,직영기업(상수도),-,061-270-3522,-,-,-,http://www.mokpo.go.kr/www/life_welfare/water_quality,김동윤
지방공공기관,목포시하수도,목포시하수도,본점,전라남도 목포시,직영기업(하수도),-,061-270-3533,-,-,-,http://www.mokpo.go.kr/www/life_welfare/water_quality,맑은물사업단장
지방공공기관,목포시공영개발,목포시공영개발,본점,전라남도 목포시,직영기업(공영개발),-,061-270-3443,-,-,-,http://www.mokpo.go.kr,-
지방공공기관,여수시상수도,여수시상수도,본점,전라남도 여수시,직영기업(상수도),-,061-659-4852,-,-,-,http://www.yswater.go.kr/,오정환
지방공공기관,여수시하수도,여수시하수도,본점,전라남도 여수시,직영기업(하수도),-,061-659-4977,-,-,-,http://yeosu.go.kr,오정환
지방공공기관,여수시도시관리공단,여수시도시관리공단,본점,전라남도 여수시,지방공단(시설관리공단),-,061-662-8204,-,-,-,http://www.yumcorp.or.kr,김유화
지방공공기관,순천시상수도,순천시상수도,본점,전라남도 순천시,직영기업(상수도),-,061-749-6457,-,-,-,http://suncheon.go.kr,정영고
지방공공기관,순천시하수도,순천시하수도,본점,전라남도 순천시,직영기업(하수도),-,061-749-6445,-,-,-,http://suncheon.go.kr,신봉현
지방공공기관,순천시공영개발,순천시공영개발,본점,전라남도 순천시,직영기업(공영개발),-,061-749-6306,-,-,-,http://www.suncheon.go.kr,이영오
지방공공기관,나주시상수도,나주시상수도,본점,전라남도 나주시,직영기업(상수도),-,061-339-7641,-,-,-,http://naju.go.kr,강영구
지방공공기관,나주시하수도,나주시하수도,본점,전라남도 나주시,직영기업(하수도),-,061-339-7641,-,-,-,http://naju.go.kr,조재윤
지방공공기관,광양시상수도,광양시상수도,본점,전라남도 광양시,직영기업(상수도),-,061-797-3581,-,-,-,http://www.gwangyang.go.kr/index.gwangyang?menuCd=DOM_000000105005004005,최성철
지방공공기관,광양시하수도,광양시하수도,본점,전라남도 광양시,직영기업(하수도),-,061-797-3174,-,-,-,http://www.gwangyang.go.kr,김복덕
지방공공기관,광양시공영개발,광양시공영개발,본점,전라남도 광양시,직영기업(공영개발),-,061-797-2425,-,-,-,http://www.gwangyang.go.kr,박문수
지방공공기관,화순군상수도,화순군상수도,본점,전라남도 화순군,직영기업(상수도),-,061-379-3851,-,-,-,http://www.hwasun.go.kr,상하수도사업소장 홍정용
지방공공기관,화순군하수도,화순군하수도,본점,전라남도 화순군,직영기업(하수도),-,061-379-3851,-,-,-,http://www.hwasun.go.kr,-
지방공공기관,영암군상수도,영암군상수도,본점,전라남도 영암군,직영기업(상수도),-,061-470-6712,-,-,-,http://water.yeongam.go.kr,민일기
지방공공기관,영암군하수도,영암군하수도,본점,전라남도 영암군,직영기업(하수도),-,061-470-6712,-,-,-,http://water.yeongam.go.kr,민일기
지방공공기관,영광군상수도,영광군상수도,본점,전라남도 영광군,직영기업(상수도),-,061-350-5905,-,-,-,http://www.yeonggwang.go.kr,정만철
지방공공기관,영광군하수도,영광군하수도,본점,전라남도 영광군,직영기업(하수도),-,061-350-5905,-,-,-,http://www.yeonggwang.go.kr,강무성
지방공공기관,경상북도개발공사,경상북도개발공사,본점,경상북도 경상북도,지방공사(도시개발공사),-,054-650-3000,-,-,-,http://www.gbdc.co.kr,이재혁
지방공공기관,경상북도문화관광공사,경상북도문화관광공사,본점,경상북도 경상북도,지방공사(기타공사),-,054-745-7601,-,-,-,http://www.igcto.or.kr,김남일
지방공공기관,포항시상수도,포항시상수도,본점,경상북도 포항시,직영기업(상수도),-,054-270-5311,-,-,-,http://water.pohang.go.kr/water,손정호
지방공공기관,포항시하수도,포항시하수도,본점,경상북도 포항시,직영기업(하수도),-,054-270-5311,-,-,-,http://water.pohang.go.kr/water,예은희
지방공공기관,포항시시설관리공단,포항시시설관리공단,본점,경상북도 포항시,지방공단(시설관리공단),-,054-280-9300,-,-,-,http://www.phsisul.org,김복조
지방공공기관,경주시상수도,경주시상수도,본점,경상북도 경주시,직영기업(상수도),-,054-760-7802,-,-,-,http://www.gyeongju.go.kr/,박효철
지방공공기관,경주시하수도,경주시하수도,본점,경상북도 경주시,직영기업(하수도),-,054-779-8805,-,-,-,http://www.gyeongju.go.kr/open_content/ko/index.do,김진태
지방공공기관,경주시시설관리공단,경주시시설관리공단,본점,경상북도 경주시,지방공단(시설관리공단),-,054-750-8500,-,-,-,http://www.gjfmc.or.kr,정태룡/경주시시설관리공단
지방공공기관,김천시상수도,김천시상수도,본점,경상북도 김천시,직영기업(상수도),-,054-420-6362,-,-,-,http://www.gimcheon.go.kr,강연진
지방공공기관,김천시하수도,김천시하수도,본점,경상북도 김천시,직영기업(하수도),-,054-420-6362,-,-,-,http://gimcheon.go.kr,강연진
지방공공기관,김천시시설관리공단,김천시시설관리공단,본점,경상북도 김천시,지방공단(시설관리공단),-,054-421-1614,-,-,-,www.gcfmc.or.kr,김재광
지방공공기관,안동시상수도,안동시상수도,본점,경상북도 안동시,직영기업(상수도),-,054-840-5711,-,-,-,http://www.andong.go.kr/,김도선
지방공공기관,안동시하수도,안동시하수도,본점,경상북도 안동시,직영기업(하수도),-,054-840-5711,-,-,-,https://www.andong.go.kr/dept/city/contents.do?mId=0101060000,김도선
지방공공기관,안동시시설관리공단,안동시시설관리공단,본점,경상북도 안동시,지방공단(시설관리공단),-,054-850-4500,-,-,-,http://www.andongsisul.or.kr,이재환 이사장
지방공공기관,구미시상수도,구미시상수도,본점,경상북도 구미시,직영기업(상수도),-,054-480-4415,-,-,-,http://water.gumi.go.kr,박영일
지방공공기관,구미시하수도,구미시하수도,본점,경상북도 구미시,직영기업(하수도),-,054-480-4415,-,-,-,http://water.gumi.go.kr,박영일
지방공공기관,구미도시공사,구미도시공사,본점,경상북도 구미시,지방공사(기타공사),-,054-480-2000,-,-,-,www.gmuc.or.kr,구미도시공사 / 이재웅
지방공공기관,구미시설공단(폐지),구미시설공단(폐지),본점,경상북도 구미시,지방공단(시설관리공단),-,054-480-2000,-,-,-,http://www.ginco.or.kr,이재웅
지방공공기관,영주시상수도,영주시상수도,본점,경상북도 영주시,직영기업(상수도),-,054-639-7261,-,-,-,http://water.yeongju.go.kr,신상철
지방공공기관,영주시하수도,영주시하수도,본점,경상북도 영주시,직영기업(하수도),-,054-639-7784,-,-,-,http://www.yeongju.go.kr/open_content/yj/environmentwork/index.do,박종호
지방공공기관,영천시상수도,영천시상수도,본점,경상북도 영천시,직영기업(상수도),-,054-339-7660,-,-,-,https://www.yc.go.kr/depart/contents.do?mId=0502010000,이상재
지방공공기관,영천시하수도,영천시하수도,본점,경상북도 영천시,직영기업(하수도),-,054-339-7555,-,-,-,http://www.yc.go.kr,이한진
지방공공기관,영천시시설관리공단,영천시시설관리공단,본점,경상북도 영천시,지방공단(시설관리공단),-,054-330-2711,-,-,-,https://www.yc.or.kr/main.do,양병태
지방공공기관,상주시상수도,상주시상수도,본점,경상북도 상주시,직영기업(상수도),-,054-533-3000,-,-,-,http://www.sangju.go.kr/dept/index.jsp?dept_code=DEPT_WATER&home_url=dept,최원수
지방공공기관,상주시하수도,상주시하수도,본점,경상북도 상주시,직영기업(하수도),-,054-537-8774,-,-,-,http://www.sangju.go.kr/dept/index.jsp?dept_code=DEPT_WATER&home_url=dept,최원수
지방공공기관,문경시상수도,문경시상수도,본점,경상북도 문경시,직영기업(상수도),-,054-550-8311,-,-,-,http://www.gbmg.go.kr,천문용
지방공공기관,문경시하수도,문경시하수도,본점,경상북도 문경시,직영기업(하수도),-,054-550-8422,-,-,-,https://www.gbmg.go.kr/portal/contents.do?mId=0606060100,김영길
지방공공기관,문경관광진흥공단,문경관광진흥공단,본점,경상북도 문경시,지방공단(시설관리공단),-,054-553-3107,-,-,-,http://www.mgtpcr.or.kr,문경관광진흥공단이사장
지방공공기관,경산시상수도,경산시상수도,본점,경상북도 경산시,직영기업(상수도),-,053-810-5603,-,-,-,http://www.gbgs.go.kr/,이동열
지방공공기관,경산시하수도,경산시하수도,본점,경상북도 경산시,직영기업(하수도),-,053-810-5613,-,-,-,http://www.gbgs.go.kr/,조순구
지방공공기관,의성군상수도,의성군상수도,본점,경상북도 의성군,직영기업(상수도),-,054-830-6961,-,-,-,http://www.usc.go.kr/uiseong_information/department/waterworks,안국현
지방공공기관,영양고추유통공사,영양고추유통공사,본점,경상북도 영양군,지방공사(기타공사),-,054-680-9000,-,-,-,http://www.yyrptc.or.kr,최현동
지방공공기관,영덕군상수도,영덕군상수도,본점,경상북도 영덕군,직영기업(상수도),-,054-730-6005,-,-,-,http://www.yd.go.kr,강신열
지방공공기관,영덕군하수도,영덕군하수도,본점,경상북도 영덕군,직영기업(하수도),-,054-730-6372,-,-,-,http://www.yd.go.kr/?page_id=239,김동희
지방공공기관,청도공영사업공사,청도공영사업공사,본점,경상북도 청도군,지방공사(기타공사),-,054-370-7500,-,-,-,http://www.cpc.or.kr,이은희
지방공공기관,칠곡군상수도,칠곡군상수도,본점,경상북도 칠곡군,직영기업(상수도),-,054-979-8343,-,-,-,http://waterwork.chilgok.go.kr,이홍규
지방공공기관,칠곡군하수도,칠곡군하수도,본점,경상북도 칠곡군,직영기업(하수도),-,054-979-8345,-,-,-,http://waterwork.chilgok.go.kr,이홍규
지방공공기관,예천군상수도,예천군상수도,본점,경상북도 예천군,직영기업(상수도),-,054-650-6375,-,-,-,http://www.ycg.kr,전재업
지방공공기관,예천군하수도,예천군하수도,본점,경상북도 예천군,직영기업(하수도),-,054-650-6378,-,-,-,http://www.ycg.kr/,이규삼
지방공공기관,울진군상수도,울진군상수도,본점,경상북도 울진군,직영기업(상수도),-,054-789-5300,-,-,-,http://www.uljin.go.kr,김재준
지방공공기관,경남개발공사,경남개발공사,본점,경상남도 경상남도,지방공사(도시개발공사),-,055-269-0420,-,-,-,http://www.gndc.co.kr,김권수
지방공공기관,창원시상수도,창원시상수도,본점,경상남도 창원시,직영기업(상수도),-,055-225-6201,-,-,-,http://changwon.go.kr/water,이종덕
지방공공기관,창원시하수도,창원시하수도,본점,경상남도 창원시,직영기업(하수도),-,055-225-6584,-,-,-,http://hasudo.changwon.go.kr/,-
지방공공기관,창원시주택건설사업,창원시주택건설사업,본점,경상남도 창원시,직영기업(공영개발),-,055-225-4171,-,-,-,http://www.changwon.go.kr/,-
지방공공기관,창원시설공단,창원시설공단,본점,경상남도 창원시,지방공단(시설관리공단),-,055-712-0114,-,-,-,http://www.cwsisul.or.kr,김종해 이사장
지방공공기관,창원레포츠파크,창원레포츠파크,본점,경상남도 창원시,지방공단(경륜공단),-,055-239-1111,-,-,-,https://www.lepopark.or.kr,이호국
지방공공기관,진주시상수도,진주시상수도,본점,경상남도 진주시,직영기업(상수도),-,055-749-5811,-,-,-,https://www.jinju.go.kr/00135/01112/01330.web,김병무
지방공공기관,진주시하수도,진주시하수도,본점,경상남도 진주시,직영기업(하수도),-,055-749-5831,-,-,-,http://www.jinju.go.kr/00135/01112/04840.web,김병무
지방공공기관,진주시공영개발,진주시공영개발,본점,경상남도 진주시,직영기업(공영개발),-,055-749-5511,-,-,-,http://www.jinju.go.kr,김천수
지방공공기관,진주시시설관리공단,진주시시설관리공단,본점,경상남도 진주시,지방공단(시설관리공단),-,-,-,-,-,-,-
지방공공기관,통영시상수도,통영시상수도,본점,경상남도 통영시,직영기업(상수도),-,055-650-6411,-,-,-,http://www.tongyeong.go.kr,김용우
지방공공기관,통영시하수도,통영시하수도,본점,경상남도 통영시,직영기업(하수도),-,055-650-6440,-,-,-,http://www.tongyeong.go.kr/00001/00139/00247.web,조철규
지방공공기관,통영관광개발공사,통영관광개발공사,본점,경상남도 통영시,지방공사(기타공사),-,055-649-3804,-,-,-,http://www.ttdc.kr,김용우
지방공공기관,사천시상수도,사천시상수도,본점,경상남도 사천시,직영기업(상수도),-,055-831-5541,-,-,-,http://www.sacheon.go.kr,상하수도사업소장 김정문
지방공공기관,사천시하수도,사천시하수도,본점,경상남도 사천시,직영기업(하수도),-,055-831-5505,-,-,-,http://www.sacheon.go.kr,이윤식
지방공공기관,사천시시설관리공단,사천시시설관리공단,본점,경상남도 사천시,지방공단(시설관리공단),-,055-831-7200,-,-,-,http://scfmc.or.kr,한재천
지방공공기관,김해시상수도,김해시상수도,본점,경상남도 김해시,직영기업(상수도),-,055-330-2801,-,-,-,http://water.gimhae.go.kr,강삼성
지방공공기관,김해시하수도,김해시하수도,본점,경상남도 김해시,직영기업(하수도),-,055-330-3983,-,-,-,http://www.gimhae.go.kr,김해시 상하수도사업소장
지방공공기관,김해시도시개발공사,김해시도시개발공사,본점,경상남도 김해시,지방공사(기타공사),-,055-323-7310,-,-,-,http://www.ghdc.or.kr,김해시도시개발공사/최기영
지방공공기관,밀양시상수도,밀양시상수도,본점,경상남도 밀양시,직영기업(상수도),-,055-359-5393,-,-,-,http://www.miryang.go.kr,하영삼
지방공공기관,밀양시하수도,밀양시하수도,본점,경상남도 밀양시,직영기업(하수도),-,055-359-5417,-,-,-,http://miryang.go.kr,하영삼
지방공공기관,밀양시시설관리공단,밀양시시설관리공단,본점,경상남도 밀양시,지방공단(시설관리공단),-,055-359-4600,-,-,-,http://www.myfmc.or.kr/,최영태
지방공공기관,거제시상수도,거제시상수도,본점,경상남도 거제시,직영기업(상수도),-,055-639-4884,-,-,-,www.geoje.go.kr,옥주원
지방공공기관,거제시하수도,거제시하수도,본점,경상남도 거제시,직영기업(하수도),-,055-639-4906,-,-,-,http://www.geoje.go.kr,이권우
지방공공기관,거제해양관광개발공사,거제해양관광개발공사,본점,경상남도 거제시,지방공사(기타공사),-,055-639-8102,-,-,-,http://www.gmdc.co.kr,정연송
지방공공기관,양산시상수도,양산시상수도,본점,경상남도 양산시,직영기업(상수도),-,055-392-5402,-,-,-,http://water.yangsan.go.kr,-
지방공공기관,양산시하수도,양산시하수도,본점,경상남도 양산시,직영기업(하수도),-,055-392-5451,-,-,-,http://www.yangsan.go.kr/water/main.do,양산시 상하수도사업소장
지방공공기관,양산시시설관리공단,양산시시설관리공단,본점,경상남도 양산시,지방공단(시설관리공단),-,055-379-8500,-,-,-,http://www.yssisul.or.kr,박성관
지방공공기관,의령친환경골프장관리사업소,의령친환경골프장관리사업소,본점,경상남도 의령군,직영기업(공영개발),-,055-570-2942,-,-,-,https://golf.uiryeong.go.kr,-
지방공공기관,함안군상수도,함안군상수도,본점,경상남도 함안군,직영기업(상수도),-,055-580-3701,-,-,-,http://water.haman.go.kr,이병철
지방공공기관,함안지방공사,함안지방공사,본점,경상남도 함안군,지방공사(기타공사),-,055-584-2100,-,-,-,http://www.halc.co.kr,-
지방공공기관,창녕군상수도,창녕군상수도,본점,경상남도 창녕군,직영기업(상수도),-,02-3422-4831,-,-,-,http://www.cng.go.kr/life.web,최진호
지방공공기관,창녕군하수도,창녕군하수도,본점,경상남도 창녕군,직영기업(하수도),-,055-530-6452,-,-,-,http://www.cng.go.kr/life.web,이진규
지방공공기관,창녕군시설관리공단,창녕군시설관리공단,본점,경상남도 창녕군,지방공단(시설관리공단),-,055-533-9942,-,-,-,https://cfmc.kr/,김양득
지방공공기관,고성군상수도,고성군상수도,본점,경상남도 고성군,직영기업(상수도),-,055-670-4405,-,-,-,www.goseong.go.kr,박성준
지방공공기관,고성군하수도,고성군하수도,본점,경상남도 고성군,직영기업(하수도),-,055-670-4403,-,-,-,www.goseong.go.kr,박성준
지방공공기관,거창군상수도,거창군상수도,본점,경상남도 거창군,직영기업(상수도),-,055-940-8412,-,-,-,https://www.geochang.go.kr/department/Index.do?deptCd=d5470059,김정연
지방공공기관,거창군하수도,거창군하수도,본점,경상남도 거창군,직영기업(하수도),-,055-940-8430,-,-,-,https://www.geochang.go.kr/department/Index.do?deptCd=d5470059,김현태
지방공공기관,합천군상수도,합천군상수도,본점,경상남도 합천군,직영기업(상수도),-,055-930-4674,-,-,-,http://www.hc.go.kr,해당없음
지방공공기관,합천군시설관리공단,합천군시설관리공단,본점,경상남도 합천군,지방공단(시설관리공단),-,055-930-8600,-,-,-,www.hfmc.or.kr,조수일 이사장
지방공공기관,제주특별자치도상수도,제주특별자치도상수도,본점,제주특별자치도 제주특별자치도,직영기업(상수도),-,064-750-7734,-,-,-,http://www.jejuwater.go.kr,안우진
지방공공기관,제주특별자치도하수도,제주특별자치도하수도,본점,제주특별자치도 제주특별자치도,직영기업(하수도),-,064-750-7731,-,-,-,http://www.jejuwater.go.kr,안우진
지방공공기관,제주특별자치도공영버스,제주특별자치도공영버스,본점,제주특별자치도 제주특별자치도,직영기업(자동차운송),-,064-710-4352,-,-,-,-,-
지방공공기관,제주특별자치도개발공사,제주특별자치도개발공사,본점,제주특별자치도 제주특별자치도,지방공사(도시개발공사),-,064-780-3300,-,-,-,http://www.jpdc.co.kr,제주특별자치도개발공사 / 백경훈
지방공공기관,제주관광공사,제주관광공사,본점,제주특별자치도 제주특별자치도,지방공사(기타공사),-,064-740-6000,-,-,-,http://www.ijto.or.kr,제주관광공사/고승철
지방공공기관,제주에너지공사,제주에너지공사,본점,제주특별자치도 제주특별자치도,지방공사(기타공사),-,064-720-7400,-,-,-,http://www.jejuenergy.or.kr,김호민
지방공공기관,서울관광재단,서울관광재단,본점,서울특별시 서울특별시,출연기관(문화),"서울특별시 종로구 청계천로 85 삼일빌딩(1층 일부, 4~11층)",02-3788-0800,-,-,-,http://www.sto.or.kr/,길기연
지방공공기관,서울디자인재단,서울디자인재단,본점,서울특별시 서울특별시,출연기관(문화),서울특별시 종로구 율곡로 283(종로6가),02-2096-0000,-,-,-,http://www.seouldesign.or.kr,이경돈
지방공공기관,서울문화재단,서울문화재단,본점,서울특별시 서울특별시,출연기관(문화),서울특별시 동대문구 청계천로 517,02-3290-7000,-,-,-,https://www.sfac.or.kr/,이창기
지방공공기관,서울시립교향악단,서울시립교향악단,본점,서울특별시 서울특별시,출연기관(문화),서울특별시 종로구 세종대로 175,02-3700-6345,-,-,-,www.seoulphil.or.kr,손은경
지방공공기관,세종문화회관,세종문화회관,본점,서울특별시 서울특별시,출연기관(문화),서울특별시 종로구 세종대로 175,02-399-1000,-,-,-,https://www.sejongpac.or.kr/,안호상
지방공공기관,서울시복지재단,서울시복지재단,본점,서울특별시 서울특별시,출연기관(복지자원봉사),"(우) 04147 서울시 마포구 백범로31길21, 서울시복지재단",1670-5755,-,-,-,https://www.welfare.seoul.kr/,김상철
지방공공기관,서울특별시 사회서비스원,서울특별시 사회서비스원,본점,서울특별시 서울특별시,출연기관(복지자원봉사),-,-,-,-,-,https://seoul.pass.or.kr,윤재삼(원장 직무대행)
지방공공기관,서울특별시50플러스재단,서울특별시50플러스재단,본점,서울특별시 서울특별시,출연기관(복지자원봉사),"서울시 마포구 백범로31길21, 서울복지타운 3층",02-460-5050,-,-,-,http://50plus.or.kr/,-
지방공공기관,서울신용보증재단,서울신용보증재단,본점,서울특별시 서울특별시,출연기관(신용보증),"서울특별시 마포구 마포대로 163 (공덕동, 서울신용보증재단빌딩)",02-1577-6119,-,-,-,http://www.seoulshinbo.co.kr,주철수
지방공공기관,서울시여성가족재단,서울시여성가족재단,본점,서울특별시 서울특별시,출연기관(여성·청소년),○ 서울특별시 동작구 여의대방로54길 18(대방동),02-810-5000,-,-,-,https://www.seoulwomen.or.kr,정연정
지방공공기관,서울연구원,서울연구원,본점,서울특별시 서울특별시,출연기관(연구원),서울특별시 서초구 남부순환로 340길 57,02-2149-1356,-,-,-,http://www.si.re.kr,박형수
지방공공기관,서울의료원,서울의료원,본점,서울특별시 서울특별시,출연기관(의료원),서울특별시 중랑구 신내로 156,02-2276-7000,-,-,-,https://www.seoulmc.or.kr/site/kr/index.jsp,이현석
지방공공기관,서울장학재단,서울장학재단,본점,서울특별시 서울특별시,출연기관(장학),"- 서울특별시 마포구 마포대로163, 2층 서울장학재단(공덕동, 서울신용보증재단빌딩)",02-725-2257,-,-,-,www.hissf.or.kr,-
지방공공기관,재단법인 서울경제진흥원,재단법인 서울경제진흥원,본점,서울특별시 서울특별시,출연기관(중소기업진흥),서울특별시 마포구 월드컵북로 400(상암동),02-1577-7119,-,-,-,http://www.sba.seoul.kr,김현우
지방공공기관,120다산콜재단,120다산콜재단,본점,서울특별시 서울특별시,출연기관(기타),서울특별시 동대문구 난계로28길 23(신설동),02-120,-,-,-,https://www.120dasan.or.kr,이이재
지방공공기관,서울디지털재단,서울디지털재단,본점,서울특별시 서울특별시,출연기관(기타),서울특별시 마포구 매봉산로31 상암에스플렉스센터 스마티움16층,02-570-4600,-,-,-,https://sdf.seoul.kr,강요식
지방공공기관,서울특별시평생교육진흥원,서울특별시평생교육진흥원,본점,서울특별시 서울특별시,출연기관(기타),서울특별시 마포구 새창로 7 14층,02-719-6093,-,-,-,http://smile.seoul.kr/,김주명
지방공공기관,재단법인 서울특별시 미디어재단 티비에스,재단법인 서울특별시 미디어재단 티비에스,본점,서울특별시 서울특별시,출연기관(기타),-,-,-,-,-,http://tbs.seoul.kr,-
지방공공기관,종로문화재단,종로문화재단,본점,서울특별시 종로구,출연기관(문화),"서울특별시 종로구 새문안로41(백강빌딩 4층,5층)",02-6203-1155,-,-,-,www.jfac.or.kr,유광종
지방공공기관,중구문화재단,중구문화재단,본점,서울특별시 중구,출연기관(문화),서울시 중구 퇴계로 287 (흥인동),02-2230-6600,-,-,-,www.caci.or.kr,윤진호
지방공공기관,중구인재육성장학재단,중구인재육성장학재단,본점,서울특별시 중구,출연기관(장학),"서울특별시 중구 창경궁로 17, 교육아동청소년과",02-3396-4662,-,-,-,http://junggujanghak.or.kr/,탁승호
지방공공기관,용산복지재단,용산복지재단,본점,서울특별시 용산구,출연기관(복지자원봉사),"서울시 용산구 이태원로 224-19, 2층 용산복지재단(한남동, 공영주차장)",02-2074-9191,-,-,-,https://www.yswf.or.kr,박기찬
지방공공기관,성동미래일자리(주),성동미래일자리(주),본점,서울특별시 성동구,출자기관(복지),"서울시 성동구 왕십리로 63, 파워스탠드 3층(성수동1가, 언더스탠드에비뉴)",02-499-9898,-,-,-,www.sdjob.co.kr,구임택
지방공공기관,성동문화재단,성동문화재단,본점,서울특별시 성동구,출연기관(문화),서울특별시 성동구 고산자로10길 9,02-2204-7500,-,-,-,www.sdfac.or.kr,정원오
지방공공기관,성동구인재육성장학재단,성동구인재육성장학재단,본점,서울특별시 성동구,출연기관(장학),서울특별시 성동구 고산자로 270 지하1층,02-2286-5860,-,-,-,www.sdsf.or.kr,허범무
지방공공기관,광진문화재단,광진문화재단,본점,서울특별시 광진구,출연기관(문화),"서울특별시 광진구 능동로76, 4층(자양동, 나루아트센터)",02-2049-4700,-,-,-,http://www.naruart.or.kr/,한진섭
지방공공기관,재단법인 광진복지재단,재단법인 광진복지재단,본점,서울특별시 광진구,출연기관(복지자원봉사),"서울특별시 광진구 자양로 95, 5층 (자양동, 도광빌딩)",02-2135-4959,-,-,-,http://www.gwangjinsw.or.kr,김석회
지방공공기관,동대문문화재단,동대문문화재단,본점,서울특별시 동대문구,출연기관(문화),"서울시 동대문구 무학로 44길 38(제기동, 선농단역사문화관)",02-3295-5562,-,-,-,www.ddmac.or.kr,이필형
지방공공기관,재단법인 중랑문화재단,재단법인 중랑문화재단,본점,서울특별시 중랑구,출연기관(문화),"서울특별시 중랑구 망우로 353 (상봉동, 상봉 프레미어스 엠코) B2",02-3407-6511,-,-,-,https://www.jnfac.or.kr/,표재순
지방공공기관,성북문화재단,성북문화재단,본점,서울특별시 성북구,출연기관(문화),서울특별시 성북구 아리랑로12길 4(돈암동),02-2098-4901,-,-,-,www.sbculture.or.kr,서노원
지방공공기관,강북문화재단,강북문화재단,본점,서울특별시 강북구,출연기관(문화),"서울특별시 강북구 삼각산로 85(수유동), 강북문화예술회관 3층",데이터 없음,-,-,-,http://www.gbcf.or.kr/,서강석
지방공공기관,강북구꿈나무키움장학재단,강북구꿈나무키움장학재단,본점,서울특별시 강북구,출연기관(장학),서울특별시 강북구 도봉로89길 13,데이터 없음,-,-,-,구축중,최기석
지방공공기관,도봉문화재단,도봉문화재단,본점,서울특별시 도봉구,출연기관(문화),"서울특별시 도봉구 노해로63길 43, 305.306호(창동, 행정지원센터)",데이터 없음,-,-,-,http://www.dbfac.or.kr,오언석
지방공공기관,노원어르신행복주식회사,노원어르신행복주식회사,본점,서울특별시 노원구,출자기관(복지),"서울특별시 노원구 동일로 1405, 지하1층 (상계동, KB금융 노원플라자)",데이터 없음,-,-,-,https://nowonseniorhappiness.co.kr/nowon/,홍표상
지방공공기관,재단법인 노원문화재단,재단법인 노원문화재단,본점,서울특별시 노원구,출연기관(문화),서울특별시 노원구 중계로 181(중계동),데이터 없음,-,-,-,https://www.nowonarts.kr,김승국
지방공공기관,노원교육복지재단,노원교육복지재단,본점,서울특별시 노원구,출연기관(복지자원봉사),서울 노원구 동일로 1229 3층,02-949-7920,-,-,-,www.newf.or.kr,서영진
지방공공기관,노원환경재단,노원환경재단,본점,서울특별시 노원구,출연기관(기타),서울특별시 노원구 한글비석로97 노원에너지제로주택상가 105호,데이터 없음,-,-,-,http://www.nwgreen.or.kr/,동종인
지방공공기관,은평문화재단,은평문화재단,본점,서울특별시 은평구,출연기관(문화),서울시 은평구 녹번로16 (은평문화예술회관),02-351-3736,-,-,-,https://www.efac.or.kr,김미경
지방공공기관,은평구민장학재단,은평구민장학재단,본점,서울특별시 은평구,출연기관(장학),서울시 은평구 은평로195 은평구청 3층 시민교육과,02-351-8512,-,-,-,www.epjh.or.kr,박광성
지방공공기관,마포문화재단,마포문화재단,본점,서울특별시 마포구,출연기관(문화),서울특별시 마포구 대흥로 20길 28 마포아트센터,02-3274-8500,-,-,-,http://www.mfac.or.kr,송제용
지방공공기관,마포복지재단,마포복지재단,본점,서울특별시 마포구,출연기관(복지자원봉사),"서울특별시 마포구 대흥로24길 50, 1층 마포복지재단",데이터 없음,-,-,-,http://www.mapowf.or.kr,이홍주
지방공공기관,마포인재육성장학재단,마포인재육성장학재단,본점,서울특별시 마포구,출연기관(장학),서울시 마포구 성산로 128 마포중앙도서관 4층,02-3153-6361,-,-,-,http://www.mapojh.or.kr,한일용
지방공공기관,재단법인 양천문화재단,재단법인 양천문화재단,본점,서울특별시 양천구,출연기관(문화),"서울특별시 양천구 목동서로 367, 별관5층(신정동, 양천문화회관)",02-2021-8900,-,-,-,https://yfac.kr/,천동희
지방공공기관,양천사랑복지재단,양천사랑복지재단,본점,서울특별시 양천구,출연기관(복지자원봉사),"서울특별시 양천구 목동동로81, 해누리타운 9층",02-2647-4753,-,-,-,www.eloveyc.or.kr,윤영민
지방공공기관,강서희망나눔복지재단,강서희망나눔복지재단,본점,서울특별시 강서구,출연기관(복지자원봉사),서울특별시 강서구 강서로5길 50(화곡동),02-2695-2626,-,-,-,http://gangseo-nanum.or.kr,고건상
지방공공기관,구로문화재단,구로문화재단,본점,서울특별시 구로구,출연기관(문화),서울특별시 구로구 가마산로25길 9-24,02-2029-1733,-,-,-,https://www.guroartsvalley.or.kr,문헌일
지방공공기관,구로희망복지재단,구로희망복지재단,본점,서울특별시 구로구,출연기관(복지자원봉사),"서울특별시 구로구 새말로18길 39, 1층",02-867-1695,-,-,-,www.gurohope.or.kr,조윤장
지방공공기관,구로구장학회,구로구장학회,본점,서울특별시 구로구,출연기관(장학),"서울특별시 구로구 남부순환로946 (개봉동, 평생학습관)1층",070-4916-2978,-,-,-,www.gurosc.or.kr,재단법인구로구장학회/ 박문영
지방공공기관,금천일자리 주식회사,금천일자리 주식회사,본점,서울특별시 금천구,출자기관(복지),"서울시 금천구 가산디지털2로 14, 201호(가산동, 대륭테크노타운12차)",02-854-9920,-,-,-,www.gcjob.co.kr,서복성
지방공공기관,금천문화재단,금천문화재단,본점,서울특별시 금천구,출연기관(문화),"서울시 금천구 시흥대로73길 67, 금천M타워 10층 1007호",데이터 없음,-,-,-,http://gcfac.or.kr,서영철
지방공공기관,금천미래장학회,금천미래장학회,본점,서울특별시 금천구,출연기관(장학),서울특별시 금천구 시흥대로73길 70,02-2627-2229,-,-,-,http://www.gcmirae.or.kr,박준식
지방공공기관,영등포문화재단,영등포문화재단,본점,서울특별시 영등포구,출연기관(문화),서울특별시 영등포구 국회대로596,02-2629-2205,-,-,-,https://www.ydpcf.or.kr/,최호권
지방공공기관,재단법인 영등포구미래교육재단,재단법인 영등포구미래교육재단,본점,서울특별시 영등포구,출연기관(장학),서울특별시 영등포구 선유동1로 80 영등포구청 별관 G동 2층,데이터 없음,-,-,-,http://www.ydpsf.or.kr,유진현
지방공공기관,대한민국동작주식회사,대한민국동작주식회사,본점,서울특별시 동작구,출자기관(복지),"서울시 동작구 노량진로 140, 2층 대한민국동작주식회사",데이터 없음,-,-,-,http://kdongjak.co.kr,김용덕
지방공공기관,동작문화재단,동작문화재단,본점,서울특별시 동작구,출연기관(문화),서울시 동작구 성대로25가길 8,데이터 없음,-,-,-,http://www.idfac.or.kr,장환진
지방공공기관,동작복지재단,동작복지재단,본점,서울특별시 동작구,출연기관(복지자원봉사),서울특별시 동작구 장승배기로10길 42(상도동),02-822-1083,-,-,-,http://smile-d.or.kr,황동혁
지방공공기관,재단법인 관악문화재단,재단법인 관악문화재단,본점,서울특별시 관악구,출연기관(문화),서울특별시 관악구 신림로3길 35(신림동),02-828-5803,-,-,-,https://www.gfac.or.kr/,차민태
지방공공기관,서초여성일자리주식회사,서초여성일자리주식회사,본점,서울특별시 서초구,출자기관(기타),"서울특별시 서초구 염곡말길 9, 3층(염곡동, 서초50플러스센터)",02-6952-6260,-,-,-,www.swec.co.kr,이재은
지방공공기관,서초문화재단,서초문화재단,본점,서울특별시 서초구,출연기관(문화),"서울시 서초구 사평대로 55, 심산기념문화센터",02-3477-2461,-,-,-,https://www.seochocf.or.kr/,강은경
지방공공기관,서초다산장학재단,서초다산장학재단,본점,서울특별시 서초구,출연기관(장학),서울특별시 서초구 남부순환로 2584 8층 교육체육과 내,02-2155-6416,-,-,-,-,최병설
지방공공기관,우면산내셔널트러스트,우면산내셔널트러스트,본점,서울특별시 서초구,출연기관(기타),"서초구 남부순환로 2584, 서초구청",02-2155-6780,-,-,-,-,-
지방공공기관,강남문화재단,강남문화재단,본점,서울특별시 강남구,출연기관(문화),"서울시 강남구 선릉로668, 5층 강남문화재단",02-6712-0511,-,-,-,https://www.gangnam.go.kr/office/gfac/main.do,이자연
지방공공기관,강남복지재단,강남복지재단,본점,서울특별시 강남구,출연기관(복지자원봉사),서울특별시 강남구 봉은사로 320. 10층,02-3446-1568,-,-,-,http://www.gangnam.go.kr/office/welfare/main.do,심계원
지방공공기관,재단법인 송파문화재단,재단법인 송파문화재단,본점,서울특별시 송파구,출연기관(문화),"서울특별시 송파구 백제고분로42길 5(송파동), 4층",02-420-0088,-,-,-,https://www.songpafac.or.kr/home.do,서강석
지방공공기관,송파구인재육성장학재단,송파구인재육성장학재단,본점,서울특별시 송파구,출연기관(장학),서울특별시 송파구 올림픽로 326,02-2147-2389,-,-,-,http://janghak.songpa.go.kr,문윤환
지방공공기관,재단법인 강동문화재단,재단법인 강동문화재단,본점,서울특별시 강동구,출연기관(문화),서울특별시 강동구 동남로 870,02-440-0500,-,-,-,www.gdfac.or.kr,심우섭
지방공공기관,아시아드CC(주),아시아드CC(주),본점,부산광역시 부산광역시,출자기관(관광),부산광역시 기장군 일광면 차양길 26,051-720-6000,-,-,-,https://www.asiadcc.co.kr/,김도형
지방공공기관,(주)벡스코,(주)벡스코,본점,부산광역시 부산광역시,출자기관(기타),부산 해운대구 APEC로 55,051-740-7316,-,-,-,http://www.bexco.co.kr,손수득
지방공공기관,부산문화재단,부산문화재단,본점,부산광역시 부산광역시,출연기관(문화),부산광역시 남구 우암로 84-1(감만동),051-744-7707,-,-,-,www.bscf.or.kr,이미연
지방공공기관,부산문화회관,부산문화회관,본점,부산광역시 부산광역시,출연기관(문화),부산광역시 남구 유엔평화로76번길 1(대연동),051-607-6000,-,-,-,www.bscc.or.kr,이정필
지방공공기관,영화의전당,영화의전당,본점,부산광역시 부산광역시,출연기관(문화),부산광역시 해운대구 수영강변대로 120,051-780-6000,-,-,-,http://www.dureraum.org,김진해
지방공공기관,재단법인 부산광역시사회서비스원,재단법인 부산광역시사회서비스원,본점,부산광역시 부산광역시,출연기관(복지자원봉사),부산광역시 동래구 낙민로 25(낙민동) 부산사회복지종합센터 4층,051-861-8101,-,-,-,https://busan.pass.or.kr/,유규원
지방공공기관,부산신용보증재단,부산신용보증재단,본점,부산광역시 부산광역시,출연기관(신용보증),"부산광역시 부산진구 진연로 15(양정동, 부산신용보증재단빌딩)",051-860-6600,-,-,-,http://www.busansinbo.or.kr,성동화
지방공공기관,부산여성가족과 평생교육진흥원,부산여성가족과 평생교육진흥원,본점,부산광역시 부산광역시,출연기관(여성·청소년),부산광역시 북구 효열로 256(금곡동),051-330-3400,-,-,-,www.bgli.re.kr,오경은
지방공공기관,재단법인 부산산업과학혁신원,재단법인 부산산업과학혁신원,본점,부산광역시 부산광역시,출연기관(연구원),-,-,-,-,-,https://www.bistep.re.kr/,서용철
지방공공기관,재단법인 부산연구원,재단법인 부산연구원,본점,부산광역시 부산광역시,출연기관(연구원),"부산광역시 중앙대로 955, 상수도사업본부 8,9층",051-860-8612,-,-,-,www.bdi.re.kr,신현석
지방공공기관,부산의료원,부산의료원,본점,부산광역시 부산광역시,출연기관(의료원),부산광역시 연제구 월드컵대로 359,051-507-3000,-,-,-,https://www.busanmc.or.kr/busanmc/,김휘택
지방공공기관,부산경제진흥원,부산경제진흥원,본점,부산광역시 부산광역시,출연기관(중소기업진흥),"부산광역시 연제구 중앙대로 1090 프라임시티 B/D 3,4층",051-600-1741,-,-,-,www.bepa.kr,진양현
지방공공기관,재단법인 부산디자인진흥원,재단법인 부산디자인진흥원,본점,부산광역시 부산광역시,출연기관(중소기업진흥),부산광역시 해운대구 센텀동로 57,051-790-1000,-,-,-,www.dcb.or.kr,강필현
지방공공기관,부산정보산업진흥원,부산정보산업진흥원,본점,부산광역시 부산광역시,출연기관(지식정보산업),"부산광역시 해운대구 센텀동로41, 재단법인 부산정보산업진흥원",051-731-6660,-,-,-,www.busanit.or.kr,정문섭
지방공공기관,부산테크노파크,부산테크노파크,본점,부산광역시 부산광역시,출연기관(테크노파크),부산광역시 강서구 과학산단1로60번길 31(지사동),051-974-9000,-,-,-,https://www.btp.or.kr,김형균
지방공공기관,재단법인부산광역시글로벌도시재단,재단법인부산광역시글로벌도시재단,본점,부산광역시 부산광역시,출연기관(기타),부산시 연제구 중앙대로 1000 국민연금부산회관 13층,051-923-6803,-,-,-,www.bfic.kr,전용우
지방공공기관,중구장학회,중구장학회,본점,부산광역시 중구,출연기관(장학),부산 중구 중구로 120,데이터 없음,-,-,-,http://www.bsjunggu.go.kr/lll/index.junggu,김현진
지방공공기관,부산서구장학회,부산서구장학회,본점,부산광역시 서구,출연기관(장학),부산광역시 서구 구덕로120(토성동4가),데이터 없음,-,-,-,-,홍인길
지방공공기관,행복영도장학회,행복영도장학회,본점,부산광역시 영도구,출연기관(장학),"부산광역시 영도구 태종로 423(청학동, 영도구청내)",051-419-4517,-,-,-,http://hll.yeongdo.go.kr,최순용
지방공공기관,재단법인 부산진문화재단,재단법인 부산진문화재단,본점,부산광역시 부산진구,출연기관(문화),"부산광역시 부산진구 당감서로94번길8, 4층",051-806-0016,-,-,-,http://www.bsjincf.or.kr,김영욱
지방공공기관,부산진구장학회,부산진구장학회,본점,부산광역시 부산진구,출연기관(장학),"부산광역시 부산진구 시민공원로 30(부암동,부산진구청)",051-802-6469,-,-,-,http://busanjinsf.kr,김윤환
지방공공기관,동래장학회,동래장학회,본점,부산광역시 동래구,출연기관(장학),부산광역시 동래구 온천천로359번길 70(낙민동),051-550-4466,-,-,-,http://www.dongnaesf.kr,조홍래
지방공공기관,남구장학회,남구장학회,본점,부산광역시 남구,출연기관(장학),"부산광역시 남구 못골로 19(대연동, 부산시남구청)",데이터 없음,-,-,-,https://www.bsnamgu.go.kr/index.namgu?menuCd=DOM_000000102010000000,황의순
지방공공기관,부산북구장학회,부산북구장학회,본점,부산광역시 북구,출연기관(장학),부산광역시 북구 낙동대로 1570번길 33(구포동),데이터 없음,-,-,-,http://www.bsbukgusf.kr,박홍근
지방공공기관,금정문화재단,금정문화재단,본점,부산광역시 금정구,출연기관(문화),"부산광역시 금정구 체육공원로 7, 금샘미술관 1층 금정문화재단(구서동)",051-715-6781,-,-,-,www.gjfac.org,-
지방공공기관,부산강서구장학회,부산강서구장학회,본점,부산광역시 강서구,출연기관(장학),부산광역시 강서구 낙동북로 477,051-970-2304,-,-,-,https://www.bsgangseo.go.kr/bsgangseo/bbs/list.do?bsgsIdx=2621&mId=0301130000,박평재
지방공공기관,재단법인 연제구상권활성화재단,재단법인 연제구상권활성화재단,본점,부산광역시 연제구,출연기관(기타),부산광역시 연제구 쌍미천로 155번길41-2,051-852-1020,-,-,-,ymrf.or.kr,주석수
지방공공기관,수영구장학재단,수영구장학재단,본점,부산광역시 수영구,출연기관(장학),부산광역시 수영구 남천동로 100(수영구청 내),051-610-4129,-,-,-,https://www.suyeong.go.kr/janghak/index.suyeong,전광수
지방공공기관,부산사상구장학회,부산사상구장학회,본점,부산광역시 사상구,출연기관(장학),"부산광역시 사상구 학감대로 242(감전동, 사상구청)",051-310-4107,-,-,-,-,-
지방공공기관,(주)엑스코,(주)엑스코,본점,대구광역시 대구광역시,출자기관(관광),대구광역시 북구 엑스코로 10,053-601-5010,-,-,-,https://www.exco.co.kr,표철수
지방공공기관,재단법인 대구문화예술진흥원,재단법인 대구문화예술진흥원,본점,대구광역시 대구광역시,출연기관(문화),대구광역시 달서구 공원순환로 201,053-422-1201,-,-,-,www.dgfca.or.kr,김정길
지방공공기관,대구광역시행복진흥사회서비스원,대구광역시행복진흥사회서비스원,본점,대구광역시 대구광역시,출연기관(복지자원봉사),"대구광역시 북구 연암로 40 대구광역시행복진흥사회서비스원 1,2동",데이터 없음,-,-,-,https://daegu.pass.or.kr/,배기철
지방공공기관,대구신용보증재단,대구신용보증재단,본점,대구광역시 대구광역시,출연기관(신용보증),"대구광역시 달서구 달구벌대로 1568, 4층(감삼동)",053-560-6300,-,-,-,http://www.ttg.co.kr,박진우
지방공공기관,대구정책연구원,대구정책연구원,본점,대구광역시 대구광역시,출연기관(연구원),대구광역시 동구 동대구로 461(신천동),데이터 없음,-,-,-,www.dpi.re.kr,박양호
지방공공기관,대구의료원,대구의료원,본점,대구광역시 대구광역시,출연기관(의료원),대구광역시 서구 평리로 157 (중리동),053-560-7575,-,-,-,https://www.daegumc.co.kr,김시오
지방공공기관,재단법인 대구디지털혁신진흥원,재단법인 대구디지털혁신진흥원,본점,대구광역시 대구광역시,출연기관(지식정보산업),(42250) 대구광역시 수성구 알파시티1로 170(대흥동),053-655-5600,-,-,-,www.dip.or.kr,김유현
지방공공기관,대구테크노파크,대구테크노파크,본점,대구광역시 대구광역시,출연기관(테크노파크),대구광역시 동구 동대구로 475,053-757-4114,-,-,-,https://www.dgtp.or.kr,도건우
지방공공기관,대구중구도심재생문화재단,대구중구도심재생문화재단,본점,대구광역시 중구,출연기관(문화),대구광역시 중구 경상감영길 176(동문동),053-219-4211,-,-,-,https://djdrcf.or.kr/,류규하
지방공공기관,동구문화재단,동구문화재단,본점,대구광역시 동구,출연기관(문화),대구 동구 효동로 2길 24(효목동 1084),데이터 없음,-,-,-,www.dgdgcf.or.kr,-
지방공공기관,재단법인 대구동구교육재단,재단법인 대구동구교육재단,본점,대구광역시 동구,출연기관(장학),대구광역시 동구 동부로3길 20(신천동),데이터 없음,-,-,-,http://www.donggujhh.or.kr,윤석준
지방공공기관,재단법인 서구인재육성재단,재단법인 서구인재육성재단,본점,대구광역시 서구,출연기관(장학),"대구광역시 서구 국채보상로 257(평리동, 서구청내)",053-663-2193,-,-,-,http://seoguij.or.kr/,류한국
지방공공기관,행복북구문화재단,행복북구문화재단,본점,대구광역시 북구,출연기관(문화),"대구광역시 북구 구암로47(관음동, 어울아트센터)",데이터 없음,-,-,-,https://www.hbcf.or.kr/front/,배광식
지방공공기관,재단법인 대구광역시북구청소년육성재단,재단법인 대구광역시북구청소년육성재단,본점,대구광역시 북구,출연기관(여성·청소년),-,-,-,-,-,https://www.bukguzzang.co.kr,오대흥
지방공공기관,수성문화재단,수성문화재단,본점,대구광역시 수성구,출연기관(문화),대구광역시 수성구 달구벌대로 2451(범어동),053-668-1503,-,-,-,https://www.sscf.or.kr,김대권
지방공공기관,재단법인 수성미래교육재단,재단법인 수성미래교육재단,본점,대구광역시 수성구,출연기관(장학),대구광역시 수성구 달구벌대로 2451 범어도서관 5층,053-666-4221,-,-,-,http://ssef.or.kr,김대권
지방공공기관,달서문화재단,달서문화재단,본점,대구광역시 달서구,출연기관(문화),대구 달서구 문화회관길 160,053-584-9713,-,-,-,http://www.dscf.or.kr,이태훈
지방공공기관,달서인재육성재단,달서인재육성재단,본점,대구광역시 달서구,출연기관(장학),대구광역시 달서구 학산로 45(월성동),053-667-3231,-,-,-,http://dalseoin.org,이태훈
지방공공기관,달성문화재단,달성문화재단,본점,대구광역시 달성군,출연기관(문화),"대구광역시 달성군 화원읍 성천로 5 달성군여성문화복지센터 별관 7층, 8층",053-668-4234,-,-,-,http://www.dsart.or.kr,최재훈
지방공공기관,달성복지재단,달성복지재단,본점,대구광역시 달성군,출연기관(복지자원봉사),대구시 달성군 화원읍 비슬로512길 66,053-617-9200,-,-,-,http://www.dswelfare.kr,박성태
지방공공기관,재단법인 달성교육재단,재단법인 달성교육재단,본점,대구광역시 달성군,출연기관(장학),대구광역시 달성군 화원읍 성천로 5,053-668-9683,-,-,-,https://www.dsef.or.kr/,최재훈
지방공공기관,재단법인 군위문화관광재단,재단법인 군위문화관광재단,본점,대구광역시 군위군,출연기관(문화),대구광역시 군위군 의흥면 일연테마로 100,데이터 없음,-,-,-,www.gunwi3964.org,김진열
지방공공기관,인천투자펀드,인천투자펀드,본점,인천광역시 인천광역시,출자기관(건설·투자),"인천광역시 연수구 아트센터대로 175, 지타워(송도동)",데이터 없음,-,-,-,-,-
지방공공기관,인천종합에너지(주),인천종합에너지(주),본점,인천광역시 인천광역시,출자기관(에너지·환경),인천광역시 연수구 아카데미로51번길 37,032-850-6144,-,-,-,https://www.e-inteco.co.kr/jsp/inteco/main.jsp,전태현
지방공공기관,인천스마트시티(주),인천스마트시티(주),본점,인천광역시 인천광역시,출자기관(기타),"인천광역시 연수구 아트센터대로 175, 문화동 4층(송도동, 지타워)",032-458-5700,-,-,-,www.ismartcity.co.kr,나기운
지방공공기관,인천문화재단,인천문화재단,본점,인천광역시 인천광역시,출연기관(문화),인천광역시 중구 제물량로 195(항동5가 13),032-455-7100,-,-,-,https://ifac.or.kr/,김영덕
지방공공기관,재단법인 인천광역시 사회서비스원,재단법인 인천광역시 사회서비스원,본점,인천광역시 인천광역시,출연기관(복지자원봉사),인천광역시 미추홀구 경인로 229 인천IT타워 17충,데이터 없음,-,-,-,https://incheon.pass.or.kr/,황흥구
지방공공기관,인천신용보증재단,인천신용보증재단,본점,인천광역시 인천광역시,출연기관(신용보증),(21633) 인천광역시 남동구 남동대로 215번길 30 (인천종합비즈니스센터 9층),1577-3790,-,-,-,http://www.icsinbo.or.kr,전무수 이사장
지방공공기관,여성가족재단,여성가족재단,본점,인천광역시 인천광역시,출연기관(여성·청소년),인천시 부평구 길주로 539,032-511-3141,-,-,-,https://www.ifwf.or.kr,김미애
지방공공기관,인천연구원,인천연구원,본점,인천광역시 인천광역시,출연기관(연구원),인천광역시 서구 심곡로 98,032-260-2600,-,-,-,www.ii.re.kr,박호군
지방공공기관,인천광역시의료원,인천광역시의료원,본점,인천광역시 인천광역시,출연기관(의료원),인천광역시 동구 방축로 217,032-580-6000,-,-,-,www.icmc.or.kr,조승연
지방공공기관,재단법인 인천인재평생교육진흥원,재단법인 인천인재평생교육진흥원,본점,인천광역시 인천광역시,출연기관(장학),"인천광역시 남동구 인주대로 585, 12층(구월동, 한국씨티은행)",032-831-9408,-,-,-,www.itle.or.kr,유정복
지방공공기관,재단법인 인천테크노파크,재단법인 인천테크노파크,본점,인천광역시 인천광역시,출연기관(테크노파크),인천광역시 연수구 갯벌로 12(송도동),032-260-0700,-,-,-,https://itp.or.kr,이주호
지방공공기관,인천글로벌캠퍼스운영재단,인천글로벌캠퍼스운영재단,본점,인천광역시 인천광역시,출연기관(기타),인천광역시 연수구 송도문화로 119,032-626-0528,-,-,-,www.igc.or.kr,박병근
지방공공기관,재단법인 인천중구문화재단,재단법인 인천중구문화재단,본점,인천광역시 중구,출연기관(문화),"인천광역시 중구 신포로27번길 83-1, 2층",032-777-9113,-,-,-,www.ijcf.or.kr,-
지방공공기관,중구월디장학회,중구월디장학회,본점,인천광역시 중구,출연기관(장학),인천광역시 중구 신포로46번길 (내동) 중구보훈회관 5층,032-766-7157,-,-,-,https://www.icjg.go.kr/welfare/whch0407c,김정헌
지방공공기관,인천동구장학재단,인천동구장학재단,본점,인천광역시 동구,출연기관(장학),인천광역시 동구 금곡로 67,032-770-6128,-,-,-,https://www.icdonggu.go.kr/open_content/scholarship/,김찬진
지방공공기관,재단법인 연수문화재단,재단법인 연수문화재단,본점,인천광역시 연수구,출연기관(문화),인천광역시 연수구 원인재로 115 연수구청 별관 3층,032-822-1000,-,-,-,http://www.ysfac.or.kr,이재호
지방공공기관,재단법인 연수큰재장학재단,재단법인 연수큰재장학재단,본점,인천광역시 연수구,출연기관(장학),인천광역시 연수구 원인재로 115(동춘동),032-749-7242,-,-,-,https://ysjaedan.imweb.me,이재호
지방공공기관,남동스마트밸리개발 주식회사,남동스마트밸리개발 주식회사,본점,인천광역시 남동구,출자기관(건설·투자),"인천광역시 남동구 남동서로236번길 40, 2층(논현동, 예성아이라이프)",032-813-8875,-,-,-,www.nsvd.kr,-
지방공공기관,재단법인 남동문화재단,재단법인 남동문화재단,본점,인천광역시 남동구,출연기관(문화),"인천광역시 남동구 아암대로1437번길 32(논현동, 남동소래아트홀)",032-439-5001,-,-,-,http://www.namdongcf.or.kr,박종효
지방공공기관,인천광역시부평구문화재단,인천광역시부평구문화재단,본점,인천광역시 부평구,출연기관(문화),인천광역시 부평구 아트센터로 166 부평아트센터,032-500-2000,-,-,-,https://www.bpcf.or.kr,차준택
지방공공기관,서운일반산업단지개발(주),서운일반산업단지개발(주),본점,인천광역시 계양구,출자기관(건설·투자),-,-,-,-,-,www.swicdc.co.kr,-
지방공공기관,재단법인 인천광역시계양구인재양성장햑교육재단,재단법인 인천광역시계양구인재양성장햑교육재단,본점,인천광역시 계양구,출연기관(장학),인천광역시 계양구 계산새로 88,데이터 없음,-,-,-,https://gyedu.gyeyang.go.kr:1443/main/index.asp,이노경
지방공공기관,서구문화재단,서구문화재단,본점,인천광역시 서구,출연기관(문화),"인천광역시 서구 서달로 190, 서구문화회관",데이터 없음,-,-,-,https://iscf.kr/,강범석
지방공공기관,인천서구복지재단,인천서구복지재단,본점,인천광역시 서구,출연기관(복지자원봉사),"인천 서구 서곶로 369번길 17, 4층(심곡동) 예정",032-580-4298,-,-,-,-,-
지방공공기관,서동이장학회,서동이장학회,본점,인천광역시 서구,출연기관(장학),인천광역시 서구 서곶로 307 서구청,데이터 없음,-,-,-,https://www.seo.incheon.kr/open_content/scholarship/,강범석
지방공공기관,강화군복지재단,강화군복지재단,본점,인천광역시 강화군,출연기관(복지자원봉사),"인천광역시 강화군 강화읍 남문로 19, 4층",032-933-1035,-,-,-,www.ghwelf.or.kr,오윤근
지방공공기관,옹진복지재단,옹진복지재단,본점,인천광역시 옹진군,출연기관(복지자원봉사),"인천광역시 미추홀구 매소홀로 262, 시티필드 6층 6007호, 6008호(학익동)",032-889-4953,-,-,-,https://ojwelfare.or.kr/,문경복
지방공공기관,재단법인 옹진군인재육성재단,재단법인 옹진군인재육성재단,본점,인천광역시 옹진군,출연기관(장학),인천광역시 미추홀구 매소홀로 120,032-899-2144,-,-,-,www.ongjin.or.kr,문경복
지방공공기관,한국씨이에스(주),한국씨이에스(주),본점,광주광역시 광주광역시,출자기관(에너지·환경),광주광역시 서구 내방로2,062-383-1980,-,-,-,-,김효수
지방공공기관,광주광역시광주문화재단,광주광역시광주문화재단,본점,광주광역시 광주광역시,출연기관(문화),(61636) 광주광역시 남구 천변좌로 338번길 7(구동 12번지),062-670-7400,-,-,-,http://www.gjcf.or.kr,황풍년
지방공공기관,재단법인 광주광역시 사회서비스원,재단법인 광주광역시 사회서비스원,본점,광주광역시 광주광역시,출연기관(복지자원봉사),"광주광역시 서구 화정로 149, 2층",062-607-5200,-,-,-,https://gj.pass.or.kr,김대삼
지방공공기관,광주신용보증재단,광주신용보증재단,본점,광주광역시 광주광역시,출연기관(신용보증),"광주광역시 광산구 하남산단8번로 177(광주경제공용진흥원 1,2층)",062-950-0011,-,-,-,https://www.gjsinbo.or.kr,김귀남
지방공공기관,재단법인 광주광역시 여성가족재단,재단법인 광주광역시 여성가족재단,본점,광주광역시 광주광역시,출연기관(여성·청소년),"광주광역시 남구중앙로107번길 15, 1,3,4층(구동，광주시민회관）",062-670-0500,-,-,-,https://www.gjwf.or.kr/,김경례
지방공공기관,재단법인 광주연구원,재단법인 광주연구원,본점,광주광역시 광주광역시,출연기관(연구원),광주 광산구 진곡산단중앙로 55,062-960-7200,-,-,-,www.gji.re.kr,-
지방공공기관,재단법인 광주광역시인재평생교육진흥원,재단법인 광주광역시인재평생교육진흥원,본점,광주광역시 광주광역시,출연기관(장학),광주광역시 광산구 소촌로 152번길 53-27 시공무원교육원 4층,데이터 없음,-,-,-,https://www.gie.kr/,-
지방공공기관,광주광역시 경제진흥상생일자리재단,광주광역시 경제진흥상생일자리재단,본점,광주광역시 광주광역시,출연기관(중소기업진흥),광주광역시 광산구 하남산단 8번로 177,062-960-2600,-,-,-,www.gjep.or.kr,김현성
지방공공기관,광주정보문화산업진흥원,광주정보문화산업진흥원,본점,광주광역시 광주광역시,출연기관(지식정보산업),광주광역시 남구 송암로 60,062-610-2400,-,-,-,www.gicon.or.kr,이경주
지방공공기관,광주테크노파크,광주테크노파크,본점,광주광역시 광주광역시,출연기관(테크노파크),(61008)광주 북구 첨단과기로 333,062-602-7121,-,-,-,www.gjtp.or.kr,김영집
지방공공기관,광주광역시 기후에너지진흥원,광주광역시 기후에너지진흥원,본점,광주광역시 광주광역시,출연기관(기타),광주광역시 서구 천변우하로 181,062-601-1311,-,-,-,http://gcea.or.kr/,고상연
지방공공기관,광주그린카진흥원,광주그린카진흥원,본점,광주광역시 광주광역시,출연기관(기타),-,-,-,-,-,https://gigca.or.kr/,김성진
지방공공기관,광주영어방송,광주영어방송,본점,광주광역시 광주광역시,출연기관(기타),광주 남구 사직길 17,062-460-0987,-,-,-,www.gfn.or.kr,배승수
지방공공기관,재단법인 광주디자인진흥원,재단법인 광주디자인진흥원,본점,광주광역시 광주광역시,출연기관(기타),광주광역시 북구 첨단과기로176번길 27(오룡동),062-611-5000,-,-,-,www.gdc.or.kr,-
지방공공기관,재단법인 광주광역시동구문화관광재단,재단법인 광주광역시동구문화관광재단,본점,광주광역시 동구,출연기관(문화),"광주광역시 동구 금남로220, 10층",062-228-1112,-,-,-,http://gdctf.or.kr/,문창현
지방공공기관,광주서구장학재단,광주서구장학재단,본점,광주광역시 서구,출연기관(장학),광주광역시 서구 경열로 33(농성동),데이터 없음,-,-,-,https://www.seogu.gwangju.kr/menu.es?mid=a10108010000,윤풍식
지방공공기관,광주남구로컬푸드센터,광주남구로컬푸드센터,본점,광주광역시 남구,출연기관(농식품),광주광역시 남구 화선로 32(진월동 540) 1층,데이터 없음,-,-,-,www.namgufood.kr,-
지방공공기관,광산장학회,광산장학회,본점,광주광역시 광산구,출연기관(장학),"광주광역시 광산구 광산로29번길 15, 광산구청 6층 (재)광산장학회 사무국",062-960-7926,-,-,-,-,-
지방공공기관,대전고암미술문화재단,대전고암미술문화재단,본점,대전광역시 대전광역시,출연기관(문화),ㅇ 대전광역시 서구 둔산대로 157 이응노미술관,042-611-9810,-,-,-,https://www.leeungnomuseum.or.kr/,이갑재
지방공공기관,대전문화재단,대전문화재단,본점,대전광역시 대전광역시,출연기관(문화),"대전광역시 중구 중앙로 32, 대전예술가의집(문화동)",042-480-1000,-,-,-,https://dcaf.or.kr,백춘희
지방공공기관,대전평생교육진흥원,대전평생교육진흥원,본점,대전광역시 대전광역시,출연기관(복지자원봉사),대전광역시 중구 중앙로 101(선화동),042-250-2777,-,-,-,www.dile.or.kr,최선희
지방공공기관,재단법인 대전광역시 사회서비스원,재단법인 대전광역시 사회서비스원,본점,대전광역시 대전광역시,출연기관(복지자원봉사),대전광역시 중구 보문로 246 대림빌딩 10층,042-331-8907,-,-,-,https://daejeon.pass.or.kr/,김인식
지방공공기관,재단법인 한국효문화진흥원,재단법인 한국효문화진흥원,본점,대전광역시 대전광역시,출연기관(복지자원봉사),대전광역시 중구 뿌리공원로 45,데이터 없음,-,-,-,www.k-hyo.kr,김기황
지방공공기관,대전신용보증재단,대전신용보증재단,본점,대전광역시 대전광역시,출연기관(신용보증),"대전광역시 중구 중앙로 116(대흥동, 대전신용보증재단빌딩)",042-380-3800,-,-,-,https://www.sinbo.or.kr,정상봉
지방공공기관,대전세종연구원,대전세종연구원,본점,대전광역시 대전광역시,출연기관(연구원),대전광역시 유성구 전민로37(문지동),042-530-3500,-,-,-,www.dsi.re.kr,김영진
지방공공기관,재단법인 대전청년내일재단,재단법인 대전청년내일재단,본점,대전광역시 대전광역시,출연기관(장학),"(35273) 대전광역시 서구 갈마중로30번길 67, 402호, 403호, 404호(갈마동)",042-719-8421~8424,-,-,-,www.dhrdf.or.kr,이장우
지방공공기관,재단법인 대전디자인진흥원,재단법인 대전디자인진흥원,본점,대전광역시 대전광역시,출연기관(중소기업진흥),대전광역시 유성구 테크노9로 35(탑립동),데이터 없음,-,-,-,http://www.didp.or.kr,권득용
지방공공기관,재단법인 대전일자리경제진흥원,재단법인 대전일자리경제진흥원,본점,대전광역시 대전광역시,출연기관(중소기업진흥),대전광역시 유성구 가정북로 96,042-380-3000,-,-,-,www.djbea.or.kr,백운교
지방공공기관,재단법인 대전과학산업진흥원,재단법인 대전과학산업진흥원,본점,대전광역시 대전광역시,출연기관(지식정보산업),대전광역시 유성구 가정로 99,042-270-0316,-,-,-,https://www.distep.re.kr/,이동한
지방공공기관,정보문화산업진흥원,정보문화산업진흥원,본점,대전광역시 대전광역시,출연기관(지식정보산업),대전광역시 유성구 대덕대로 512번길 20(도룡동),042-479-4114,-,-,-,http://www.dicia.or.kr,이은학
지방공공기관,대전테크노파크,대전테크노파크,본점,대전광역시 대전광역시,출연기관(테크노파크),"대전광역시 유성구 테크노9로 35 / 대전광역시 중구 중앙로 119, 16층",1877-8972,-,-,-,https://www.djtp.or.kr,김우연
지방공공기관,동구차세대인재육성장학재단,동구차세대인재육성장학재단,본점,대전광역시 동구,출연기관(장학),"대전광역시 동구 동구청로 147(가오동), 동구청 7층 평생학습과 내",데이터 없음,-,-,-,http://donggu.go.kr/dg/kor/contents/256,박희조
지방공공기관,서구인재육성장학재단,서구인재육성장학재단,본점,대전광역시 서구,출연기관(장학),대전광역시 서구 둔산서로 100,데이터 없음,-,-,-,없음,서철모
지방공공기관,유성구행복누리재단,유성구행복누리재단,본점,대전광역시 유성구,출연기관(복지자원봉사),"대전시 유성구 죽동로 322, 죽동문화센터 4층",042-824-7420,-,-,-,http://www.ys-happy.or.kr,강도묵
지방공공기관,재단법인 대덕문화관광재단,재단법인 대덕문화관광재단,본점,대전광역시 대덕구,출연기관(문화),"대전광역시 대덕구 대전로 1039, 하나은행 2층",042-936-2400,-,-,-,https://www.daedeok.go.kr/culture/CUL.do,-
지방공공기관,재단법인 대덕경제재단,재단법인 대덕경제재단,본점,대전광역시 대덕구,출연기관(기타),"대전광역시 대덕구 대전로 1039, 2층(오정동)",042-608-3993,-,-,-,https://www.daedeok.go.kr/biz/goContents.do?link=/biz/biz02/BIZ0204&menuId=BIZ0204,이성규
지방공공기관,재단법인 울산문화관광재단,재단법인 울산문화관광재단,본점,울산광역시 울산광역시,출연기관(문화),"울산광역시 울주군 삼남읍 울산역로 255, 울산전시컨벤션센터 3층",052-255-1800,-,-,-,www.uctf.or.kr,최병권
지방공공기관,울산신용보증재단,울산신용보증재단,본점,울산광역시 울산광역시,출연기관(신용보증),울산광역시 북구 산업로 915(연암동),052-289-2300,-,-,-,www.ulsanshinbo.co.kr,김용길
지방공공기관,재단법인 울산광역시 복지가족진흥사회서비스원,재단법인 울산광역시 복지가족진흥사회서비스원,본점,울산광역시 울산광역시,출연기관(연구원),"울산광역시 북구 진장유통로 16, C동 1171호",052-278-0500,-,-,-,www.wfps.or.kr/,정천석
지방공공기관,재단법인 울산연구원,재단법인 울산연구원,본점,울산광역시 울산광역시,출연기관(연구원),울산광역시 남구 삼산중로 6,052-283-7700,-,-,-,https://www.uri.re.kr/,편상훈
지방공공기관,재단법인 울산경제일자리진흥원,재단법인 울산경제일자리진흥원,본점,울산광역시 울산광역시,출연기관(중소기업진흥),울산광역시 북구 산업로 915,052-283-7171,-,-,-,www.ubpi.or.kr,김철준
지방공공기관,울산정보산업진흥원,울산정보산업진흥원,본점,울산광역시 울산광역시,출연기관(지식정보산업),울산광역시 남구 테크노산업로55번길 16,052-210-0200,-,-,-,www.uipa.or.kr,구자록
지방공공기관,울산테크노파크,울산테크노파크,본점,울산광역시 울산광역시,출연기관(테크노파크),울산 중구 종가로 15,052-219-8524,-,-,-,www.utp.or.kr,조영신
지방공공기관,고래문화재단,고래문화재단,본점,울산광역시 남구,출연기관(문화),울산광역시 남구 장생포 고래로288번길 20,052-226-1981,-,-,-,www.uwcf.or.kr,서동욱
지방공공기관,울산광역시 남구장학재단,울산광역시 남구장학재단,본점,울산광역시 남구,출연기관(장학),울산광역시 남구 돋질로 233(남구청 5층),데이터 없음,-,-,-,www.unsf.or.kr,서동욱
지방공공기관,울산광역시북구교육진흥재단,울산광역시북구교육진흥재단,본점,울산광역시 북구,출연기관(장학),울산광역시 북구 산업로 1024(연암동),052-241-7281,-,-,-,https://www.bukgu.ulsan.kr/edu/pageCont.do?menuNo=1060100,박천동
지방공공기관,재단법인 울주문화재단,재단법인 울주문화재단,본점,울산광역시 울주군,출연기관(문화),"울산광역시 울주군 범서읍 천상중앙길 36, 울주문화예술회관 3층",052-980-2200,-,-,-,https://www.ucf.or.kr,이춘근
지방공공기관,주식회사 세종스마트그린,주식회사 세종스마트그린,본점,세종특별자치시 세종특별자치시,출자기관(에너지·환경),"세종특별자치시 전의면 왕의물로 92, 101호 102호",044-862-2368,-,-,-,http://www.sejongsmartgreen.com/default/,-
지방공공기관,농업회사법인세종로컬푸드(주),농업회사법인세종로컬푸드(주),본점,세종특별자치시 세종특별자치시,출자기관(제조·유통),세종특별자치시 보듬6로 16,044-866-4903,-,-,-,www.sjlocal.or.kr,권기환
지방공공기관,세종벤처밸리산업단지주식회사,세종벤처밸리산업단지주식회사,본점,세종특별자치시 세종특별자치시,출자기관(기타),세종특별자치시 전동면 심중리 574번지,044-866-5005,-,-,-,http://sejongvally.co.kr/,-
지방공공기관,재단법인 세종시문화관광재단,재단법인 세종시문화관광재단,본점,세종특별자치시 세종특별자치시,출연기관(문화),"세종특별자치시 갈매로 387, 박연문화관 3층",데이터 없음,-,-,-,https://sjcf.or.kr/,박영국
지방공공기관,재단법인 세종특별자치시 사회서비스원,재단법인 세종특별자치시 사회서비스원,본점,세종특별자치시 세종특별자치시,출연기관(복지자원봉사),세종특별자치시 한누리대로 2107 2층(보람종합복지센터),044-850-8114,-,-,-,sjwf.or.kr,김명희
지방공공기관,세종신용보증재단,세종신용보증재단,본점,세종특별자치시 세종특별자치시,출연기관(신용보증),"세종특별자치시 나성로 33-10, 5층 (나성동, 트리플렉스빌딩)",044-865-0550,-,-,-,http://sjsinbo.or.kr,김효명 이사장
지방공공기관,재단법인 세종인재평생교육진흥원,재단법인 세종인재평생교육진흥원,본점,세종특별자치시 세종특별자치시,출연기관(장학),"30119 세종특별자치시 갈매로 387, 2층(어진동, 정부세종청사문화관)",044-865-9670,-,-,-,https://www.sjhle.or.kr/,남궁 영
지방공공기관,재단법인 세종테크노파크,재단법인 세종테크노파크,본점,세종특별자치시 세종특별자치시,출연기관(테크노파크),세종특별자치시 조치원읍 군청로 95,044-580-2100,-,-,-,https://sjtp.or.kr,양현봉
지방공공기관,코리아경기도주식회사,코리아경기도주식회사,본점,경기도 경기도,출자기관(제조·유통),경기도 성남시 분당구 판교로 289번길 20,031-5150-5150,-,-,-,www.kgcbrand.com,이창훈
지방공공기관,재단법인 경기도 농수산진흥원,재단법인 경기도 농수산진흥원,본점,경기도 경기도,출연기관(농식품),경기도 광주시 곤지암읍 경충대로 731 경기친환경농산물유통센터,031-250-2700,-,-,-,https://www.gafi.or.kr/,최창수
지방공공기관,경기문화재단,경기문화재단,본점,경기도 경기도,출연기관(문화),경기도 수원시 팔달구 인계로 178,031-231-7220,-,-,-,http://www.ggcf.kr,유인택
지방공공기관,재단법인 경기아트센터,재단법인 경기아트센터,본점,경기도 경기도,출연기관(문화),경기도 수원시 팔달구 효원로 307번길 20(인계동),031-230-3200,-,-,-,http://www.ggac.or.kr,서춘기
지방공공기관,한국도자재단,한국도자재단,본점,경기도 경기도,출연기관(문화),경기도 이천시 경충대로 2697번길 263,031-779-1513,-,-,-,www.kocef.org,최문환
지방공공기관,경기복지재단,경기복지재단,본점,경기도 경기도,출연기관(복지자원봉사),"경기도 수원시 장안구 경수대로 1150, 신관 3층",1577-4312,-,-,-,https://ggwf.gg.go.kr,원미정
지방공공기관,재단법인 경기도사회서비스원,재단법인 경기도사회서비스원,본점,경기도 경기도,출연기관(복지자원봉사),"경기도 수원시 장안구 경수대로 1150(경기도인재개발원), 건강증진센터 1층",031-267-9389,-,-,-,https://gg.pass.or.kr/,안혜영
지방공공기관,경기신용보증재단,경기신용보증재단,본점,경기도 경기도,출연기관(신용보증),"경기도 수원시 영통구 도청로 52, 12~14층",1577-5900,-,-,-,http://www.gcgf.or.kr,시석중
지방공공기관,경기도청소년수련원,경기도청소년수련원,본점,경기도 경기도,출연기관(여성·청소년),-,-,-,-,-,https://www.ggyc.kr/,양금석
지방공공기관,재단법인 경기도여성가족재단,재단법인 경기도여성가족재단,본점,경기도 경기도,출연기관(여성·청소년),"경기도 수원시 장안구 경수대로 1150, 신관2층",031-220-3900,-,-,-,https://gwff.kr/,김혜순
지방공공기관,경기연구원,경기연구원,본점,경기도 경기도,출연기관(연구원),경기도 수원시 장안구 경수대로 1150,031-250-3114,-,-,-,www.gri.re.kr,-
지방공공기관,차세대융합기술연구원,차세대융합기술연구원,본점,경기도 경기도,출연기관(연구원),경기도 수원시 영통구 광교로 145,031-888-9055,-,-,-,http://aict.snu.ac.kr,차석원
지방공공기관,경기도의료원,경기도의료원,본점,경기도 경기도,출연기관(의료원),경기도 수원시 장안구 수성로245번길 69 경기도의료원,031-250-8800,-,-,-,https://www.medical.or.kr,정일용
지방공공기관,경기도경제과학진흥원,경기도경제과학진흥원,본점,경기도 경기도,출연기관(중소기업진흥),경기도 수원시 영통구 광교로 107,031-888-6000,-,-,-,www.gbsa.or.kr,유승경
지방공공기관,경기콘텐츠진흥원,경기콘텐츠진흥원,본점,경기도 경기도,출연기관(지식정보산업),경기 부천시 부천로198번길 18 춘의테크노파크2차 202동 9층,032-623-8000,-,-,-,www.gcon.or.kr,민세희
지방공공기관,경기대진테크노파크,경기대진테크노파크,본점,경기도 경기도,출연기관(테크노파크),경기도 포천시 자작로 155,031-539-5000,-,-,-,https://gdtp.or.kr/,양은익
지방공공기관,경기테크노파크,경기테크노파크,본점,경기도 경기도,출연기관(테크노파크),경기도 안산시 상록구 해안로705,031-500-3000,-,-,-,http://www.gtp.or.kr,유동준
지방공공기관,경기도사회적경제원,경기도사회적경제원,본점,경기도 경기도,출연기관(기타),경기도 수원시 팔달구 효원로 1(매산로3가),031-8008-3418,-,-,-,http://www.gsic.or.kr,유훈
지방공공기관,경기도수원월드컵경기장관리재단,경기도수원월드컵경기장관리재단,본점,경기도 경기도,출연기관(기타),경기도 수원시 팔달구 월드컵로 310,031-202-2002,-,-,-,https://suwonworldcup.gg.go.kr/,이민주
지방공공기관,경기도일자리재단,경기도일자리재단,본점,경기도 경기도,출연기관(기타),"경기도 부천시 부천로 143, 4층",031-270-9600,-,-,-,https://www.gjf.or.kr,윤덕룡
지방공공기관,경기도평생교육진흥원,경기도평생교육진흥원,본점,경기도 경기도,출연기관(기타),경기도 수원시 장안구 경수대로 1150(경기도인재개발원) 신관 13층,031-547-6500,-,-,-,https://www.gill.or.kr,남양호
지방공공기관,재단법인 경기도시장상권진흥원,재단법인 경기도시장상권진흥원,본점,경기도 경기도,출연기관(기타),경기도 양평군 양평읍 시민로 131,데이터 없음,-,-,-,https://www.gmr.or.kr/,조신
지방공공기관,재단법인 경기환경에너지진흥원,재단법인 경기환경에너지진흥원,본점,경기도 경기도,출연기관(기타),경기도 김포시 김포한강11로 455,031-985-0883,-,-,-,www.ggeea.or.kr,김현권
지방공공기관,수원문화재단,수원문화재단,본점,경기도 수원시,출연기관(문화),수원시 팔달구 행궁로 11,031-290-3600,-,-,-,https://www.swcf.or.kr/,오영균
지방공공기관,재단법인 수원시청소년청년재단,재단법인 수원시청소년청년재단,본점,경기도 수원시,출연기관(여성·청소년),수원시 팔달구 권광로 293(인계동),031-123-4567,-,-,-,www.syf.or.kr,이병규
지방공공기관,수원시정연구원,수원시정연구원,본점,경기도 수원시,출연기관(연구원),경기도 수원시 권선구 수인로 126(서둔동),031-220-8001,-,-,-,https://www.suwon.re.kr/,김성진
지방공공기관,재단법인 수원시장학재단,재단법인 수원시장학재단,본점,경기도 수원시,출연기관(장학),경기도 수원시 팔달구 월드컵로 381번길 2 (우만동),031-228-2288,-,-,-,www.suwon4u.or.kr,우봉제
지방공공기관,수원시국제교류센터,수원시국제교류센터,본점,경기도 수원시,출연기관(기타),"경기도 수원시 팔달구 효원로 295, 경기도새마을회관 6층",031-228-3440,-,-,-,www.swcic.or.kr,이재준
지방공공기관,수원FC,수원FC,본점,경기도 수원시,출연기관(기타),경기도 수원시 장안구 경수대로 893,031-228-4521,-,-,-,http://www.suwonfc.com,김병두
지방공공기관,재단법인 수원도시재단,재단법인 수원도시재단,본점,경기도 수원시,출연기관(기타),경기도 수원시 권선구 수인로 126 더함파크 2층,031-280-6300,-,-,-,www.sscf2016.or.kr,이영인
지방공공기관,재단법인 수원컨벤션센터,재단법인 수원컨벤션센터,본점,경기도 수원시,출연기관(기타),"경기도 수원시 영통구 광교중앙로 140(하동, 수원컨벤션센터)",031-303-6011,-,-,-,https://www.scc.or.kr/,이필근
지방공공기관,성남문화재단,성남문화재단,본점,경기도 성남시,출연기관(문화),경기도 성남시 분당구 성남대로 808(야탑동),031-783-8000,-,-,-,https://www.snart.or.kr,서정림
지방공공기관,성남시청소년재단,성남시청소년재단,본점,경기도 성남시,출연기관(여성·청소년),-,-,-,-,-,www.snyouth.or.kr,최원기
지방공공기관,성남시정연구원,성남시정연구원,본점,경기도 성남시,출연기관(연구원),"경기도 성남시 수정구 달래내로46(시흥동 356), 성남글로벌융합센터 B동 1층",데이터 없음,-,-,-,https://www.snri.re.kr,-
지방공공기관,성남시의료원,성남시의료원,본점,경기도 성남시,출연기관(의료원),(13290) 경기도 성남시 수정구 수정로 171번길 10(태평동),031-738-7000,-,-,-,http://www.scmc.kr/,안태영
지방공공기관,성남시장학회,성남시장학회,본점,경기도 성남시,출연기관(장학),경기도 성남시 중원구 성남대로 997,031-729-4811,-,-,-,www.snjh.or.kr,김미자
지방공공기관,재단법인 성남산업진흥원,재단법인 성남산업진흥원,본점,경기도 성남시,출연기관(중소기업진흥),"경기도 성남시 분당구 성남대로 331번길 8(정자동,킨스타워)",031-782-3000,-,-,-,www.snip.or.kr,이의준
지방공공기관,성남시상권활성화재단,성남시상권활성화재단,본점,경기도 성남시,출연기관(기타),"경기도 성남시 수정구 탄리로 59(수진동, 수정커뮤니티센터) 2층",031-729-2791,-,-,-,https://www.smr.or.kr,신상진
지방공공기관,(주)킨텍스,(주)킨텍스,본점,경기도 고양시,출자기관(기타),경기도 고양시 일산서구 킨텍스로 217-60,031-810-8114,-,-,-,http://www.kintex.com,이재율
지방공공기관,고양국제꽃박람회,고양국제꽃박람회,본점,경기도 고양시,출연기관(농식품),"10400, 경기도 고양시 일산동구 호수로 595, 고양꽃전시관",031-908-7750,-,-,-,www.flower.or.kr,이재준
지방공공기관,고양문화재단,고양문화재단,본점,경기도 고양시,출연기관(문화),경기도 고양시 덕양구 어울림로 33 고양어울림누리/ 경기도 고양시 일산동구 중앙로 1286 고양아람누리,031-1577-7766,-,-,-,www.artgy.or.kr,이동환
지방공공기관,고양시청소년재단,고양시청소년재단,본점,경기도 고양시,출연기관(여성·청소년),경기도 고양시 덕양구 중앙로633번길 25 (토당청소년수련관 2층),031-995-4100,-,-,-,https://www.gcyf.or.kr/,이동환
지방공공기관,고양시정연구원,고양시정연구원,본점,경기도 고양시,출연기관(연구원),-,-,-,-,-,https://www.goyang.re.kr,김현호
지방공공기관,재단법인 고양산업진흥원,재단법인 고양산업진흥원,본점,경기도 고양시,출연기관(지식정보산업),"경기도 고양시 일산동구 태극로 60, 14층",031-960-7810,-,-,-,https://www.gipa.or.kr,한동균
지방공공기관,경기용인테크노벨리(주),경기용인테크노벨리(주),본점,경기도 용인시,출자기관(건설·투자),"경기도 용인시 처인구 명지로 81, 202호(역북동, 용인상공회의소)",데이터 없음,-,-,-,www.ytc21.co.kr,김인성
지방공공기관,용인문화재단,용인문화재단,본점,경기도 용인시,출연기관(문화),경기도 용인시 수지구 포은대로 499(죽전동),031-260-3313,-,-,-,https://www.yicf.or.kr,김혁수
지방공공기관,용인시자원봉사센터,용인시자원봉사센터,본점,경기도 용인시,출연기관(복지자원봉사),경기도 용인시 처인구 중부대로1199 용인시청 제2별관 B1,031-335-7757,-,-,-,https://www.yongin1365.or.kr/,백숙희
지방공공기관,용인시청소년미래재단,용인시청소년미래재단,본점,경기도 용인시,출연기관(여성·청소년),경기도 용인시 처인구 중부대로 1199,031-339-1071,-,-,-,https://www.yiyf.or.kr/,이상일
지방공공기관,용인시정연구원,용인시정연구원,본점,경기도 용인시,출연기관(연구원),"경기 용인시 기흥구 기흥로 60-1, C동 11층",031-329-5411,-,-,-,http://www.yongin.re.kr/,이상대
지방공공기관,재단법인 용인시장학재단,재단법인 용인시장학재단,본점,경기도 용인시,출연기관(장학),경기도 용인시 처인구 중부대로 1199 용인시청 3층,031-324-4823,-,-,-,www.yijanghak.or.kr,구자범
지방공공기관,재단법인 용인시산업진흥원,재단법인 용인시산업진흥원,본점,경기도 용인시,출연기관(지식정보산업),(우)15057 경기도 용인시 처인구 명지로 15-20(김량장동),031-323-3050,-,-,-,www.ypa.or.kr,배명곤
지방공공기관,용인시축구센터,용인시축구센터,본점,경기도 용인시,출연기관(기타),"경기도 용인시 처인구 동백죽전대로 61(삼가동, 용인시축구센터)",031-339-3322,-,-,-,http://www.yonginfc.co.kr,이상일
지방공공기관,부천문화재단,부천문화재단,본점,경기도 부천시,출연기관(문화),"경기도 부천시 장말로 107,4층(상동)",032-320-6300,-,-,-,www.bcf.or.kr,한병환
지방공공기관,한국만화영상진흥원,한국만화영상진흥원,본점,경기도 부천시,출연기관(문화),경기도 부천시 길주로 1,032-310-3060,-,-,-,www.komacon.kr,-
지방공공기관,부천시여성청소년재단,부천시여성청소년재단,본점,경기도 부천시,출연기관(여성·청소년),경기도 부천시 원미구 장말로 107 복사골문화센터 5층,032-322-0700,-,-,-,https://www.bwyf.or.kr,양선희
지방공공기관,부천장학재단,부천장학재단,본점,경기도 부천시,출연기관(장학),경기도 부천시 길주로 210,032-625-4082,-,-,-,www.bcjh.or.kr,정상열
지방공공기관,재단법인 부천산업진흥원,재단법인 부천산업진흥원,본점,경기도 부천시,출연기관(중소기업진흥),"경기도 부천시 평천로 655, 부천테크노파크 401동 1503호",070-7094-5451,-,-,-,https://www.bizbc.or.kr/,신동학
지방공공기관,부천아트센터,부천아트센터,본점,경기도 부천시,출연기관(기타),경기도 부천시 소향로 165 (중동),032-625-3125,-,-,-,http://www.bac.or.kr,태승진
지방공공기관,안산도시개발(주),안산도시개발(주),본점,경기도 안산시,출자기관(에너지·환경),(15615)경기도 안산시 단원구 첨단로 670,031-489-1211,-,-,-,www.asudi.co.kr,"이화수, 박무철"
지방공공기관,안산문화재단,안산문화재단,본점,경기도 안산시,출연기관(문화),안산시 단원구 화랑로 312(고잔동),031-481-4000,-,-,-,www.ansanart.com,이성운
지방공공기관,재단법인 안산시청소년재단,재단법인 안산시청소년재단,본점,경기도 안산시,출연기관(여성·청소년),경기도 안산시 단원구 화정천서로 369(초지동),031-475-1981,-,-,-,www.ansanyouth.or.kr,전희일
지방공공기관,안산인재육성재단,안산인재육성재단,본점,경기도 안산시,출연기관(장학),"경기도 안산시 단원구 고잔로 27, 1층 안산인재육성재단",031-414-0924,-,-,-,https://www.ansanfys.or.kr/,이민근
지방공공기관,안산환경재단,안산환경재단,본점,경기도 안산시,출연기관(기타),"경기도 안산시 상록구 해안로 705, 경기테크노파크 RIT동 710호",031-599-9405,-,-,-,www.eg21.kr,박현규
지방공공기관,재단법인 안산시 상권활성화재단,재단법인 안산시 상권활성화재단,본점,경기도 안산시,출연기관(기타),데이터 없음,데이터 없음,-,-,-,-,-
지방공공기관,안양문화예술재단,안양문화예술재단,본점,경기도 안양시,출연기관(문화),"경기도 안양시 만안구 문예로36번길 16(안양동, 안양아트센터)",031-687-0500,-,-,-,https://www.ayac.or.kr/,최대호 이사장/ 최우규 대표이사
지방공공기관,안양시청소년재단,안양시청소년재단,본점,경기도 안양시,출연기관(여성·청소년),경기도 안양시 만안구 냉천로 31번길 33(안양동),031-470-4782,-,-,-,http://www.ayf.or.kr,조희련
지방공공기관,재단법인 안양시 인재육성재단,재단법인 안양시 인재육성재단,본점,경기도 안양시,출연기관(장학),경기도 안양시 동안구 학의로 70 샛별관 1층,031-468-9330,-,-,-,https://www.aytalent.or.kr,최대호
지방공공기관,안양산업진흥원,안양산업진흥원,본점,경기도 안양시,출연기관(중소기업진흥),경기도 안양시 동안구 시민대로 248번길 24,031-8045-6700,-,-,-,www.aba.or.kr,조광희
지방공공기관,안양시민프로축구단,안양시민프로축구단,본점,경기도 안양시,출연기관(기타),"안양시 동안구 평촌대로 389(비산동, 종합운동장)",031-476-3200,-,-,-,www.fc-anyang.com,최대호
지방공공기관,재단법인 안양 군포 의왕 과천 공동급식지원센터,재단법인 안양 군포 의왕 과천 공동급식지원센터,본점,경기도 안양시,출연기관(기타),"경기도 안양시 동안구 흥안대로409번길 58, 2층",031-458-6659,-,-,-,https://www.agucfc.or.kr/,박미진
지방공공기관,재단법인 남양주시복지재단,재단법인 남양주시복지재단,본점,경기도 남양주시,출연기관(복지자원봉사),경기도 남양주시 다산중앙로 7(다산동) 행정복지센터 내 1층,031-590-1378,-,-,-,www.nyjwf.or.kr,○ 심우만
지방공공기관,재단법인화성푸드통합지원센터,재단법인화성푸드통합지원센터,본점,경기도 화성시,출연기관(농식품),경기도 화성시 봉담읍 서봉산길 10,031-278-3600,-,-,-,www.hsfoodcenter.or.kr,이원철
지방공공기관,화성시문화재단,화성시문화재단,본점,경기도 화성시,출연기관(문화),경기도 화성시 노작로 134,031-8015-8100,-,-,-,https://www.hcf.or.kr/,"ㅇ이사장 : 정명근, 대표이사 : 김신아"
지방공공기관,재단법인 화성시복지재단,재단법인 화성시복지재단,본점,경기도 화성시,출연기관(복지자원봉사),"경기도 화성시 향남읍 향남로 470, 화성종합경기타운 J3구역",031-353-5114,-,-,-,https://www.hsswf.or.kr,고원준
지방공공기관,재단법인 화성시여성가족청소년재단,재단법인 화성시여성가족청소년재단,본점,경기도 화성시,출연기관(여성·청소년),경기도 화성시 남양읍 시청로 155,데이터 없음,-,-,-,https://www.hswf.or.kr,박윤희
지방공공기관,재단법인 화성시연구원,재단법인 화성시연구원,본점,경기도 화성시,출연기관(연구원),경기도 화성시 동탄첨단산업1로 57,031-377-0680,-,-,-,-,-
지방공공기관,화성시인재육성재단,화성시인재육성재단,본점,경기도 화성시,출연기관(장학),"경기 화성시 10용사로 343-14, 2층",031-366-3630,-,-,-,http://www.hstree.org/,임선일
지방공공기관,재단법인 화성산업진흥원,재단법인 화성산업진흥원,본점,경기도 화성시,출연기관(중소기업진흥),"경기도 화성시 봉담읍 동화길 51, 프리미엄원희캐슬 A동 501~505호",031-278-4228,-,-,-,https://hipa.hscity.go.kr,김광재
지방공공기관,재단법인 화성시환경재단,재단법인 화성시환경재단,본점,경기도 화성시,출연기관(기타),"경기도 화성시 향남읍 향남로 470, 화성종합경기타운 1층(P5) 1302호",031-366-6850,-,-,-,http://hsef.or.kr,정명근
지방공공기관,재단법인 화성에프씨,재단법인 화성에프씨,본점,경기도 화성시,출연기관(기타),경기도 화성시 향남읍 향남로470,031-366-4081,-,-,-,http://www.hwaseongfc.com/,이기원/정명근
지방공공기관,재단법인 평택시로컬푸드재단,재단법인 평택시로컬푸드재단,본점,경기도 평택시,출연기관(농식품),경기도 평택시 오성면 청오로 33-34 평택시로컬푸드종합센터,031-612-1500,-,-,-,http://ptfood.kr,김준규
지방공공기관,재단법인 평택시문화재단,재단법인 평택시문화재단,본점,경기도 평택시,출연기관(문화),경기도 평택시 중앙로 277(비전동),031-8053-3500,-,-,-,http://www.pccf.or.kr/,이상균
지방공공기관,평택복지재단,평택복지재단,본점,경기도 평택시,출연기관(복지자원봉사),"경기도 평택시 팽성읍 팽성남산4길 6, 팽성복지타운 2층",031-650-2603,-,-,-,https://www.pyeongtaek.go.kr/ptwf/,임종철
지방공공기관,평택시청소년재단,평택시청소년재단,본점,경기도 평택시,출연기관(여성·청소년),경기도 평택시 진위면 진위로 181-94,031-610-4501,-,-,-,http://www.pyf.kr,임종철
지방공공기관,재단법인 평택시장학재단,재단법인 평택시장학재단,본점,경기도 평택시,출연기관(장학),경기도 평택시 평택5로 185(비전동),031-651-5520,-,-,-,http://ptsf.or.kr,한상규
지방공공기관,평택산업진흥원,평택산업진흥원,본점,경기도 평택시,출연기관(중소기업진흥),경기도 평택시 서동대로 3825(평택대학교) 제2피어선빌딩 5층,031-8029-9108,-,-,-,pipabiz.or.kr,이학주
지방공공기관,평택시국제교류재단,평택시국제교류재단,본점,경기도 평택시,출연기관(기타),경기도 평택시 팽성읍 안정순환로 267번길 42,031-692-4301,-,-,-,pief.or.kr,최원용
지방공공기관,의정부리듬시티(주),의정부리듬시티(주),본점,경기도 의정부시,출자기관(건설·투자),"경기도 의정부시 용민로 192, 308호(민락동, 웅신프라자)",데이터 없음,-,-,-,없음,황영훈
지방공공기관,의정부리듬시티자산관리(주),의정부리듬시티자산관리(주),본점,경기도 의정부시,출자기관(건설·투자),"경기도 의정부시 용민로 192, 308호(민락동, 웅신프라자)",031-851-0922,-,-,-,-,강명구
지방공공기관,재단법인 의정부문화재단,재단법인 의정부문화재단,본점,경기도 의정부시,출연기관(문화),경기도 의정부시 의정로1(의정부동),031-828-5841,-,-,-,www.uac.or.kr,손경식
지방공공기관,재단법인 의정부시청소년재단,재단법인 의정부시청소년재단,본점,경기도 의정부시,출연기관(여성·청소년),경기도 의정부시 의정로27,031-828-9501,-,-,-,https://www.uiyouth.or.kr,김동근
지방공공기관,의정부시민장학회,의정부시민장학회,본점,경기도 의정부시,출연기관(장학),경기도 의정부시 의정로 165. 5층,031-877-8536,-,-,-,WWW.ujblove.or.kr,김진수
지방공공기관,재단법인 의정부시 상권활성화재단,재단법인 의정부시 상권활성화재단,본점,경기도 의정부시,출연기관(기타),"경기도 의정부시 태평로73번길 20(의정부동, 의정부제일시장) 라동 2층",데이터 없음,-,-,-,www.uihope.or.kr,박봉수
지방공공기관,재단법인 의정부시평생학습원,재단법인 의정부시평생학습원,본점,경기도 의정부시,출연기관(기타),경기도 의정부시 의정로 165,031-826-9972,-,-,-,learning.ull.or.kr,유상진
지방공공기관,(주)시흥매화산단개발,(주)시흥매화산단개발,본점,경기도 시흥시,출자기관(건설·투자),"경기도 시흥시 비둘기공원 1길 23, 302호",데이터 없음,-,-,-,-,이력
지방공공기관,재단법인 시흥시청소년재단,재단법인 시흥시청소년재단,본점,경기도 시흥시,출연기관(여성·청소년),"경기도 시흥시 소래산길 11, ABC행복학습타운 으뜸관 305호",031-453-7601,-,-,-,http://shyouth.or.kr/,이덕희
지방공공기관,재단법인 시흥시인재양성재단,재단법인 시흥시인재양성재단,본점,경기도 시흥시,출연기관(장학),"경기도 시흥시 소래산길 11 (대야동,ABC행복학습타운) 으뜸관 304호",031-310-3493,-,-,-,www.shinjae.or.kr,임병택
지방공공기관,시흥산업진흥원,시흥산업진흥원,본점,경기도 시흥시,출연기관(중소기업진흥),"경기도 시흥시 산기대학로 237, 시흥비즈니스센터 10층",031-319-2152,-,-,-,www.sida.kr,유병욱
지방공공기관,시흥도시재생지원센터,시흥도시재생지원센터,본점,경기도 시흥시,출연기관(기타),경기도 시흥시 신천로44번안길 15 (신천동),031-362-6655,-,-,-,http://www.shurc.or.kr/,김학민
지방공공기관,파주디엠지곤돌라(주),파주디엠지곤돌라(주),본점,경기도 파주시,출자기관(관광),경기도 파주시 문산읍 임진각로 148-73,데이터 없음,-,-,-,https://www.dmzgondola.com/,이백형
지방공공기관,(주)파주장단콩웰빙마루,(주)파주장단콩웰빙마루,본점,경기도 파주시,출자기관(제조·유통),경기도 파주시 탄현면 필승로 396,031-943-2662,-,-,-,http://www.pajumaru.com,정헌주
지방공공기관,재단법인 파주시청소년재단,재단법인 파주시청소년재단,본점,경기도 파주시,출연기관(여성·청소년),경기도 파주시 통일로 1680,031-540-5200,-,-,-,http://www.pcy.or.kr,김경일
지방공공기관,파주시행복장학회,파주시행복장학회,본점,경기도 파주시,출연기관(장학),경기도 파주시 중앙로 160,031-945-3436,-,-,-,www.happypaju.or.kr,김영숙
지방공공기관,광명문화재단,광명문화재단,본점,경기도 광명시,출연기관(문화),경기도 광명시 시청로20 (광명시시민회관 내),데이터 없음,-,-,-,gmcf.or.kr,이사장: 박승원(광명시장)
지방공공기관,광명시자원봉사센터,광명시자원봉사센터,본점,경기도 광명시,출연기관(복지자원봉사),"경기도 광명시 철산로 56, 철산3동행정복지센터 5층",02-2687-1365,-,-,-,www.gm1365.or.kr,박승원
지방공공기관,광명시청소년재단,광명시청소년재단,본점,경기도 광명시,출연기관(여성·청소년),경기도 광명시 소하일로 9,데이터 없음,-,-,-,https://blog.naver.com/gmyouth_2018,박승원
지방공공기관,광명시인재육성재단,광명시인재육성재단,본점,경기도 광명시,출연기관(장학),경기도 광명시 시청로 20,02-2680-6914,-,-,-,https://blog.naver.com/gmjanghak,박승원
지방공공기관,김포빅데이터(주),김포빅데이터(주),본점,경기도 김포시,출자기관(기타),"경기도 김포시 봉화로 21, 3층 나호",데이터 없음,-,-,-,-,이용석
지방공공기관,김포문화재단,김포문화재단,본점,경기도 김포시,출연기관(문화),경기도 김포시 돌문로 26,031-999-3927,-,-,-,www.gcf.or.kr,김병수
지방공공기관,김포복지재단,김포복지재단,본점,경기도 김포시,출연기관(복지자원봉사),"경기도 김포시 고촌읍 은행영사정로23번길 52-15, 4층",031-989-0341,-,-,-,www.bestgcf.or.kr,정하영
지방공공기관,재단법인 김포시청소년재단,재단법인 김포시청소년재단,본점,경기도 김포시,출연기관(여성·청소년),경기도 김포시 걸포로 76,031-980-1621,-,-,-,http://www.fgy.or.kr,심상연
지방공공기관,김포시민장학회,김포시민장학회,본점,경기도 김포시,출연기관(장학),경기도 김포시 사우중로 3번길13-17,031-986-7717,-,-,-,www.gimpojh.or.kr,구기도
지방공공기관,재단법인 김포산업진흥원,재단법인 김포산업진흥원,본점,경기도 김포시,출연기관(중소기업진흥),-,-,-,-,-,https://www.gopa.or.kr,박정애
지방공공기관,재단법인 김포에프씨,재단법인 김포에프씨,본점,경기도 김포시,출연기관(기타),경기도 김포시 김포한강3로 385(마산동),031-986-5516,-,-,-,www.gimpofc.co.kr,김병수
지방공공기관,군포문화재단,군포문화재단,본점,경기도 군포시,출연기관(문화),경기도 군포시 고산로 599,031-390-3541,-,-,-,https://www.gunpocf.or.kr/,전형주
지방공공기관,재단법인 군포시청소년재단,재단법인 군포시청소년재단,본점,경기도 군포시,출연기관(여성·청소년),경기도 군포시 산본로 322,031-390-1400,-,-,-,https://www.gpyf.or.kr/,최윤택
지방공공기관,군포사랑장학회,군포사랑장학회,본점,경기도 군포시,출연기관(장학),군포시 청백리길 6 (군포시청 2층),031-390-0995,-,-,-,http://www.gunpolove.or.kr,김성철
지방공공기관,군포산업진흥원,군포산업진흥원,본점,경기도 군포시,출연기관(중소기업진흥),경기도 군포시 군포첨단산업2로 22번길5,데이터 없음,-,-,-,http://gpipa.or.kr,이석진
지방공공기관,재단법인 광주시문화재단,재단법인 광주시문화재단,본점,경기도 광주시,출연기관(문화),"경기도 광주시 회안대로 891, 남한산성아트홀 문화동 (송정동)",데이터 없음,-,-,-,https://www.nsart.or.kr/index.do,방세환
지방공공기관,광주시민장학회,광주시민장학회,본점,경기도 광주시,출연기관(장학),경기도 광주시 행정타운로 50,031-760-4855,-,-,-,www.gjcsf.or.kr,이원범
지방공공기관,재단법인 이천문화재단,재단법인 이천문화재단,본점,경기도 이천시,출연기관(문화),"경기도 이천시 부악로 40, 이천아트홀 2층",031-631-9731,-,-,-,www.artic.or.kr,이응광
지방공공기관,재단법인 이천시자원봉사센터,재단법인 이천시자원봉사센터,본점,경기도 이천시,출연기관(복지자원봉사),경기도 이천시 남천로 31,데이터 없음,-,-,-,https://icheonvol.or.kr/,이미선
지방공공기관,재단법인 이천시청소년재단,재단법인 이천시청소년재단,본점,경기도 이천시,출연기관(여성·청소년),경기도 이천시 영창로 260,031-637-6594,-,-,-,http://www.icfyouth.or.kr/,김경희
지방공공기관,양주역세권개발자산관리(주),양주역세권개발자산관리(주),본점,경기도 양주시,출자기관(건설·투자),-,-,-,-,-,-,-
지방공공기관,양주역세권개발피에프브이주식회사,양주역세권개발피에프브이주식회사,본점,경기도 양주시,출자기관(건설·투자),"경기도 양주시 녹양로 206, 2층(남방동)",데이터 없음,-,-,-,-,박건우
지방공공기관,양주시희망장학재단,양주시희망장학재단,본점,경기도 양주시,출연기관(장학),경기도 양주시 화합로 1457-45,031-8082-5614,-,-,-,http://www.yjdream.kr,이진규
지방공공기관,오산운암뜰도시개발프로젝트금융투자주식회사,오산운암뜰도시개발프로젝트금융투자주식회사,본점,경기도 오산시,출자기관(건설·투자),"ㆍ경기도 오산시 오산로 164, 872(원동 양우프라자)",02-6205-1310,-,-,-,http://www.xn--h49a23sb1d4sfzzgv9a32a.com/,김우진
지방공공기관,오산문화재단,오산문화재단,본점,경기도 오산시,출연기관(문화),경기도 오산시 현충로 100,031-379-9900,-,-,-,https://osan.go.kr/arts/main.do,이수영
지방공공기관,오산교육재단,오산교육재단,본점,경기도 오산시,출연기관(장학),경기도 오산시 현충로 100 2층,031-377-1670,-,-,-,https://www.osan.go.kr/edu/front/M0000001/content/view.do,이권재
지방공공기관,재단법인 구리문화재단,재단법인 구리문화재단,본점,경기도 구리시,출연기관(문화),"경기도 구리시 아차산로 453, 4층(교문동, 구리시아트홀)",031-580-7900,-,-,-,www.guriart.or.kr,백경현/ 진화자
지방공공기관,재단법인 구리시청소년재단,재단법인 구리시청소년재단,본점,경기도 구리시,출연기관(여성·청소년),경기도 구리시 건원대로34번길 32-10 구리시청소년수련관,데이터 없음,-,-,-,http://www.guriyouth.go.kr,백경현
지방공공기관,재단법인 구리시상권활성화재단,재단법인 구리시상권활성화재단,본점,경기도 구리시,출연기관(기타),"경기 구리시 아차산로 439(교문동,구리시청) 별관 1층 구리시상권활성화재단",031-550-8389,-,-,-,http://www.gurimr.or.kr,백경현
지방공공기관,주식회사 안성테크노밸리,주식회사 안성테크노밸리,본점,경기도 안성시,출자기관(건설·투자),경기도 안성시 양성면 덕봉서원로 635,데이터 없음,-,-,-,www.astv21.co.kr,안태건
지방공공기관,안성시민장학회,안성시민장학회,본점,경기도 안성시,출연기관(장학),경기도 안성시 시청길 25(봉산동),031-671-7011,-,-,-,http://www.ascsf.or.kr,박현철
지방공공기관,재단법인 포천시농업재단,재단법인 포천시농업재단,본점,경기도 포천시,출연기관(농식품),"경기도 포천시 신북면 틀못이길 11-88, 포천시농업기술센터 3층",031-538-6800,-,-,-,https://www.pcaf.or.kr/,석영환
지방공공기관,재단법인 포천문화관광재단,재단법인 포천문화관광재단,본점,경기도 포천시,출연기관(문화),경기도 포천시 군내면 청성로111 포천반월아트홀,031-535-6939,-,-,-,https://www.pcfac.or.kr/,백영현
지방공공기관,재단법인 포천시청소년재단,재단법인 포천시청소년재단,본점,경기도 포천시,출연기관(여성·청소년),경기도 포천시 소흘읍 호국로523번길 59-56,데이터 없음,-,-,-,-,-
지방공공기관,재단법인 포천시교육재단,재단법인 포천시교육재단,본점,경기도 포천시,출연기관(장학),-,-,-,-,-,http://pc-scholarship.or.kr,박윤국
지방공공기관,의왕시청소년재단,의왕시청소년재단,본점,경기도 의왕시,출연기관(여성·청소년),경기도 의왕시 문화공원로 33,데이터 없음,-,-,-,http://www.uyf.or.kr,김성제
지방공공기관,의왕시인재육성재단,의왕시인재육성재단,본점,경기도 의왕시,출연기관(장학),"경기도 의왕시 오전로122, 의왕시 평생학습관 2층 의왕시 인재육성재단",031-345-2590,-,-,-,http://www.uwinjae.or.kr/main/,김성제
지방공공기관,하남문화재단,하남문화재단,본점,경기도 하남시,출연기관(문화),경기도 하남시 신평로 125,031-790-7979,-,-,-,https://www.hnart.or.kr,이현재
지방공공기관,하남시자원봉사센터,하남시자원봉사센터,본점,경기도 하남시,출연기관(복지자원봉사),"경기도 하남시 신장동로15, 6층(신장동, 하남시종합복지타운)",031-790-6820,-,-,-,www.hanamvc1365.or.kr,이현재
지방공공기관,재단법인 하남교육재단,재단법인 하남교육재단,본점,경기도 하남시,출연기관(장학),"경기도 하남시 신장로228번길 5, 2층",031-792-1661,-,-,-,www.hedu.or.kr,이현재
지방공공기관,푸르메여주팜 주식회사,푸르메여주팜 주식회사,본점,경기도 여주시,출자기관(제조·유통),경기도 여주시 도예로 247,031-882-5181,-,-,-,-,-
지방공공기관,재단법인 여주세종문화관광재단,재단법인 여주세종문화관광재단,본점,경기도 여주시,출연기관(문화),경기도 여주시 신륵사길 7-1 (천송동 297-5),031-881-9675,-,-,-,https://www.yjcf.or.kr/yjcf,이순열
지방공공기관,여주시인재육성장학회,여주시인재육성장학회,본점,경기도 여주시,출연기관(장학),경기도 여주시 신륵사길 6-6,031-887-2583,-,-,-,www.yeojulove.or.kr,유영설
지방공공기관,과천축제,과천축제,본점,경기도 과천시,출연기관(문화),-,-,-,-,-,-,청산
지방공공기관,재단법인 과천문화재단,재단법인 과천문화재단,본점,경기도 과천시,출연기관(문화),경기도 과천시 통영로 5,02-2009-9700,-,-,-,http://gcart.or.kr,김종천
지방공공기관,과천시청소년육성재단,과천시청소년육성재단,본점,경기도 과천시,출연기관(여성·청소년),경기도 과천시 참마을로9 과천시청소년수련관 1층,02-2150-3916,-,-,-,www.gc1318.or.kr,김종천
지방공공기관,과천시애향장학회,과천시애향장학회,본점,경기도 과천시,출연기관(장학),경기도 과천시 관문로 69,02-3677-2502,-,-,-,http://www.gcsf.kr,김강수
지방공공기관,세미원,세미원,본점,경기도 양평군,출연기관(문화),경기도 양평군 양서면 양수로 93,031-775-1835,-,-,-,http://www.semiwon.or.kr/,이계환
지방공공기관,양평문화재단,양평문화재단,본점,경기도 양평군,출연기관(문화),경기도 양평군 양평읍 물안개공원길 38(양평생활문화센터),031-771-2610,-,-,-,https://ypcf.or.kr/,박신선
지방공공기관,양평군교육발전위원회,양평군교육발전위원회,본점,경기도 양평군,출연기관(장학),경기도 양평군 양평읍 마유산로 3 평생학습센터 4층,031-770-2774,-,-,-,www.ypedc.or.kr/,이태희
지방공공기관,자나라인(주),자나라인(주),본점,경기도 가평군,출자기관(관광),경기도 가평군 가평읍 달전리 144번지 스카이라인 짚와이어,031-582-8091,-,-,-,www.zipwire.co.kr,-
지방공공기관,가평군복지재단,가평군복지재단,본점,경기도 가평군,출연기관(복지자원봉사),"경기도 가평군 가평읍 문화로131, 가평체육관 1층",031-582-2210,-,-,-,http://www.gcwf.or.kr,서태원
지방공공기관,연천군청소년육성재단,연천군청소년육성재단,본점,경기도 연천군,출연기관(여성·청소년),경기도 연천군 전곡읍 전영로 11,데이터 없음,-,-,-,http://www.ycyc.or.kr,김덕현
지방공공기관,경기도교육연구원,경기도교육연구원,본점,경기도 교육청 경기도 교육청,출연기관(연구원),-,-,-,-,-,http://www.gie.re.kr,-
지방공공기관,주식회사 강원중도개발공사,주식회사 강원중도개발공사,본점,강원특별자치도 강원특별자치도,출자기관(건설·투자),"강원도 춘천시 금강로 81, 4층 (운교동)",033-255-9100,-,-,-,www.lldevlopment.co.kr,김준우
지방공공기관,태백가덕산풍력발전 주식회사,태백가덕산풍력발전 주식회사,본점,강원특별자치도 강원특별자치도,출자기관(에너지·환경),강원특별자치도 태백시 고무덕길 131,데이터 없음,-,-,-,-,권오철
지방공공기관,(주)강원심층수,(주)강원심층수,본점,강원특별자치도 강원특별자치도,출자기관(제조·유통),강원도 고성군 죽왕면 심층수길 124-19,033-638-9900,-,-,-,https://www.k1water.co.kr/index.asp,천병수
지방공공기관,주식회사 강원수출,주식회사 강원수출,본점,강원특별자치도 강원특별자치도,출자기관(제조·유통),"강원도 춘천시 소양강로 56, 바이오5동 303호",033-258-6772,-,-,-,https://www.gwexport.co.kr/,함승우
지방공공기관,강원문화재단,강원문화재단,본점,강원특별자치도 강원특별자치도,출연기관(문화),강원특별자치도 춘천시 안마산로 85 한숲캐슬 4층,033-240-1311,-,-,-,http://gwcf.or.kr/ko/,신현상
지방공공기관,재단법인 강원관광재단,재단법인 강원관광재단,본점,강원특별자치도 강원특별자치도,출연기관(문화),강원도 춘천시 안마산로89 세종캐슬 3층,033-269-8900,-,-,-,www.gwto.or.kr,최성현
지방공공기관,재단법인 강원특별자치도 사회서비스원,재단법인 강원특별자치도 사회서비스원,본점,강원특별자치도 강원특별자치도,출연기관(복지자원봉사),"강원특별자치도 춘천시 외솔길25, 2층",033-248-5700,-,-,-,https://gangwon.pass.or.kr/,이은영
지방공공기관,강원신용보증재단,강원신용보증재단,본점,강원특별자치도 강원특별자치도,출연기관(신용보증),강원특별자치도 춘천시 중앙로 45 (중앙로1가),033-260-0001,-,-,-,www.gwsinbo.or.kr,김기선
지방공공기관,한국여성수련원,한국여성수련원,본점,강원특별자치도 강원특별자치도,출연기관(여성·청소년),강원특별자치도 강릉시 옥계면 금진솔밭길 148-19,033-530-4300,-,-,-,https://www.kwcenter.or.kr/,함영이
지방공공기관,강원연구원,강원연구원,본점,강원특별자치도 강원특별자치도,출연기관(연구원),강원특별자치도 춘천시 서면 박사로 880,033-250-1375,-,-,-,www..gi.re.kr,현진권
지방공공기관,스크립스코리아항체연구원,스크립스코리아항체연구원,본점,강원특별자치도 강원특별자치도,출연기관(연구원),"강원특별자치도 춘천시 강원대학길 1, 의생명과학관 B동 / (종사무소) 강원특별자치도 홍천군 북방면 두개비산로 199-10",033-250-8086,-,-,-,www.skai.or.kr,정연호
지방공공기관,재단법인 강원문화재연구소,재단법인 강원문화재연구소,본점,강원특별자치도 강원특별자치도,출연기관(연구원),-,-,-,-,-,http://www.gich.or.kr,정광열
지방공공기관,한국기후변화연구원,한국기후변화연구원,본점,강원특별자치도 강원특별자치도,출연기관(연구원),"강원특별자치도 춘천시 수변공원길 11, 대호빌딩 2동(3층, 4층)",033-254-2129,-,-,-,www.kric.re.kr,김복진
지방공공기관,강원특별자치도강릉의료원,강원특별자치도강릉의료원,본점,강원특별자치도 강원특별자치도,출연기관(의료원),강원도 강릉시 경강로 2007,033-610-1200,-,-,-,https://www.gnmc.co.kr,-
지방공공기관,강원특별자치도삼척의료원,강원특별자치도삼척의료원,본점,강원특별자치도 강원특별자치도,출연기관(의료원),강원특별자치도 삼척시 오십천로 418,033-572-1141,-,-,-,http://ksmc.or.kr/,신동일
지방공공기관,강원특별자치도속초의료원,강원특별자치도속초의료원,본점,강원특별자치도 강원특별자치도,출연기관(의료원),강원특별자치도 속초시 영랑호반길 3,033-630-6010,-,-,-,SOKCHOMC@NAVER.COM,-
지방공공기관,강원특별자치도영월의료원,강원특별자치도영월의료원,본점,강원특별자치도 강원특별자치도,출연기관(의료원),강원특별자치도 영월군 영월읍 중앙1로 59,033-370-9100,-,-,-,http://www.youngwol.org/,서영준
지방공공기관,강원특별자치도원주의료원,강원특별자치도원주의료원,본점,강원특별자치도 강원특별자치도,출연기관(의료원),강원특별자치도 원주시 서원대로 387,033-760-4500,-,-,-,www.kwmc.or.kr,권태형
지방공공기관,재단법인 강원인재육성평생교육진흥원,재단법인 강원인재육성평생교육진흥원,본점,강원특별자치도 강원특별자치도,출연기관(장학),-,-,-,-,-,http://injae.gwd.go.kr/injae,김학철
지방공공기관,재단법인 강원특별자치도경제진흥원,재단법인 강원특별자치도경제진흥원,본점,강원특별자치도 강원특별자치도,출연기관(중소기업진흥),강원특별자치도 원주시 호저로 47(우산동 405-29),033-749-3302,-,-,-,http://gwep.or.kr,권오광
지방공공기관,강원테크노파크,강원테크노파크,본점,강원특별자치도 강원특별자치도,출연기관(테크노파크),강원도 춘천시 신북로 61-10,033-248-5664,-,-,-,www.gwtp.or.kr,김성인
지방공공기관,재단법인 2018평창기념재단,재단법인 2018평창기념재단,본점,강원특별자치도 강원특별자치도,출연기관(기타),"강원도 평창군 대관령면 올림픽로 220, 평창올림픽기념관 1층",033-330-5218,-,-,-,www.legacy2018.org,-
지방공공기관,재단법인 강원디자인진흥원,재단법인 강원디자인진흥원,본점,강원특별자치도 강원특별자치도,출연기관(기타),강원특별자치도 춘천시 삭주로145번길 46,033-252-5500,-,-,-,http://www.gidp.kr/gidp,최인숙
지방공공기관,재단법인 강원혁신도시발전지원센터,재단법인 강원혁신도시발전지원센터,본점,강원특별자치도 강원특별자치도,출연기관(기타),"강원특별자치도 원주시 세계로 9, 강원혁신지식산업센터 3층",033-733-1472,-,-,-,http://www.gicc.or.kr,심재환
지방공공기관,춘천학곡도시개발(주),춘천학곡도시개발(주),본점,강원특별자치도 춘천시,출자기관(건설·투자),"춘천시 동내면 영서로 1787, 2층",데이터 없음,-,-,-,http://www.hakgoksp.co.kr,한대웅
지방공공기관,재단법인 춘천지역먹거리통합지원센터,재단법인 춘천지역먹거리통합지원센터,본점,강원특별자치도 춘천시,출연기관(농식품),춘천시 마장길 39(사농동),데이터 없음,-,-,-,http://clf.re.kr,강청룡
지방공공기관,재단법인 춘천문화재단,재단법인 춘천문화재단,본점,강원특별자치도 춘천시,출연기관(문화),강원도 춘천시 효자상길5번길 13(효자동),033-262-1360,-,-,-,https://www.cccf.or.kr,최연호
지방공공기관,재단법인 춘천지혜의숲,재단법인 춘천지혜의숲,본점,강원특별자치도 춘천시,출연기관(복지자원봉사),-,-,-,-,-,https://www.cc5070.or.kr/,신용준
지방공공기관,재단법인 춘천시민장학재단,재단법인 춘천시민장학재단,본점,강원특별자치도 춘천시,출연기관(장학),"강원도 춘천시 삭주로 3, 춘천도시공사 3층(교동)",033-250-4816,-,-,-,http://ccbomnae.or.kr,육동한
지방공공기관,재단법인 강원정보문화산업진흥원,재단법인 강원정보문화산업진흥원,본점,강원특별자치도 춘천시,출연기관(지식정보산업),24461 강원도 춘천시 서면 박사로 854,033-245-6113,-,-,-,www.gica.or.kr,서병조
지방공공기관,춘천바이오산업진흥원,춘천바이오산업진흥원,본점,강원특별자치도 춘천시,출연기관(지식정보산업),강원도 춘천시 소양강로 32 춘천바이오타운 바이오1동 112호,033-258-6913,-,-,-,www.cbf.or.kr,-
지방공공기관,재단법인 춘천레저태권도조직위원회,재단법인 춘천레저태권도조직위원회,본점,강원특별자치도 춘천시,출연기관(기타),강원도 춘천시 스포츠타운길 124 의암야구장,데이터 없음,-,-,-,http://www.cleisure.org/,육동한
지방공공기관,재단법인 춘천시 주민자치지원센터,재단법인 춘천시 주민자치지원센터,본점,강원특별자치도 춘천시,출연기관(기타),강원도 춘천시 시청길 11,033-256-2071,-,-,-,https://bommaji.co.kr,성길용
지방공공기관,원주부론일반산업단지주식회사,원주부론일반산업단지주식회사,본점,강원특별자치도 원주시,출자기관(건설·투자),"강원도 원주시 송삼길 212, 2층",033-764-9500,-,-,-,http://wonjuvvalley.com,강인선
지방공공기관,원주화훼특화관광단지개발(주),원주화훼특화관광단지개발(주),본점,강원특별자치도 원주시,출자기관(건설·투자),"강원도 원주시 천사로 8, 3층",033-747-7680,-,-,-,-,김영만
지방공공기관,원주문화재단,원주문화재단,본점,강원특별자치도 원주시,출연기관(문화),강원도 원주시 향교길77,033-763-9630,-,-,-,http://www.wcf.or.kr,원강수
지방공공기관,원주의료기기테크노밸리,원주의료기기테크노밸리,본점,강원특별자치도 원주시,출연기관(지식정보산업),강원도 원주시 지정면 기업도시로 200,033-760-6100,-,-,-,www.wmit.or.kr,김광수
지방공공기관,(주)강릉농산물도매시장,(주)강릉농산물도매시장,본점,강원특별자치도 강릉시,출자기관(제조·유통),강원도 강릉시 유산로 60,033-646-4654,-,-,-,www.gnns.co.kr,원의식
지방공공기관,강릉문화재단,강릉문화재단,본점,강원특별자치도 강릉시,출연기관(문화),"강원도 강릉시 경강로2021번길 9-1(명주동, 명주예술마당)",033-647-6800,-,-,-,http://www.gncaf.or.kr,김홍규
지방공공기관,재단법인 강릉시 미래인재육성재단,재단법인 강릉시 미래인재육성재단,본점,강원특별자치도 강릉시,출연기관(장학),"강원도 강릉시 강릉대로 33, 10층 (홍제동, 강릉시청)",033-640-5060,-,-,-,https://www.gninjae.or.kr/,양원모
지방공공기관,강릉과학산업진흥원,강릉과학산업진흥원,본점,강원특별자치도 강릉시,출연기관(지식정보산업),"강원도 강릉시 과학단지로 106-11, 강릉과학산업진흥원",033-650-3331,-,-,-,www.gsipa.or.kr,장시택
지방공공기관,재단법인 강릉시민축구단,재단법인 강릉시민축구단,본점,강원특별자치도 강릉시,출연기관(기타),"강원도 강릉시 종합운동장길 69(교동), A204호",033-653-1777,-,-,-,www.gncityfc.com,김남식
지방공공기관,재단법인 동해문화관광재단,재단법인 동해문화관광재단,본점,강원특별자치도 동해시,출연기관(문화),강원도 동해시 평원로 15(천곡동),033-532-1945,-,-,-,www.dctf.or.kr,-
지방공공기관,재단법인 동해시민장학재단,재단법인 동해시민장학재단,본점,강원특별자치도 동해시,출연기관(장학),"강원도 동해시 천곡로 77, 동해시청 체육교육과",데이터 없음,-,-,-,https://www.dhcitizen.or.kr,이사장 심규언
지방공공기관,북방물류산업진흥원,북방물류산업진흥원,본점,강원특별자치도 동해시,출연기관(기타),"강원특별자치도 동해시 공단1로 177, 3층(구호동)",033-522-6502,-,-,-,http://www.dlif.or.kr/,심규언
지방공공기관,재단법인 태백시문화재단,재단법인 태백시문화재단,본점,강원특별자치도 태백시,출연기관(문화),"강원도 태백시 번영로 220, 3층(황지동, 국민체육센터)",033-553-6900,-,-,-,http://tbcf.or.kr,-
지방공공기관,태백시복지재단,태백시복지재단,본점,강원특별자치도 태백시,출연기관(복지자원봉사),(26044)강원특별자치도 태백시 태백로 1663(문곡동),033-581-5118,-,-,-,www.tbwf.kr,박하종
지방공공기관,태백시민향토장학회,태백시민향토장학회,본점,강원특별자치도 태백시,출연기관(장학),강원도 태백시 태붐로 21,033-550-2250,-,-,-,www.taebaek.go.kr,류태호
지방공공기관,재단법인 속초문화관광재단,재단법인 속초문화관광재단,본점,강원특별자치도 속초시,출연기관(문화),"강원도 속초시 번영로 155, 2층 속초문화관광재단",033-636-0664,-,-,-,http://sokchocf.or.kr/sokchocf,이병선
지방공공기관,(주)블랙밸리컨트리클럽,(주)블랙밸리컨트리클럽,본점,강원특별자치도 삼척시,출자기관(관광),강원도 삼척시 도계읍 도상로 307-84,033-540-5301,-,-,-,www.blackcc.co.kr,홍용
지방공공기관,재단법인 삼척관광문화재단,재단법인 삼척관광문화재단,본점,강원특별자치도 삼척시,출연기관(문화),강원특별자치도 삼척시 새천년도로 10,033-573-1500,-,-,-,-,-
지방공공기관,(재)삼척향토장학재단,(재)삼척향토장학재단,본점,강원특별자치도 삼척시,출연기관(장학),강원도 삼척시 중앙로 296(교동),033-570-4438,-,-,-,http://sclsf.or.kr,박상수
지방공공기관,삼척시도계장학재단,삼척시도계장학재단,본점,강원특별자치도 삼척시,출연기관(장학),강원도 삼척시 도계읍 도계로 308,033-570-4704,-,-,-,http://sclsf.or.kr/dogye,김양호
지방공공기관,원덕읍향토장학회,원덕읍향토장학회,본점,강원특별자치도 삼척시,출연기관(장학),강원도 삼척시 원덕읍 삼척로 440,033-572-6011,-,-,-,-,박상수
지방공공기관,홍천문화재단,홍천문화재단,본점,강원특별자치도 홍천군,출연기관(문화),강원도 홍천군 홍천읍 설악로 1792,033-439-5822,-,-,-,https://www.hccf.or.kr/Home/index,전명준
지방공공기관,홍천메디칼허브연구소,홍천메디칼허브연구소,본점,강원특별자치도 홍천군,출연기관(연구원),강원도 홍천군 홍천읍 생명과학관길 84,033-439-3211,-,-,-,http://www.himh.re.kr,신영재 이사장
지방공공기관,재단법인 횡성문화관광재단,재단법인 횡성문화관광재단,본점,강원특별자치도 횡성군,출연기관(문화),강원도 횡성군 횡성읍 문예로 41,데이터 없음,-,-,-,https://www.hscf.or.kr,채용식
지방공공기관,횡성인재육성장학회,횡성인재육성장학회,본점,강원특별자치도 횡성군,출연기관(장학),강원특별자치도 횡성군 횡성읍 문예로 75(횡성군립도서관 3층),033-344-1163,-,-,-,www.hssf.or.kr,조창진
지방공공기관,(주)영월에너지스테이션,(주)영월에너지스테이션,본점,강원특별자치도 영월군,출자기관(에너지·환경),강원도 영월군 남면 나뱅이길 62,033-372-8921,-,-,-,홈페이지 없음,이은주
지방공공기관,영월문화재단,영월문화재단,본점,강원특별자치도 영월군,출연기관(문화),강원도 영월군 영월읍 단종로 24,데이터 없음,-,-,-,www.ywcf.or.kr,최명서
지방공공기관,영월장학회,영월장학회,본점,강원특별자치도 영월군,출연기관(장학),강원특별자치도 영월군 영월읍 하송로 64,033-370-2961,-,-,-,https://www.yw.go.kr/www/contents.do?key=411,최명서
지방공공기관,재단법인 영월산업진흥원,재단법인 영월산업진흥원,본점,강원특별자치도 영월군,출연기관(지식정보산업),강원특별자치도 영월군 영월읍 팔괴 1 농공단지길 21-28 영월산업진흥원,033-375-5260,-,-,-,http://yipa.or.kr/,엄광열
지방공공기관,재단법인 평창푸드통합지원센터,재단법인 평창푸드통합지원센터,본점,강원특별자치도 평창군,출연기관(농식품),강원도 평창군 평창읍 경강로 2220,033-332-0714,-,-,-,https://www.pcfood.kr/,김엉균
지방공공기관,평창관광문화재단,평창관광문화재단,본점,강원특별자치도 평창군,출연기관(문화),강원특별자치도 평창군 평창읍 군청길 77,데이터 없음,-,-,-,-,-
지방공공기관,평창문화도시재단,평창문화도시재단,본점,강원특별자치도 평창군,출연기관(문화),-,-,-,-,-,http://www.artpc.co.kr/main/main.html,김도영
지방공공기관,평창장학회,평창장학회,본점,강원특별자치도 평창군,출연기관(장학),강원도 평창군 평창읍 군청길 77,033-330-2242,-,-,-,http://www.pc.go.kr/portal,심재국
지방공공기관,재단법인 평창유산재단,재단법인 평창유산재단,본점,강원특별자치도 평창군,출연기관(기타),강원도 평창군 평창읍 종부로 69-27 재단법인 평창유산재단,033-333-7241,-,-,-,http://pchf.or.kr/,심재국
지방공공기관,정선아리랑문화재단,정선아리랑문화재단,본점,강원특별자치도 정선군,출연기관(문화),강원도 정선군 정선읍 애산로 51,033-560-3011,-,-,-,http://www.jacf.or.kr/,최종수
지방공공기관,정선장학회,정선장학회,본점,강원특별자치도 정선군,출연기관(장학),강원도 정선군 정선읍 봉양3길 21,033-560-2185,-,-,-,https://www.jeongseon.go.kr/portal/partinfo/edu_employment/schoolarship,최승준
지방공공기관,재단법인 정선군상권활성화재단,재단법인 정선군상권활성화재단,본점,강원특별자치도 정선군,출연기관(기타),강원도 정선군 정선읍 5일장길 62(4층),데이터 없음,-,-,-,http://www.jmrf.or.kr,최승준
지방공공기관,재단법인 정선의료재단,재단법인 정선의료재단,본점,강원특별자치도 정선군,출연기관(기타),강원도 정선군 사북읍 지장천로 727,033-592-3212,-,-,-,http://www.jeongseonmc.com/,강선구
지방공공기관,재단법인 철원문화재단,재단법인 철원문화재단,본점,강원특별자치도 철원군,출연기관(문화),강원도 철원군 서면 약수로 3,033-452-9923,-,-,-,www.gcwcf.or.kr,-
지방공공기관,철원플라즈마산업기술연구원,철원플라즈마산업기술연구원,본점,강원특별자치도 철원군,출연기관(연구원),강원특별자치도 철원군 갈말읍 호국로 4620,033-452-9709,-,-,-,www.cpri.re.kr,이현종
지방공공기관,철원장학회,철원장학회,본점,강원특별자치도 철원군,출연기관(장학),강원도 철원군 갈말읍 삼부연로 51,데이터 없음,-,-,-,cws.or.kr,이현종
지방공공기관,나라,나라,본점,강원특별자치도 화천군,출연기관(문화),강원도 화천군 화천읍 산천어길 137,033-441-7575,-,-,-,www.narafestival.com,최문순
지방공공기관,화천군인재육성재단,화천군인재육성재단,본점,강원특별자치도 화천군,출연기관(장학),강원도 화천군 화천읍 화천새싹길 45,데이터 없음,-,-,-,www.hclib.or.kr,최문순
지방공공기관,재단법인 화천군청정산업진흥재단,재단법인 화천군청정산업진흥재단,본점,강원특별자치도 화천군,출연기관(기타),강원도 화천군 하남면 공단길 60,데이터 없음,-,-,-,-,화천군 부군수
지방공공기관,재단법인 화천한옥학교,재단법인 화천한옥학교,본점,강원특별자치도 화천군,출연기관(기타),강원도 화천군 간동면 모현동로 182-35,데이터 없음,-,-,-,www.hanokschool.co.kr,-
지방공공기관,재단법인 양구군스포츠재단,재단법인 양구군스포츠재단,본점,강원특별자치도 양구군,출연기관(문화),강원특별자치도 양구군 양구읍 파로호로 992-6(스포츠 전시관),데이터 없음,-,-,-,https://ygsf.or.kr/,(재)양구군스포츠재단 이사장 서흥원
지방공공기관,재단법인 양구문화재단,재단법인 양구문화재단,본점,강원특별자치도 양구군,출연기관(문화),"강원도 양구군 양구읍 비봉로73번길 52-1, 1층(양구문예회관)",033-482-9612,-,-,-,http://www.ygcf.or.kr/,조인묵
지방공공기관,(주)아름다운인제관광,(주)아름다운인제관광,본점,강원특별자치도 인제군,출자기관(관광),강원도 인제군 인제읍 설악로 2254,033-462-5217,-,-,-,www.injejump.co.kr,윤영희
지방공공기관,인제군문화재단,인제군문화재단,본점,강원특별자치도 인제군,출연기관(문화),강원도 인제군 인제읍 비봉로44번길 100,033-460-8900,-,-,-,www.injeart.or.kr,최상기
지방공공기관,재단법인 고성문화재단,재단법인 고성문화재단,본점,강원특별자치도 고성군,출연기관(문화),"강원도 고성군 간성읍 수성로 3, 달홀문화센터",033-681-0105,-,-,-,https://goseongcf.or.kr,함명준
지방공공기관,고성향토장학회,고성향토장학회,본점,강원특별자치도 고성군,출연기관(장학),강원도 고성군 고성중앙길 9,033-680-3446,-,-,-,https://gwgs.go.kr/,함명준
지방공공기관,재단법인 해양심층수산업 고성진흥원,재단법인 해양심층수산업 고성진흥원,본점,강원특별자치도 고성군,출연기관(기타),강원도 고성군 죽왕면 송지호로 42,033-635-2986,-,-,-,gdif.or.kr,김일섭
지방공공기관,재단법인 양양문화재단,재단법인 양양문화재단,본점,강원특별자치도 양양군,출연기관(문화),강원 양양군 양양읍 남문10길 9,033-671-7801,-,-,-,http://www.yycf.or.kr/contents/main.html,김진하
지방공공기관,양양군인재육성장학회,양양군인재육성장학회,본점,강원특별자치도 양양군,출연기관(장학),강원도 양양군 양양읍 군청길 1,033-670-2767,-,-,-,www.yysc.or.kr,김진하
지방공공기관,(재)강원교육복지재단,(재)강원교육복지재단,본점,강원특별자치도 교육청 강원특별자치도 교육청,출연기관(복지자원봉사),-,-,-,-,-,www.gewf.or.kr,-
지방공공기관,충북문화재단,충북문화재단,본점,충청북도 충청북도,출연기관(문화),"충청북도 청주시 청원구 향군로 94번길 7, 충북문화예술인회관 4층",043-222-5314,-,-,-,www.cbfc.or.kr,이시종
지방공공기관,충북신용보증재단,충북신용보증재단,본점,충청북도 충청북도,출연기관(신용보증),"충청북도 청주시 흥덕구 풍산로 50, 5층 (가경동, 충청북도중소기업종합지원센터)",043-249-5700,-,-,-,https://www.cbsinbo.or.kr,허은영
지방공공기관,충북여성재단,충북여성재단,본점,충청북도 충청북도,출연기관(여성·청소년),충청북도 청주시 상당구 목련로 27(지북동),데이터 없음,-,-,-,http://www.cbwf.re.kr,-
지방공공기관,재단법인 오송바이오진흥재단,재단법인 오송바이오진흥재단,본점,충청북도 충청북도,출연기관(연구원),"28515 충청북도 청주시 상당구 상당로 82(충북도청, 별관 3층)",043-220-4518,-,-,-,-,-
지방공공기관,충북연구원,충북연구원,본점,충청북도 충청북도,출연기관(연구원),충청북도 청주시 상당구 대성로 102-1(문화동),043-220-1177,-,-,-,www.cri.re.kr,정초시
지방공공기관,충청북도문화재연구원,충청북도문화재연구원,본점,충청북도 충청북도,출연기관(연구원),충청북도 청주시 청원구 밀레니엄4로 16,043-279-5400,-,-,-,https://www.chungbuk.re.kr:6038/,김영환
지방공공기관,충청북도 청주의료원,충청북도 청주의료원,본점,충청북도 충청북도,출연기관(의료원),충북 청주시 서원구 흥덕로 48,043-279-0114,-,-,-,https://www.cjmc.or.kr,김영규
지방공공기관,충청북도 충주의료원,충청북도 충주의료원,본점,충청북도 충청북도,출연기관(의료원),충청북도 충주시 안림로 239-50,043-871-0114,-,-,-,-,김종수
지방공공기관,재단법인 충북인재평생교육진흥원,재단법인 충북인재평생교육진흥원,본점,충청북도 충청북도,출연기관(장학),충청북도 청주시 상당구 가덕면 은행상야로 425 도민교육관 1층,043-224-0221,-,-,-,www.cbitle.or.kr,윤석규
지방공공기관,충북학사,충북학사,본점,충청북도 충청북도,출연기관(장학),충북 청주시 상당구 목련로 61-7(방서동),02-579-8655,-,-,-,www.cbhs.kr,윤홍창
지방공공기관,충청북도기업진흥원,충청북도기업진흥원,본점,충청북도 충청북도,출연기관(중소기업진흥),충북 청주시 흥덕구 풍산로 50,043-230-9700,-,-,-,www.cba.ne.kr,허경재
지방공공기관,재단법인 충북과학기술혁신원,재단법인 충북과학기술혁신원,본점,충청북도 충청북도,출연기관(지식정보산업),충청북도 청주시 청원구 오창읍 각리 1길 7,043-210-0800,-,-,-,http://www.cbist.or.kr,고근석
지방공공기관,충북테크노파크,충북테크노파크,본점,충청북도 충청북도,출연기관(테크노파크),충북 청주시 청원구 오창읍 연구단지로 40,데이터 없음,-,-,-,http://www.cbtp.or.kr,오원근
지방공공기관,(주)청주테크노폴리스,(주)청주테크노폴리스,본점,충청북도 청주시,출자기관(건설·투자),"청주시 흥덕구 직지대로 240번길 27, 2동 201호",043-271-9390,-,-,-,-,박봉규
지방공공기관,주식회사 서오창테크노밸리,주식회사 서오창테크노밸리,본점,충청북도 청주시,출자기관(건설·투자),"충청북도 청주시 흥덕구 강서로 107, 1104호(강서동)",02-729-5844,-,-,-,www.wotv21.co.kr,안태건
지방공공기관,청주시문화산업진흥재단,청주시문화산업진흥재단,본점,충청북도 청주시,출연기관(문화),충청북도 청주시 청원구 상당로 314,043-219-1006,-,-,-,http://cjculture.org/,변광섭
지방공공기관,청주복지재단,청주복지재단,본점,충청북도 청주시,출연기관(복지자원봉사),충북 청주시 서원구 무심서로333,043-222-3811,-,-,-,www.cjwf.net,이범석
지방공공기관,청주시정연구원,청주시정연구원,본점,충청북도 청주시,출연기관(연구원),충청북도 청주시 흥덕구 가경동 1078,043-201-1294,-,-,-,-,-
지방공공기관,충주드림파크개발 주식회사,충주드림파크개발 주식회사,본점,충청북도 충주시,출자기관(건설·투자),충북 충주시 중앙탑면 감노로 2104,043-851-5999,-,-,-,http://www.cjdp.co.kr/,-
지방공공기관,재단법인 충주문화관광재단,재단법인 충주문화관광재단,본점,충청북도 충주시,출연기관(문화),충주시 중앙로 128,043-850-7982,-,-,-,http://www.cjcf.or.kr,백인욱
지방공공기관,충주시장학회,충주시장학회,본점,충청북도 충주시,출연기관(장학),충주시 으뜸로21 충주시청 10층,데이터 없음,-,-,-,https://www.cjsf.or.kr,권용만
지방공공기관,충주당뇨바이오진흥재단,충주당뇨바이오진흥재단,본점,충청북도 충주시,출연기관(지식정보산업),-,-,-,-,-,-,-
지방공공기관,재단법인 제천문화재단,재단법인 제천문화재단,본점,충청북도 제천시,출연기관(문화),"충청북도 제천시 의림대로 242(청전동, 제천영상미디어센터)",043-645-4998,-,-,-,http://www.jccf.or.kr,김상수
지방공공기관,재단법인 제천복지재단,재단법인 제천복지재단,본점,충청북도 제천시,출연기관(복지자원봉사),"충북 제천시 내토로 293, 2층",043-641-5332,-,-,-,http://www.jcwf.or.kr/,유용식
지방공공기관,제천시인재육성재단,제천시인재육성재단,본점,충청북도 제천시,출연기관(장학),"충북 제천시 의림대로 238, 제천하우스 1층",043-641-5484,-,-,-,https://www.jcbrain.kr,-
지방공공기관,제천한방바이오진흥재단,제천한방바이오진흥재단,본점,충청북도 제천시,출연기관(지식정보산업),충북 제천시 한방엑스포로 19(왕암동),043-647-1011,-,-,-,http://www.jcbio.or.kr,조정희
지방공공기관,보은군민장학회,보은군민장학회,본점,충청북도 보은군,출연기관(장학),충북 보은군 보은읍 군청길 38,043-544-2314,-,-,-,https://www.boeun.go.kr/www/contents.do?key=1023,최재형
지방공공기관,옥천군장학회,옥천군장학회,본점,충청북도 옥천군,출연기관(장학),충북 옥천군 옥천읍 중앙로 99,043-730-3602,-,-,-,www.ocjh.oc.go.kr,황규철
지방공공기관,영동축제관광재단,영동축제관광재단,본점,충청북도 영동군,출연기관(문화),"충북 영동군 영동읍 영동황간로 122, 2층",데이터 없음,-,-,-,https://yd21.go.kr/ydft/,박세복
지방공공기관,영동군민장학회,영동군민장학회,본점,충청북도 영동군,출연기관(장학),충북 영동군 영동읍 동정로 1,043-740-3774,-,-,-,https://ydjh.yd21.go.kr/,정영철
지방공공기관,증평이산업단지개발(주),증평이산업단지개발(주),본점,충청북도 증평군,출자기관(건설·투자),-,-,-,-,-,-,-
지방공공기관,증평복지재단,증평복지재단,본점,충청북도 증평군,출연기관(복지자원봉사),충북 증평군 증평읍 보건복지로 64-2,043-835-4273,-,-,-,http://www.jpwelfare.or.kr/,신연택
지방공공기관,증평군민장학회,증평군민장학회,본점,충청북도 증평군,출연기관(장학),충청북도 증평군 증평읍 광장로 88,043-835-4622,-,-,-,https://www.jp.go.kr/janghak.do,홍성열
지방공공기관,송두산업단지개발(주),송두산업단지개발(주),본점,충청북도 진천군,출자기관(건설·투자),-,-,-,-,-,홈페이지 없음,-
지방공공기관,진천테크노폴리스개발 주식회사,진천테크노폴리스개발 주식회사,본점,충청북도 진천군,출자기관(기타),"충청북도 진천군 진천읍 문화로 19, 3층 (장미웨딩홀)",데이터 없음,-,-,-,http://www.jctp.co.kr/,최성욱
지방공공기관,진천군장학회,진천군장학회,본점,충청북도 진천군,출연기관(장학),충청북도 진천군 진천읍 포석길 37-10,데이터 없음,-,-,-,https://www.jincheon.go.kr/jcjh/main.do,송기섭
지방공공기관,괴산대제산업단지(주),괴산대제산업단지(주),본점,충청북도 괴산군,출자기관(건설·투자),-,-,-,-,-,홈페이지 없음,민병구
지방공공기관,(재)괴산군문화예술체육진흥재단,(재)괴산군문화예술체육진흥재단,본점,충청북도 괴산군,출연기관(문화),충청북도 괴산군 괴산읍 임꺽정로 90,데이터 없음,-,-,-,-,이차영
지방공공기관,괴산군민장학회,괴산군민장학회,본점,충청북도 괴산군,출연기관(장학),충북 괴산군 괴산읍 임꺽정로 90,043-830-3125,-,-,-,https://www.goesan.go.kr/gslll/index.do,송인헌
지방공공기관,성본산업단지 주식회사,성본산업단지 주식회사,본점,충청북도 음성군,출자기관(건설·투자),충청북도 음성군 대소면 대동로 504,데이터 없음,-,-,-,http://sbon.co.kr,손달섭
지방공공기관,오선일반산업단지(주),오선일반산업단지(주),본점,충청북도 음성군,출자기관(건설·투자),-,-,-,-,-,-,신옥식
지방공공기관,음성용산일반산업단지 주식회사,음성용산일반산업단지 주식회사,본점,충청북도 음성군,출자기관(건설·투자),충북 음성군 음성읍 음성천동길156 2층,043-872-9707,-,-,-,홈페이지 없음,정태완
지방공공기관,음성장학회,음성장학회,본점,충청북도 음성군,출연기관(장학),충청북도 음성군 음성읍 중앙로 173,043-871-3153,-,-,-,https://scholarship.eunseong.go.kr/www/index.do,조병옥
지방공공기관,한국석회석신소재연구재단,한국석회석신소재연구재단,본점,충청북도 단양군,출연기관(연구원),(27003) 충청북도 단양군 매포읍 우덕길 18-1 한국석회석신소재연구소,043-422-2193,-,-,-,www.kilam.re.kr,류한우
지방공공기관,단양장학회,단양장학회,본점,충청북도 단양군,출연기관(장학),"충북 단양군 단양읍 중앙1로 10, 단양군청 후관동 2층",데이터 없음,-,-,-,https://www.danyang.go.kr/schola,류한우
지방공공기관,재단법인 충남문화관광재단,재단법인 충남문화관광재단,본점,충청남도 충청남도,출연기관(문화),충청남도 예산군 삽교읍 예학로 10-22 2층,041-630-2903,-,-,-,https://www.cacf.or.kr,서흥식
지방공공기관,재단법인 한국유교문화진흥원,재단법인 한국유교문화진흥원,본점,충청남도 충청남도,출연기관(문화),충청남도 논산시 노성면 종학길 10,041-981-9812,-,-,-,https://www.ikcc.or.kr/ko/index,정재근
지방공공기관,충남역사문화연구원,충남역사문화연구원,본점,충청남도 충청남도,출연기관(문화),충청남도 공주시 연수원길 103,041-856-8662,-,-,-,www.cihc.or.kr,김낙중
지방공공기관,충청남도 여성가족청소년사회서비스원,충청남도 여성가족청소년사회서비스원,본점,충청남도 충청남도,출연기관(복지자원봉사),"충청남도 예산군 삽교읍 예학로 10-22(전문건설회관, 5층)",데이터 없음,-,-,-,https://cn.pass.or.kr/,조경훈
지방공공기관,충남신용보증재단,충남신용보증재단,본점,충청남도 충청남도,출연기관(신용보증),"충남 홍성군 홍북읍 청사로150번길 24, 4층",041-530-3839,-,-,-,www.cnsinbo.co.kr,김두중
지방공공기관,충청남도여성정책개발원,충청남도여성정책개발원,본점,충청남도 충청남도,출연기관(여성·청소년),-,-,-,-,-,https://www.cwpdi.re.kr/,조양순
지방공공기관,충남연구원,충남연구원,본점,충청남도 충청남도,출연기관(연구원),충청남도 공주시 연수원길 73-26 (금흥동),041-840-1190,-,-,-,http://www.cni.re.kr,유동훈
지방공공기관,공주의료원,공주의료원,본점,충청남도 충청남도,출연기관(의료원),충청남도 공주시 무령로 77,041-962-1202,-,-,-,gjmc.or.kr,임수흠
지방공공기관,서산의료원,서산의료원,본점,충청남도 충청남도,출연기관(의료원),충청남도 서산시 중앙로 149,041-689-7000,-,-,-,https://seosanmc.or.kr/,김영완
지방공공기관,천안의료원,천안의료원,본점,충청남도 충청남도,출연기관(의료원),충청남도 천안시 동남구 충절로 537,041-570-7004,-,-,-,www.camc.or.kr,이경석
지방공공기관,홍성의료원,홍성의료원,본점,충청남도 충청남도,출연기관(의료원),(32232) 충청남도 홍성군 홍성읍 조양로 224,041-630-6114,-,-,-,www.hsmc.or.kr,김건식
지방공공기관,재단법인 충청남도일자리경제진흥원,재단법인 충청남도일자리경제진흥원,본점,충청남도 충청남도,출연기관(중소기업진흥),-,-,-,-,-,www.cepa.or.kr,오광옥
지방공공기관,재단법인 충남정보문화산업진흥원,재단법인 충남정보문화산업진흥원,본점,충청남도 충청남도,출연기관(지식정보산업),"충청남도 천안시 동남구 은행길 15, 6층",041-620-6400,-,-,-,http://www.ctia.kr,o 원장(기관장): 김곡미
지방공공기관,충남테크노파크,충남테크노파크,본점,충청남도 충청남도,출연기관(테크노파크),(31035) 충남 천안시 서북구 직산읍 직산로 136,041-589-0602,-,-,-,http://www.ctp.or.kr,서규석
지방공공기관,재단법인 충청남도평생교육인재육성진흥원,재단법인 충청남도평생교육인재육성진흥원,본점,충청남도 충청남도,출연기관(기타),"충청남도 홍성군 홍북읍 상하천로 58, 3,4층",041-635-9800,-,-,-,https://www.cninjae.or.kr/,한영배
지방공공기관,천안북부일반산업단지 주식회사,천안북부일반산업단지 주식회사,본점,충청남도 천안시,출자기관(건설·투자),"충남 천안시 서북구 성환읍 성환1로 226, 4층",041-581-1270,-,-,-,http://bitsandan.com/,고경석
지방공공기관,천안제6산단 주식회사,천안제6산단 주식회사,본점,충청남도 천안시,출자기관(제조·유통),충청남도 천안시 동남구 풍세면 태학산로 170,1522-4060,-,-,-,-,-
지방공공기관,천안문화재단,천안문화재단,본점,충청남도 천안시,출연기관(문화),충남 천안시 서북구 성정8길 5,041-900-0211,-,-,-,www.cfac.or.kr,박상돈
지방공공기관,천안복지재단,천안복지재단,본점,충청남도 천안시,출연기관(복지자원봉사),충남 천안시 동남구 신촌로 24 1층 바-1025호,041-903-4476,-,-,-,https://www.cawf.or.kr,이운형
지방공공기관,재단법인 천안시청소년재단,재단법인 천안시청소년재단,본점,충청남도 천안시,출연기관(여성·청소년),충청남도 천안시 서북구 불당19로 82,041-523-0924,-,-,-,www.cheonan.go.kr,박상돈
지방공공기관,천안사랑장학재단,천안사랑장학재단,본점,충청남도 천안시,출연기관(장학),천안시 서북구 번영로 156 천안시청 2층,041-521-5768,-,-,-,https://www.cheonan.go.kr/cssf.do,박상돈
지방공공기관,재단법인 천안과학산업진흥원,재단법인 천안과학산업진흥원,본점,충청남도 천안시,출연기관(지식정보산업),"충청남도 천안시 서북구 직산로 110, 3층(에스비플라자)",041-588-9157,-,-,-,www.cistep.re.kr,이병옥
지방공공기관,재단법인 천안시민프로축구단,재단법인 천안시민프로축구단,본점,충청남도 천안시,출연기관(기타),충남 천안시 서북구 축구센터로 150(성정동),041-529-5190,-,-,-,https://cheonancityfc.kr/,박상돈
지방공공기관,남공주산업단지개발 주식회사,남공주산업단지개발 주식회사,본점,충청남도 공주시,출자기관(건설·투자),충청남도 공주시 봉황로1 (공주시청),070-4470-7926,-,-,-,해당사항 없음,박희성현
지방공공기관,재단법인 공주문화관광재단,재단법인 공주문화관광재단,본점,충청남도 공주시,출연기관(문화),충청남도 공주시 고마나루길 90(웅진동),041-852-6033,-,-,-,www.gongjucf.or.kr,이준원
지방공공기관,공주시한마음장학회,공주시한마음장학회,본점,충청남도 공주시,출연기관(장학),충남 공주시 봉황로 1,041-840-2056,-,-,-,www.gjjanghak.org,최원철
지방공공기관,(주)대천리조트,(주)대천리조트,본점,충청남도 보령시,출자기관(기타),-,-,-,-,-,-,-
지방공공기관,보령축제관광재단,보령축제관광재단,본점,충청남도 보령시,출연기관(문화),충남 보령시 고잠 2길 55(신흑동 2283-1),041-930-3882,-,-,-,www.mudfestival.or.kr,김동일
지방공공기관,만세보령장학회,만세보령장학회,본점,충청남도 보령시,출연기관(장학),충남 보령시 성주산로 77(명천동),041-930-4501,-,-,-,http://www.brscholarship.com/,김동일
지방공공기관,주식회사 아산하이테크밸리,주식회사 아산하이테크밸리,본점,충청남도 아산시,출자기관(건설·투자),"충청남도 아산시 둔포면 아산밸리북로 68, 612동 B103호",041-549-7018,-,-,-,홈페이지 없음,강부용
지방공공기관,재단법인 아산시먹거리재단,재단법인 아산시먹거리재단,본점,충청남도 아산시,출연기관(농식품),충청남도 아산시 염치읍 염치로 62,데이터 없음,-,-,-,http://www.asanfood.or.kr/,박경귀
지방공공기관,아산문화재단,아산문화재단,본점,충청남도 아산시,출연기관(문화),"충청남도 아산시 아산로 79, 2층",041-540-2550,-,-,-,http://culture.asan.go.kr,박경귀
지방공공기관,재단법인 아산시청소년재단,재단법인 아산시청소년재단,본점,충청남도 아산시,출연기관(여성·청소년),"충청남도 아산시 시민로 500, 3층",041-534-5679,-,-,-,https://www.asyouth.or.kr/,심장근
지방공공기관,아산시미래장학회,아산시미래장학회,본점,충청남도 아산시,출연기관(장학),"충청남도 아산시 시민로 500(권곡동), 아산시청소년교육문화센터 3층 아산시미래장학회",041-539-6675,-,-,-,www.asanmirae.or.kr,고삼숙
지방공공기관,재단법인 헬스케어스파산업진흥원,재단법인 헬스케어스파산업진흥원,본점,충청남도 아산시,출연기관(중소기업진흥),충남 아산시 음봉면 염치산단1길 84 헬스케어스파산업진흥원,041-425-0147,-,-,-,www.hespa.or.kr,박경귀
지방공공기관,주식회사 대산그린컴플렉스,주식회사 대산그린컴플렉스,본점,충청남도 서산시,출자기관(에너지·환경),"충청남도 서산시 안견로 300, 1812호(읍내동, 코오롱레이크뷰)",데이터 없음,-,-,-,-,-
지방공공기관,재단법인 서산문화재단,재단법인 서산문화재단,본점,충청남도 서산시,출연기관(문화),충청남도 서산시 안견로 252 4층,041-660-2677,-,-,-,http://seosancf.or.kr/,이완섭
지방공공기관,서산시복지재단,서산시복지재단,본점,충청남도 서산시,출연기관(복지자원봉사),충청남도 서산시 서령로 136(동문동),041-666-7100,-,-,-,http://www.seosanwf.or.kr/,장갑순
지방공공기관,서산인재육성재단,서산인재육성재단,본점,충청남도 서산시,출연기관(장학),서산시 안견로 217,041-667-3293,-,-,-,Homepage:.sinjae.org,강춘식
지방공공기관,농업회사법인(주)동부팜,농업회사법인(주)동부팜,본점,충청남도 논산시,출자기관(제조·유통),충남 논산시 광석면 사계로 659,041-733-3635,-,-,-,www.dongbufarm.com,문상윤
지방공공기관,재단법인 논산문화관광재단,재단법인 논산문화관광재단,본점,충청남도 논산시,출연기관(문화),충남 논산시 시민로 270,041-730-2912,-,-,-,http://nonsancntf.or.kr/cntf/,백성현
지방공공기관,재단법인 논산시청소년청년재단,재단법인 논산시청소년청년재단,본점,충청남도 논산시,출연기관(여성·청소년),충청남도 논산시 논산대로424(지산동),041-730-6012,-,-,-,https://www.nsyouth.or.kr/kr/,-
지방공공기관,논산시장학회,논산시장학회,본점,충청남도 논산시,출연기관(장학),"충남 논산시 시민로210번길 9 (내동, 논산시청)",041-746-5762,-,-,-,-,백성현
지방공공기관,재단법인 계룡시문화관광재단,재단법인 계룡시문화관광재단,본점,충청남도 계룡시,출연기관(문화),충남 계룡시 장안로 46,042-840-2621,-,-,-,https://www.gcfct.org/,이응우
지방공공기관,계룡시애향장학회,계룡시애향장학회,본점,충청남도 계룡시,출연기관(장학),"충남 계룡시 장안로 46(금암동, 계룡시청)",042-840-2343,-,-,-,https://www.gyeryong.go.kr/janghak/,이응우
지방공공기관,당진문화재단,당진문화재단,본점,충청남도 당진시,출연기관(문화),충남 당진시 무수동2길 25-21 당진문예의전당,041-350-2900,-,-,-,www.dangjinart.kr,박기호
지방공공기관,당진시복지재단,당진시복지재단,본점,충청남도 당진시,출연기관(복지자원봉사),충남 당진시 시청1로 38,041-360-3004,-,-,-,http://dcwf.or.kr,왕현정
지방공공기관,당진시청소년재단,당진시청소년재단,본점,충청남도 당진시,출연기관(여성·청소년),충청남도 당진시 무수동로7길 142-26  당진청소년문화의집,041-358-4681,-,-,-,-,오성환
지방공공기관,당진장학회,당진장학회,본점,충청남도 당진시,출연기관(장학),충남 당진시 당진 중앙2로 132-30 (당진교육문화스포츠센타),041-360-6922,-,-,-,www.dangjin.go.kr/janghak.do,유영창
지방공공기관,재단법인 금산축제관광재단,재단법인 금산축제관광재단,본점,충청남도 금산군,출연기관(문화),"충남 금산군 금산읍 인삼광장로 30, 2층",데이터 없음,-,-,-,http://www.insamfestival.co.kr,박범인
지방공공기관,금산교육사랑장학재단,금산교육사랑장학재단,본점,충청남도 금산군,출연기관(장학),"충청남도 금산군 금산읍 인삼광장로 30, 1층",041-751-3256,-,-,-,www.geumsan-edu.or.kr,-
지방공공기관,재단법인 금산인삼약초산업진흥원,재단법인 금산인삼약초산업진흥원,본점,충청남도 금산군,출연기관(기타),충청남도 금산군 금산읍 인삼광장로 25,041-750-1600,-,-,-,http://gghda.kr,김영수
지방공공기관,재단법인 백제역사문화연구원,재단법인 백제역사문화연구원,본점,충청남도 부여군,출연기관(문화),충남 부여군 부여읍 가탑로 75,041-835-2721,-,-,-,www.cpch.or.kr,이기운
지방공공기관,부여군굿뜨래장학회,부여군굿뜨래장학회,본점,충청남도 부여군,출연기관(장학),충청남도 부여군 부여읍 사비로 33,041-830-2452,-,-,-,https://buyeo.go.kr/html/janghak/,박정현
지방공공기관,부여군 지역공동체활성화재단,부여군 지역공동체활성화재단,본점,충청남도 부여군,출연기관(기타),충청남도 부여군 부여읍 사비로100번길 10,041-837-1883,-,-,-,https://blcrf.co.kr/,홍은아
지방공공기관,부여상권활성화재단,부여상권활성화재단,본점,충청남도 부여군,출연기관(기타),-,-,-,-,-,없음,-
지방공공기관,재단법인 서천군지속가능지역재단,재단법인 서천군지속가능지역재단,본점,충청남도 서천군,출연기관(기타),"충청남도 서천군 서천읍 충절로109번길 25, 2층",041-953-1916,-,-,-,http://www.ssrf.or.kr/,노박래
지방공공기관,재단법인 청양군청소년재단,재단법인 청양군청소년재단,본점,충청남도 청양군,출연기관(여성·청소년),충청남도 청양군 청양읍 문화예술로 187-1,041-940-1012,-,-,-,https://www.xn--6e0bq6e99akz5a7werrdcqmca.com/,-
지방공공기관,청양사랑인재육성장학회,청양사랑인재육성장학회,본점,충청남도 청양군,출연기관(장학),충청남도 청양군 청양읍 문화예술로 222,041-940-2858,-,-,-,www.cylove.kr,김돈곤
지방공공기관,재단법인 청양군 지역활성화재단,재단법인 청양군 지역활성화재단,본점,충청남도 청양군,출연기관(기타),충남 청양군 대치면 칠갑산로 426-32,041-940-4897,-,-,-,http://www.ccf.or.kr/ccf/,이종필
지방공공기관,재단법인 홍주문화관광재단,재단법인 홍주문화관광재단,본점,충청남도 홍성군,출연기관(문화),"충청남도 홍성군 홍성읍 법원로 37, 402호",041-631-8840,-,-,-,https://hongju.or.kr/,이용록
지방공공기관,홍성군청소년복지재단,홍성군청소년복지재단,본점,충청남도 홍성군,출연기관(여성·청소년),충청남도 홍성군 홍성읍 문화로33번길 33,041-631-5901,-,-,-,www.hsytc.or.kr,이환규
지방공공기관,홍성사랑장학회,홍성사랑장학회,본점,충청남도 홍성군,출연기관(장학),충남 홍성군 홍성읍 아문길 27,041-630-1302,-,-,-,https://www.hongseong.go.kr/janghak/index.do,이용록
지방공공기관,예산군청소년복지재단,예산군청소년복지재단,본점,충청남도 예산군,출연기관(여성·청소년),충청남도 예산군 예산읍 벚꽃로 214-17,041-339-7112,-,-,-,yesanyouth.or.kr,-
지방공공기관,예산사랑장학회,예산사랑장학회,본점,충청남도 예산군,출연기관(장학),충청남도 예산군 예산읍 군청로 22,043-339-7453,-,-,-,https://yesanlove.modoo.at/,(재)예산사랑장학회 이사장/ 최재구
지방공공기관,태안군사랑장학회,태안군사랑장학회,본점,충청남도 태안군,출연기관(장학),충청남도 태안군 태안읍 군청1길,041-670-2803,-,-,-,http://love.taean.go.kr,가세로
지방공공기관,재단법인 전북바이오융합산업진흥원,재단법인 전북바이오융합산업진흥원,본점,전북특별자치도 전북특별자치도,출연기관(농식품),전북특별자치도 전주시 덕진구 원장동길 111-18,063-210-6500,-,-,-,www.jif.re.kr,이은미
지방공공기관,재단법인 전북특별자치도문화관광재단,재단법인 전북특별자치도문화관광재단,본점,전북특별자치도 전북특별자치도,출연기관(문화),"전북특별자치도 전주시 완산구 전라감영로 72, 4층(전동)",데이터 없음,-,-,-,https://www.jbct.or.kr/,이경윤
지방공공기관,재단법인 전북특별자치도 사회서비스원,재단법인 전북특별자치도 사회서비스원,본점,전북특별자치도 전북특별자치도,출연기관(복지자원봉사),전북특별자치도 전주시 덕진구 백제대로 720,063-280-2418,-,-,-,https://jeonbuk.pass.or.kr,서양열
지방공공기관,전북신용보증재단,전북신용보증재단,본점,전북특별자치도 전북특별자치도,출연기관(신용보증),"전북특별자치도 전주시 완산구 홍산로 276, 2층",1588-3833,-,-,-,https://www.jbcredit.or.kr/,한종관
지방공공기관,전북연구원,전북연구원,본점,전북특별자치도 전북특별자치도,출연기관(연구원),전북 전주시 완산구 콩쥐팥쥐로 1696,063-280-7100,-,-,-,http://www.jthink.kr/,이남호
지방공공기관,전북특별자치도 군산의료원,전북특별자치도 군산의료원,본점,전북특별자치도 전북특별자치도,출연기관(의료원),전북특별자치도 군산시 의료원로 27,063-472-5114,-,-,-,https://www.kunmed.or.kr/,조준필
지방공공기관,전북특별자치도 남원의료원,전북특별자치도 남원의료원,본점,전북특별자치도 전북특별자치도,출연기관(의료원),전북특별자치도 남원시 충정로 365,063-620-1114,-,-,-,www.namwonmed.or.kr,오진규
지방공공기관,재단법인 전북특별자치도평생교육장학진흥원,재단법인 전북특별자치도평생교육장학진흥원,본점,전북특별자치도 전북특별자치도,출연기관(장학),"전주시 완산구 백제대로 428, 2층",063-280-8310,-,-,-,www.jbiles.or.kr,이현웅
지방공공기관,에코융합섬유연구원,에코융합섬유연구원,본점,전북특별자치도 전북특별자치도,출연기관(중소기업진흥),전북특별자치도 익산시 서동로 594,063-830-3500,-,-,-,www.kictex.re.kr,○ 서민강
지방공공기관,재단법인 전북특별자치도경제통상진흥원,재단법인 전북특별자치도경제통상진흥원,본점,전북특별자치도 전북특별자치도,출연기관(중소기업진흥),전라북도 전주시 덕진구 팔과정로 164(팔복동 1가),063-711-2000,-,-,-,www.jbba.kr,이현웅
지방공공기관,자동차융합기술원,자동차융합기술원,본점,전북특별자치도 전북특별자치도,출연기관(지식정보산업),전라북도 군산시 동장산2길 6,063-472-2300,-,-,-,www.jiat.re.kr,이성수
지방공공기관,재단법인 전북특별자치도콘텐츠융합진흥원,재단법인 전북특별자치도콘텐츠융합진흥원,본점,전북특별자치도 전북특별자치도,출연기관(지식정보산업),전북특별자치도 전주시 덕진구 만성북로 21-26,063-282-2604,-,-,-,www.jcon.or.kr,김성규
지방공공기관,전북테크노파크,전북테크노파크,본점,전북특별자치도 전북특별자치도,출연기관(테크노파크),(우.54853) 전북 전주시 덕진구 반룡로 110-5(팔복동 2가 818),063-219-2152,-,-,-,www.jbtp.or.kr,이규택
지방공공기관,재단법인 전북국제협력진흥원,재단법인 전북국제협력진흥원,본점,전북특별자치도 전북특별자치도,출연기관(기타),"전라북도 전주시 홍산로 276, 5층",데이터 없음,-,-,-,www.jbica.kr,김대식
지방공공기관,재단법인 전북여성가족재단,재단법인 전북여성가족재단,본점,전북특별자치도 전북특별자치도,출연기관(기타),전라북도 전주시 덕진구 들사평로38,063-254-3624,-,-,-,www.jbwf.or.kr,전정희
지방공공기관,전주푸드통합지원센터,전주푸드통합지원센터,본점,전북특별자치도 전주시,출연기관(농식품),전주시 완산구 팔달로 212-6(에이옥션타워 2층),데이터 없음,-,-,-,https://www.jeonjufood.org/,유정희
지방공공기관,전주문화재단,전주문화재단,본점,전북특별자치도 전주시,출연기관(문화),"전북특별자치도 전주시 완산구 현무1길 20, 한국전통문화전당",063-281-1512,-,-,-,http://www.jjcf.or.kr/,우범기
지방공공기관,한국전통문화전당,한국전통문화전당,본점,전북특별자치도 전주시,출연기관(문화),전라북도 전주시 완산구 현무1길 20,070-4900-8001,-,-,-,www.ktcc.or.kr,김인태
지방공공기관,전주시복지재단전주사람,전주시복지재단전주사람,본점,전북특별자치도 전주시,출연기관(복지자원봉사),전라북도 전주시 완산구 전주객사2길 12-8 (중앙동1가),063-2810050,-,-,-,www.jjwf.or.kr,윤방섭
지방공공기관,재단법인 전주시정연구원,재단법인 전주시정연구원,본점,전북특별자치도 전주시,출연기관(연구원),전북특별자치도 전주시 완산구 기린대로213 3층,063-288-9355,-,-,-,https://jjri.re.kr/index.do,박미자
지방공공기관,전주농생명소재연구원,전주농생명소재연구원,본점,전북특별자치도 전주시,출연기관(연구원),전라북도 전주시 덕진구 원장동길111-27,063-711-1007,-,-,-,www.jami.re.kr,오병준
지방공공기관,전주정보문화산업진흥원,전주정보문화산업진흥원,본점,전북특별자치도 전주시,출연기관(연구원),전주시 완산구 아중로 33,063-286-1400,-,-,-,jica.or.kr,이영로
지방공공기관,한국탄소융합기술원,한국탄소융합기술원,본점,전북특별자치도 전주시,출연기관(연구원),-,-,-,-,-,http://www.kcarbon.or.kr,-
지방공공기관,전주인재육성재단,전주인재육성재단,본점,전북특별자치도 전주시,출연기관(장학),전북특별자치도 전주시 완산구 현무1길 31-5 (경원동3가),063-281-5051,-,-,-,www.jinjae.kr,이병호
지방공공기관,군산시민발전주식회사,군산시민발전주식회사,본점,전북특별자치도 군산시,출자기관(기타),"군산시 월명로 167, 2층 (수송동)",063-443-5786,-,-,-,www.gcpower.co.kr,-
지방공공기관,재단법인 군산먹거리통합지원센터,재단법인 군산먹거리통합지원센터,본점,전북특별자치도 군산시,출연기관(농식품),전라북도 군산시 성산면 산곡2길 19-10,063-452-0942,-,-,-,http://gsff.or.kr/,강임준
지방공공기관,재단법인 군산문화재단,재단법인 군산문화재단,본점,전북특별자치도 군산시,출연기관(문화),전북특별자치도 군산시 서래로 22,데이터 없음,-,-,-,-,-
지방공공기관,군산교육발전진흥재단,군산교육발전진흥재단,본점,전북특별자치도 군산시,출연기관(장학),군산시 시청로 17,063-454-2583,-,-,-,www.edugunsan.org,강임준
지방공공기관,재단법인 군산시상권활성화재단,재단법인 군산시상권활성화재단,본점,전북특별자치도 군산시,출연기관(기타),전북 군산시 신금길 18(공설시장 3층),063-443-8200,-,-,-,www.gcdrf.or.kr,강임준
지방공공기관,익산엘이디협동화단지개발(주),익산엘이디협동화단지개발(주),본점,전북특별자치도 익산시,출자기관(건설·투자),전북 전주시 완산구 홍산남로 29-11(경복궁 빌딩 3층),데이터 없음,-,-,-,iksanled@daum.net,김진곤
지방공공기관,재단법인 익산푸드통합지원센터,재단법인 익산푸드통합지원센터,본점,전북특별자치도 익산시,출연기관(농식품),전라북도 익산시 선화로 1길 57-6,063-861-9714,-,-,-,http://www.iksanfood.or.kr/,정헌율
지방공공기관,익산문화관광재단,익산문화관광재단,본점,전북특별자치도 익산시,출연기관(문화),전라북도 익산시 서동로4길 37(동산동),063-843-9911,-,-,-,www.ictf.or.kr,정헌율
지방공공기관,익산사랑장학재단,익산사랑장학재단,본점,전북특별자치도 익산시,출연기관(장학),"전라북도 익산시 인북로32길 1, 4층",063-859-5683,-,-,-,http://www.ilsaf.or.kr/,정헌율
지방공공기관,정읍시민장학재단,정읍시민장학재단,본점,전북특별자치도 정읍시,출연기관(장학),"전라북도 정읍시 정우면 정우남로 282, 정읍시 제2청사 2층 인재양성과",063-539-5534,-,-,-,https://www.jcsf.or.kr,이학수
지방공공기관,재단법인 남원시바이오산업연구원,재단법인 남원시바이오산업연구원,본점,전북특별자치도 남원시,출연기관(연구원),전북특별자치도 남원시 시묘길 43 (노암동),063-633-8600,-,-,-,www.nbn.re.kr,-
지방공공기관,춘향장학재단,춘향장학재단,본점,전북특별자치도 남원시,출연기관(장학),전북 남원시 시청로 60 남원시청(교육체육과),063-620-5605,-,-,-,-,최경식
지방공공기관,지앤아이(주),지앤아이(주),본점,전북특별자치도 김제시,출자기관(건설·투자),-,-,-,-,-,-,-
지방공공기관,김제사랑장학재단,김제사랑장학재단,본점,전북특별자치도 김제시,출연기관(장학),김제시 중앙로 40,063-540-3584,-,-,-,http://www.gimjelove.kr,정성주
지방공공기관,완주농공단지개발(주),완주농공단지개발(주),본점,전북특별자치도 완주군,출자기관(건설·투자),"전라북도 완주군 봉동읍 낙평 신월4길 76, 2층",데이터 없음,-,-,-,-,-
지방공공기관,완주테크노밸리(주),완주테크노밸리(주),본점,전북특별자치도 완주군,출자기관(건설·투자),"전북특별자치도 완주군 봉동읍 봉비로 166,2층(상가동)",063-229-7417,-,-,-,http://www.wjtechno2.co.kr,최충식
지방공공기관,재단법인 완주공공급식지원센터,재단법인 완주공공급식지원센터,본점,전북특별자치도 완주군,출연기관(농식품),전라북도 완주군 봉동읍 은하율소로 179-49,데이터 없음,-,-,-,http://www.wanjufood.or.kr/,유희태
지방공공기관,완주문화재단,완주문화재단,본점,전북특별자치도 완주군,출연기관(문화),전북 완주군 완주로 492-9,063-262-3955,-,-,-,www.wfac.or.kr,박성일
지방공공기관,완주군인재육성재단,완주군인재육성재단,본점,전북특별자치도 완주군,출연기관(장학),전라북도 완주군 삼례읍 삼례역로 17,063-290-2274,-,-,-,www.wanjuinjae.or.kr,유희태
지방공공기관,진안홍삼연구소,진안홍삼연구소,본점,전북특별자치도 진안군,출연기관(연구원),전라북도 진안군 진안읍 홍삼한방로 41,063-432-0913,-,-,-,www.jinanrg.re.kr,김태영
지방공공기관,진안군의료원,진안군의료원,본점,전북특별자치도 진안군,출연기관(의료원),전라북도 진안군 진안읍 진무로 1145,063-430-7000,-,-,-,http://www.jgmc.kr/,조백환
지방공공기관,진안사랑장학재단,진안사랑장학재단,본점,전북특별자치도 진안군,출연기관(장학),전라북도 진안군 진안읍 중앙로 67,063-430-2514,-,-,-,-,전춘성
지방공공기관,무주군교육발전장학재단,무주군교육발전장학재단,본점,전북특별자치도 무주군,출연기관(장학),전라북도 무주군 무주읍 주계로 97,063-320-2251,-,-,-,https://www.muju.go.kr,황인홍
지방공공기관,장수군애향교육진흥재단,장수군애향교육진흥재단,본점,전북특별자치도 장수군,출연기관(장학),전북 장수군 장수읍 방촌길 10,063-351-2567,-,-,-,-,최훈식
지방공공기관,임실고추앤농산물가공판매,임실고추앤농산물가공판매,본점,전북특별자치도 임실군,출자기관(제조·유통),전북 임실군 성수면 춘향로2399,데이터 없음,-,-,-,http://www.jbgochu.com,정정수
지방공공기관,임실치즈테마파크,임실치즈테마파크,본점,전북특별자치도 임실군,출연기관(문화),전라북도 임실군 성수면 도인2길 50,063-643-9541,-,-,-,http://www.cheesepark.kr/,-
지방공공기관,임실치즈앤식품연구소,임실치즈앤식품연구소,본점,전북특별자치도 임실군,출연기관(연구원),전라북도 임실군 성수면 도인2길 50,063-644-2180,-,-,-,http://www.icf.re.kr,정석근
지방공공기관,임실군애향장학회,임실군애향장학회,본점,전북특별자치도 임실군,출연기관(장학),전라북도 임실군 임실읍 수정로 30,데이터 없음,-,-,-,http://www.imsil.go.kr,심민
지방공공기관,농업회사법인순창장류(주),농업회사법인순창장류(주),본점,전북특별자치도 순창군,출자기관(제조·유통),전북 순창군 순창읍 민속마을길 61-17,063-653-9592,-,-,-,www.scmeju.com,정봉주
지방공공기관,농업회사법인한국절임(주),농업회사법인한국절임(주),본점,전북특별자치도 순창군,출자기관(제조·유통),전라북도 순창군 순창읍 장류로 20-35,063-652-1900,-,-,-,www.kopickle.kr,주선창
지방공공기관,순창군건강장수연구소,순창군건강장수연구소,본점,전북특별자치도 순창군,출연기관(연구원),-,-,-,-,-,www.iosc.re.kr,오근수
지방공공기관,순창군옥천장학회,순창군옥천장학회,본점,전북특별자치도 순창군,출연기관(장학),전라북도 순창군 순창읍 옥천로 145-8,063-650-1242,-,-,-,www.ocjh.kr,최영일
지방공공기관,발효미생물산업진흥원,발효미생물산업진흥원,본점,전북특별자치도 순창군,출연기관(기타),전북 순창군 순창읍 민속마을길 61-27,063-653-9593,-,-,-,http://mifi.re.kr,정도영
지방공공기관,재단법인 순창발효관광재단,재단법인 순창발효관광재단,본점,전북특별자치도 순창군,출연기관(기타),전북 순창군 순창읍 장류로 55번지,063-652-6511,-,-,-,sftf.or.kr,선윤숙
지방공공기관,농업회사법인 고창황토배기유통(주),농업회사법인 고창황토배기유통(주),본점,전북특별자치도 고창군,출자기관(제조·유통),전북 고창군 고창읍 녹두로 1265,063-564-2009,-,-,-,hwangtobaegi.com,송진의
지방공공기관,재단법인 고창문화관광재단,재단법인 고창문화관광재단,본점,전북특별자치도 고창군,출연기관(문화),전라북도 고창군 고창읍 태봉로 361,데이터 없음,-,-,-,http://gctf.or.kr,심덕섭
지방공공기관,재단법인 고창식품산업연구원,재단법인 고창식품산업연구원,본점,전북특별자치도 고창군,출연기관(연구원),전라북도 고창군 부안면 복분자로 558,063-560-5100,-,-,-,www.bbri.re.kr,조성욱
지방공공기관,고창군장학재단,고창군장학재단,본점,전북특별자치도 고창군,출연기관(장학),전라북도 고창군 고창읍 중앙로 245,063-560-2926,-,-,-,-,유기상
지방공공기관,재단법인 부안군문화재단,재단법인 부안군문화재단,본점,전북특별자치도 부안군,출연기관(문화),"전북 부안군 부안읍 선은1길 10, 2층",063-582-3948,-,-,-,https://www.bacf.or.kr/base/main/view,권익현
지방공공기관,재단법인 부안군근농인재육성재단,재단법인 부안군근농인재육성재단,본점,전북특별자치도 부안군,출연기관(장학),전라북도 부안군 부안읍 당산로 91,063-580-4299,-,-,-,http://www.buaninjae.or.kr,-
지방공공기관,명량대첩기념사업회,명량대첩기념사업회,본점,전라남도 전라남도,출연기관(문화),전라남도 해남군 문내면 관광레저로 12-36,061-286-5262,-,-,-,www.mldc.kr,김영록
지방공공기관,재단법인 전라남도관광재단,재단법인 전라남도관광재단,본점,전라남도 전라남도,출연기관(문화),"전라남도 무안군 삼향읍 남악로 234, 트리폴리앙 B동 305호",061-802-2134,-,-,-,http://www.ijnto.or.kr/,김영신
지방공공기관,재단법인 전라남도문화재단,재단법인 전라남도문화재단,본점,전라남도 전라남도,출연기관(문화),전라남도 무안군 삼향읍 후광대로 242 전남개발공사빌딩 13층,061-280-5800,-,-,-,http://www.jncf.or.kr/,이사장 명창환 / 대표이사 김은영
지방공공기관,재단법인 전라남도사회서비스원,재단법인 전라남도사회서비스원,본점,전라남도 전라남도,출연기관(복지자원봉사),전라남도 무안군 삼향읍 오룡3길 22,061-287-8124,-,-,-,https://jn.pass.or.kr/,강성휘
지방공공기관,전남신용보증재단,전남신용보증재단,본점,전라남도 전라남도,출연기관(신용보증),전남 순천시 해룡면 향매로 109,061-729-0611,-,-,-,www.jnsinbo.or.kr,이강근
지방공공기관,재단법인 전남여성가족재단,재단법인 전남여성가족재단,본점,전라남도 전라남도,출연기관(여성·청소년),전라남도 무안군 삼향읍 어진누리길 30,061-260-7300,-,-,-,https://www.jwomen.or.kr,성혜란
지방공공기관,전라남도청소년미래재단,전라남도청소년미래재단,본점,전라남도 전라남도,출연기관(여성·청소년),"전라남도 목포시 용당로 304, 전라남도청소년미래재단",061-280-9000,-,-,-,http://www.jnyouth.or.kr/,양미란
지방공공기관,녹색에너지연구원,녹색에너지연구원,본점,전라남도 전라남도,출연기관(연구원),전라남도 목포시 삼향천로 177,061-288-1000,-,-,-,www.gei.re.kr,주동식
지방공공기관,재단법인 전남바이오산업진흥원,재단법인 전남바이오산업진흥원,본점,전라남도 전라남도,출연기관(연구원),-,-,-,-,-,www.jbf.kr,윤호열
지방공공기관,재단법인 전남연구원,재단법인 전남연구원,본점,전라남도 전라남도,출연기관(연구원),전라남도 나주시 우정로 56 토담리치타워 8층,061-931-9300,-,-,-,www.jni.re.kr,김영선
지방공공기관,전라남도강진의료원,전라남도강진의료원,본점,전라남도 전라남도,출연기관(의료원),전라남도 강진군 강진읍 탐진로 5,061-433-2167,-,-,-,https://gjmed.or.kr/,-
지방공공기관,전라남도순천의료원,전라남도순천의료원,본점,전라남도 전라남도,출연기관(의료원),전라남도 순천시 서문성터길 2,061-759-9114,-,-,-,www.jsmc.or.kr,-
지방공공기관,남도장학회,남도장학회,본점,전라남도 전라남도,출연기관(장학),전라남도 무안군 삼향읍 오룡길 1,062-613-2725,-,-,-,www.ndhs.or.kr,"강기정,김영록"
지방공공기관,재단법인 전남인재평생교육진흥원,재단법인 전남인재평생교육진흥원,본점,전라남도 전라남도,출연기관(장학),"전남 무안군 삼향읍 후광대로 282, 8층",061-286-3424,-,-,-,https://www.jntle.kr/main,고석규
지방공공기관,재단법인 전라남도중소기업일자리경제진흥원,재단법인 전라남도중소기업일자리경제진흥원,본점,전라남도 전라남도,출연기관(중소기업진흥),전남 무안군 삼향읍 오룡3길2,061-288-3800,-,-,-,www.jepa.kr,이성희
지방공공기관,전남정보문화산업진흥원,전남정보문화산업진흥원,본점,전라남도 전라남도,출연기관(지식정보산업),전라남도 나주시 빛가람로 777,061-280-7007,-,-,-,http://www.jcia.or.kr,이인용
지방공공기관,전남테크노파크,전남테크노파크,본점,전라남도 전라남도,출연기관(테크노파크),전남 순천시 해룡면 율촌산단 4로 13(선월리 908),061-729-2632,-,-,-,http://www.jntp.or.kr/,오익현
지방공공기관,(재)남도음식문화큰잔치,(재)남도음식문화큰잔치,본점,전라남도 전라남도,출연기관(기타),전남 무안군 삼향읍 오룡길 1,데이터 없음,-,-,-,http://www.namdofood.or.kr/,-
지방공공기관,재단법인 남도장터,재단법인 남도장터,본점,전라남도 전라남도,출연기관(기타),"전남 나주시 빛가람로 685, 10층(비전타워)",데이터 없음,-,-,-,-,김경호
지방공공기관,재단법인 한국학 호남진흥원,재단법인 한국학 호남진흥원,본점,전라남도 전라남도,출연기관(기타),광주광역시 광산구 소촌로 152번길 53-27 4층,062-603-9600,-,-,-,www.hiks.or.kr,천득염
지방공공기관,전라남도 환경산업진흥원,전라남도 환경산업진흥원,본점,전라남도 전라남도,출연기관(기타),전라남도 강진군 성전면 강진산단로1길 1,061-430-8323,-,-,-,http://www.jeipi.or.kr,김형순
지방공공기관,전라남도국제농업박람회,전라남도국제농업박람회,본점,전라남도 전라남도,출연기관(기타),전라남도 나주시 산포면 세남로 1508,061-339-9200,-,-,-,https://www.iae.or.kr/,-
지방공공기관,전라남도세계친환경디자인박람회조직위원회,전라남도세계친환경디자인박람회조직위원회,본점,전라남도 전라남도,출연기관(기타),전라남도 무안군 오룡길 1,데이터 없음,-,-,-,해당없음,-
지방공공기관,포뮬러원국제자동차경주대회조직위원회,포뮬러원국제자동차경주대회조직위원회,본점,전라남도 전라남도,출연기관(기타),전남 무안군 삼향읍 후광대로 242 전남개발빌딩 4층,061-288-5022,-,-,-,홈페이지 없음,-
지방공공기관,목포대양산단(주),목포대양산단(주),본점,전라남도 목포시,출자기관(건설·투자),-,-,-,-,-,www.mokpodaeyang.com,최원용
지방공공기관,목포문화재단,목포문화재단,본점,전라남도 목포시,출연기관(문화),"전남 목포시 수문로32, 트윈스타 4층",061-245-8833,-,-,-,http://www.mpcf.or.kr/,박홍률
지방공공기관,목포복지재단,목포복지재단,본점,전라남도 목포시,출연기관(복지자원봉사),"전남 목포시 수강로12번길 41, 4층",061-272-4337,-,-,-,http://www.welfaremokpo.kr,강철수
지방공공기관,목포시의료원,목포시의료원,본점,전라남도 목포시,출연기관(의료원),전남 목포시 이로로 18,061-260-6500,-,-,-,http://mokpomc.or.kr/,최형호
지방공공기관,목포장학재단,목포장학재단,본점,전라남도 목포시,출연기관(장학),-,-,-,-,-,http://www.mokpohf.com,박홍률
지방공공기관,김대중노벨평화상기념관,김대중노벨평화상기념관,본점,전라남도 목포시,출연기관(기타),전남 목포시 삼학로92번길 68 김대중노벨평화상기념관,02-123-4567,-,-,-,http://kdjnpmemorial.or.kr,김성재
지방공공기관,목포국제축구센터,목포국제축구센터,본점,전라남도 목포시,출연기관(기타),전남 목포시 내화마을길89,061-274-0171,-,-,-,www.mifc.co.kr,이경훈
지방공공기관,목포수산물유통센터,목포수산물유통센터,본점,전라남도 목포시,출연기관(기타),전라남도 목포시 고하대로 641-21(산정동),061-277-9744,-,-,-,www.mokpobadaro.co.kr,강호수
지방공공기관,목포수산식품지원센터,목포수산식품지원센터,본점,전라남도 목포시,출연기관(기타),전남 목포시 고하대로 719번길 52(연산동),061-276-1671,-,-,-,https://www.mokpoabo.kr/,이영철
지방공공기관,재단법인 목포수산식품수출센터,재단법인 목포수산식품수출센터,본점,전라남도 목포시,출연기관(기타),전라남도 목포시 고하대로719번길 52,061-277-7320,-,-,-,www.mokposfec.kr,이근직
지방공공기관,순천로컬푸드주식회사,순천로컬푸드주식회사,본점,전라남도 순천시,출자기관(제조·유통),전남 순천시 지봉로 611,데이터 없음,-,-,-,http://www.sclocal.kr/,-
지방공공기관,농업회사법인 순천만가든마켓 주식회사,농업회사법인 순천만가든마켓 주식회사,본점,전라남도 순천시,출자기관(기타),전라남도 순천시 생태배움길 21(연향동),061-724-4959,-,-,-,https://www.scgmarket.co.kr,채승연
지방공공기관,남해안권발효식품산업지원센터,남해안권발효식품산업지원센터,본점,전라남도 순천시,출연기관(농식품),전라남도 순천시 승주읍 승주로 538-4,061-750-8204,-,-,-,www.ffic.kr,김광현
지방공공기관,재단법인 순천문화재단,재단법인 순천문화재단,본점,전라남도 순천시,출연기관(문화),"전라남도 순천시 중앙로 95(영동, 순천문화재단)",데이터 없음,-,-,-,http://www.cfsc.or.kr,노관규
지방공공기관,순천천연물의약소재개발연구센터,순천천연물의약소재개발연구센터,본점,전라남도 순천시,출연기관(연구원),전남 순천시 역전광장3길 54(풍덕동),061-750-5445,-,-,-,www.sbrc.kr,노관규
지방공공기관,순천시인재육성장학회재단,순천시인재육성장학회재단,본점,전라남도 순천시,출연기관(장학),전라남도 순천시 중앙로 232,061-749-6772,-,-,-,www.scij.kr,노관규
지방공공기관,재단법인 순천만국제정원박람회 조직위원회,재단법인 순천만국제정원박람회 조직위원회,본점,전라남도 순천시,출연기관(기타),-,-,-,-,-,https://scbay.suncheon.go.kr/2023expo/,김영록
지방공공기관,나주시농업농촌융복합산업진흥재단,나주시농업농촌융복합산업진흥재단,본점,전라남도 나주시,출연기관(농식품),전남 나주시 산포면 영산로 6187-8,061-333-9085,-,-,-,http://www.najufoodfdn.or.kr,윤병태
지방공공기관,나주시천연염색문화재단,나주시천연염색문화재단,본점,전라남도 나주시,출연기관(문화),전라남도 나주시 다시면 백호로 379 한국천연염색박물관,061-335-0091,-,-,-,www.naturaldyeing.or.kr,강인규
지방공공기관,나주교육진흥재단,나주교육진흥재단,본점,전라남도 나주시,출연기관(장학),전라남도 나주시 남산길 23(시민회관 내),061-334-1836,-,-,-,http://www.najuedfd.co.kr/,윤병태
지방공공기관,광양시어린이보육재단,광양시어린이보육재단,본점,전라남도 광양시,출연기관(복지자원봉사),"전남 광양시 중동로 108, 4층",데이터 없음,-,-,-,www.boyuk.or.kr,황재우
지방공공기관,사랑나눔복지재단,사랑나눔복지재단,본점,전라남도 광양시,출연기관(복지자원봉사),"전남 광양시 구마10길 25, 2층",061-795-5544,-,-,-,http://www.welfaregwangyang.or.kr,김재경
지방공공기관,백운장학회,백운장학회,본점,전라남도 광양시,출연기관(장학),전남 광양시 시청로 33,061-797-2246,-,-,-,https://www.gwangyang.go.kr/fund/index.gwangyang,정현복
지방공공기관,담양군문화재단,담양군문화재단,본점,전라남도 담양군,출연기관(문화),전남 담양군 담양읍 지침6길 29,데이터 없음,-,-,-,https://www.damyangcf.or.kr/user,이병노
지방공공기관,담양군복지재단,담양군복지재단,본점,전라남도 담양군,출연기관(복지자원봉사),전라남도 담양군 담양읍 죽향문화로 431-33,데이터 없음,-,-,-,www.dy-welfare.or.kr,이정옥
지방공공기관,담양장학회,담양장학회,본점,전라남도 담양군,출연기관(장학),전라남도 담양군 담양읍 추성로 1371,061-380-3182,-,-,-,www.damyang.go.kr,이병노
지방공공기관,재단법인 곡성군미래교육재단,재단법인 곡성군미래교육재단,본점,전라남도 곡성군,출연기관(장학),"전라남도 곡성군 곡성읍 읍내14길 3, 나동 1층",061-884-8212,-,-,-,http://gokmg.or.kr/,이상철
지방공공기관,농업회사법인고흥군유통(주),농업회사법인고흥군유통(주),본점,전라남도 고흥군,출자기관(제조·유통),전남 고흥군 과역면 고흥로 3137,061-832-0055,-,-,-,http://ghgapc.co.kr,박형석
지방공공기관,보성군장학재단,보성군장학재단,본점,전라남도 보성군,출연기관(장학),전남 보성군 보성읍 송재로 281-11(보성문화원 3층),061-853-6948,-,-,-,https://www.boseongsf.or.kr/,문찬오
지방공공기관,재단법인 화순군문화관광재단,재단법인 화순군문화관광재단,본점,전라남도 화순군,출연기관(문화),전라남도 화순군 능주면 죽수길 73,061-373-5481,-,-,-,https://hfct.or.kr,구복규
지방공공기관,화순장학회,화순장학회,본점,전라남도 화순군,출연기관(장학),전라남도 화순군 화순읍 동헌길 23,061-379-3351,-,-,-,https://www.hwasun.go.kr/contents.do?S=S01&M=070505010000,구복규
지방공공기관,정남진장흥노인복지재단,정남진장흥노인복지재단,본점,전라남도 장흥군,출연기관(복지자원봉사),전남 장흥군 장흥읍 장흥로 21,061-860-7801,-,-,-,http://www.jhnanum.kr,이천영
지방공공기관,장흥군버섯산업연구원,장흥군버섯산업연구원,본점,전라남도 장흥군,출연기관(연구원),전라남도 장흥군 안양면 우드랜드길 288,061-863-8987,-,-,-,www.jmi.re.kr,김  성
지방공공기관,장흥군인재육성장학회,장흥군인재육성장학회,본점,전라남도 장흥군,출연기관(장학),전라남도 장흥군 장흥읍 장흥로 21,061-860-0239,-,-,-,www.jhinjae.or.kr,김성
지방공공기관,강진문화관광재단,강진문화관광재단,본점,전라남도 강진군,출연기관(문화),"전라남도 강진군 강진읍 보은로4길 5, 1층",데이터 없음,-,-,-,www.gangjin.or.kr,임석
지방공공기관,강진군민장학재단,강진군민장학재단,본점,전라남도 강진군,출연기관(장학),전남 강진군 강진읍 영랑로1길 10 3층,02-123-4567,-,-,-,https://www.gangjin.go.kr/www/part/scholarship/info,강진원
지방공공기관,재단법인 해남먹거리통합지원센터,재단법인 해남먹거리통합지원센터,본점,전라남도 해남군,출연기관(농식품),전남 해남군 해남읍 구교3길4,061-537-9015,-,-,-,http://haenamlocalfood.kr/,-
지방공공기관,재단법인 해남문화관광재단,재단법인 해남문화관광재단,본점,전라남도 해남군,출연기관(문화),"전라남도 해남군 해남읍 군청길 1, 6층 601호",061-535-6265,-,-,-,http://www.haenamct.or.kr/,명현관
지방공공기관,재단법인 해남군 교육재단,재단법인 해남군 교육재단,본점,전라남도 해남군,출연기관(장학),전라남도 해남군 해남읍 교육청길 54,데이터 없음,-,-,-,-,명현관
지방공공기관,영암군문화재단,영암군문화재단,본점,전라남도 영암군,출연기관(문화),전남 영암군 영암읍 기찬랜드로 19-10,061-471-8500,-,-,-,www.yamunhwa.or.kr,전동평
지방공공기관,(재)영암군 미래교육재단,(재)영암군 미래교육재단,본점,전라남도 영암군,출연기관(장학),영암군 영암읍 영암로 1511,061-470-2122,-,-,-,https://www.ya-mirae.or.kr/,우승희
지방공공기관,재단법인 무안황토건축문화재단,재단법인 무안황토건축문화재단,본점,전라남도 무안군,출연기관(문화),전라남도 무안군 무안읍 무안로 530,데이터 없음,-,-,-,-,김산
지방공공기관,무안군승달장학회,무안군승달장학회,본점,전라남도 무안군,출연기관(장학),전라남도 무안군 무안읍 무안로 530,061-450-5337,-,-,-,https://www.muan.go.kr/www/education/seungdal/,-
지방공공기관,재단법인 함평축제관광재단,재단법인 함평축제관광재단,본점,전라남도 함평군,출연기관(문화),"전라남도 함평군 함평읍 곤재로 27, 3층",061-320-2238,-,-,-,https://www.hpftf.or.kr,-
지방공공기관,(주)탑글로리,(주)탑글로리,본점,전라남도 영광군,출자기관(건설·투자),전남 영광군 영광읍 중앙로 10 1층 102호,061-352-1231,-,-,-,topglory3naver.com,권경환
지방공공기관,농업회사법인영광군유통(주),농업회사법인영광군유통(주),본점,전라남도 영광군,출자기관(제조·유통),전남 영광군 군서면 신남로 34,061-351-8949,-,-,-,-,이흥규
지방공공기관,재단법인 장성먹거리통합지원센터,재단법인 장성먹거리통합지원센터,본점,전라남도 장성군,출연기관(농식품),전라남도 장성군 장성읍 단풍로 138,061-395-7804,-,-,-,https://www.jangseongff.or.kr/,이사장 / 곽영호
지방공공기관,장성장학회,장성장학회,본점,전라남도 장성군,출연기관(장학),전라남도 장성군 장성읍 영천로 200,061-390-8572,-,-,-,https://www.jangseong.go.kr/home/www/healing/scholarship,유두석
지방공공기관,완도전복(주),완도전복(주),본점,전라남도 완도군,출자기관(제조·유통),전남 완도군 완도읍 농공단지 8길 11,061-555-3600,-,-,-,https://wakorea.kr/,이유성
지방공공기관,화신산업개발(주),화신산업개발(주),본점,전라남도 완도군,출자기관(제조·유통),해당사항 없음,032-327-3434,-,-,-,해당사항 없음,-
지방공공기관,완도군행복복지재단,완도군행복복지재단,본점,전라남도 완도군,출연기관(복지자원봉사),전라남도 완도군 완도읍 청해진남로 51,061-555-9800,-,-,-,http://www.happywando.or.kr,박신희
지방공공기관,장보고장학회,장보고장학회,본점,전라남도 완도군,출연기관(장학),전라남도 완도군 완도읍 전라남도 완도군 완도읍 장보고대로 284-1,061-550-5888,-,-,-,https://www.wando.go.kr/www/welfare/educulture/changpogo,신우철
지방공공기관,완도해조류박람회조직위원회,완도해조류박람회조직위원회,본점,전라남도 완도군,출연기관(기타),전라남도 완도군 청해진남로 51,061-550-5874,-,-,-,http://www.wando.go.kr/expo,신우철
지방공공기관,(주)진도청정푸드밸리,(주)진도청정푸드밸리,본점,전라남도 진도군,출자기관(제조·유통),전남 진도군 임회면 고산 장구포로 15,061-543-1500,-,-,-,홈페이지 없음,장만윤
지방공공기관,진도군인재육성장학회,진도군인재육성장학회,본점,전라남도 진도군,출연기관(장학),전라남도 진도군 진도읍 철마길 25,061-540-3244,-,-,-,-,김희수
지방공공기관,진도군상권활성화재단,진도군상권활성화재단,본점,전라남도 진도군,출연기관(기타),전라남도 진도군 진도읍 남문길 54-6,061-542-2486,-,-,-,http://www.jindomr.or.kr/,김희수
지방공공기관,1004섬요트관광 주식회사,1004섬요트관광 주식회사,본점,전라남도 신안군,출자기관(관광),전남 신안군 암태면 박달로 9,데이터 없음,-,-,-,https://1004yacht.com,박운기
지방공공기관,재단법인 예술섬,재단법인 예술섬,본점,전라남도 신안군,출연기관(문화),"전라남도 신안군 압해읍 복룡로 118-20, 1층",061-240-6166,-,-,-,-,-
지방공공기관,신안군복지재단,신안군복지재단,본점,전라남도 신안군,출연기관(복지자원봉사),전남 신안군 압해읍 구항길 92-58,061-278-1129,-,-,-,http://www.shinan1004.or.kr/,이충만 이사장
지방공공기관,신안군장학재단,신안군장학재단,본점,전라남도 신안군,출연기관(장학),전라남도 신안군 압해읍 천사로 1004,061-240-8777,-,-,-,http://www.shinan.go.kr/home/www/dept_info/dept_info_07/page.wscms,박우량
지방공공기관,울릉도친환경에너지자립섬(주),울릉도친환경에너지자립섬(주),본점,경상북도 경상북도,출자기관(에너지·환경),-,-,-,-,-,-,-
지방공공기관,경북통상(주),경북통상(주),본점,경상북도 경상북도,출자기관(제조·유통),경상북도 경산시 진량읍 현내길76-6,053-851-8880,-,-,-,www.gbci.co.kr,김현규
지방공공기관,경상북도 농식품유통교육진흥원,경상북도 농식품유통교육진흥원,본점,경상북도 경상북도,출연기관(농식품),"경상북도 예천군 호명면 수변로 125, 5층",054-383-6902,-,-,-,www.gbfood.or.kr,정우석
지방공공기관,경북문화재단,경북문화재단,본점,경상북도 경상북도,출연기관(문화),경상북도 예천군 호명읍 수변로 125 4층(서진타워),054-650-2900,-,-,-,http://www.gacf.kr,김재
지방공공기관,독도재단,독도재단,본점,경상북도 경상북도,출연기관(문화),경북 포항시 북구 중흥로 231,054-272-6513,-,-,-,www.koreadokdo.or.kr,이철우
지방공공기관,한국국학진흥원,한국국학진흥원,본점,경상북도 경상북도,출연기관(문화),(36605) 경상북도 안동시 퇴계로 1997,054-851-0700,-,-,-,http://www.koreastudy.or.kr,정종섭
지방공공기관,경북행복재단,경북행복재단,본점,경상북도 경상북도,출연기관(복지자원봉사),경상북도 구미시 박정희로 155 새마을운동테마공원 글로벌관 3층,054-710-8811,-,-,-,https://www.ghf.or.kr/,이욱열
지방공공기관,재단법인 새마을재단,재단법인 새마을재단,본점,경상북도 경상북도,출연기관(복지자원봉사),경북 구미시 박정희로 155(사곡동) 글로벌관 2층,054-716-2553,-,-,-,smuf.or.kr,이승종
지방공공기관,경북신용보증재단,경북신용보증재단,본점,경상북도 경상북도,출연기관(신용보증),"(39393) 경북 구미시 이계북로 7, 경북경제진흥원 7층",054-474-7100,-,-,-,www.gbsinbo.co.kr,김세환
지방공공기관,경북여성정책개발원,경북여성정책개발원,본점,경상북도 경상북도,출연기관(여성·청소년),"경상북도 예천군 호명면 도청대로 53, 경북여성가족플라자 동행관 3층",053-817-6017,-,-,-,www.forwoman.or.kr,하금숙
지방공공기관,경상북도청소년육성재단,경상북도청소년육성재단,본점,경상북도 경상북도,출연기관(여성·청소년),-,-,-,-,-,www.gbyouth.or.kr,김치영
지방공공기관,경북바이오산업연구원,경북바이오산업연구원,본점,경상북도 경상북도,출연기관(연구원),경상북도 안동시 풍산읍 산업단지2길 5,054-850-6901,-,-,-,www.gib.re.kr,한진관
지방공공기관,경북하이브리드부품연구원,경북하이브리드부품연구원,본점,경상북도 경상북도,출연기관(연구원),-,-,-,-,-,http://ghi.re.kr,문지훈(대행)
지방공공기관,재단법인 경북연구원,재단법인 경북연구원,본점,경상북도 경상북도,출연기관(연구원),경상북도 예천군 호명읍 도청대로 201,054-650-9000,-,-,-,www.gdi.re.kr,유철균
지방공공기관,경상북도김천의료원,경상북도김천의료원,본점,경상북도 경상북도,출연기관(의료원),(39579) 경북 김천시 모암길 24,054-429-8017,-,-,-,http://www.gcmc.or.kr/,정용구
지방공공기관,경상북도안동의료원,경상북도안동의료원,본점,경상북도 경상북도,출연기관(의료원),경북 안동시 태사2길 55,054-850-6000,-,-,-,www.amc.or.kr,이국현
지방공공기관,경상북도포항의료원,경상북도포항의료원,본점,경상북도 경상북도,출연기관(의료원),경상북도 포항시 북구 용흥로 36,054-247-0551,-,-,-,https://pmc.or.kr,함인석
지방공공기관,재단법인 경상북도 인재평생교육진흥원,재단법인 경상북도 인재평생교육진흥원,본점,경상북도 경상북도,출연기관(장학),-,-,-,-,-,www.kydel.or.kr/www.gitel.or.kr,-
지방공공기관,경상북도경제진흥원,경상북도경제진흥원,본점,경상북도 경상북도,출연기관(중소기업진흥),경북 구미시 이계북로7(임수동 92-30),054-472-2986,-,-,-,www.gepa.kr,송경창
지방공공기관,경북테크노파크,경북테크노파크,본점,경상북도 경상북도,출연기관(테크노파크),경상북도 경산시 삼풍로 27 (삼풍동),053-819-3000,-,-,-,http://gbtp.or.kr,하인성
지방공공기관,경상북도환경연수원,경상북도환경연수원,본점,경상북도 경상북도,출연기관(기타),경상북도 구미시 금오산로 336-97,054-452-4509,-,-,-,http://www.igreen.or.kr/,심학보
지방공공기관,재단법인 경상북도호국보훈재단,재단법인 경상북도호국보훈재단,본점,경상북도 경상북도,출연기관(기타),경북 안동시 임하면 독립기념관길 2,054-820-2600,-,-,-,http://815gb.or.kr/,-
지방공공기관,포항문화재단,포항문화재단,본점,경상북도 포항시,출연기관(문화),"경상북도 포항시 북구 삼호로 36, 6층 문화예술팩토리(동빈1가, 포항시 북구청)",데이터 없음,-,-,-,https://phcf.or.kr/,이강덕
지방공공기관,포항시청소년재단,포항시청소년재단,본점,경상북도 포항시,출연기관(여성·청소년),경상북도 포항시 북구 삼호로 533,054-240-9101,-,-,-,http://www.phyf.co.kr/,윤영란
지방공공기관,포항금속소재산업진흥원,포항금속소재산업진흥원,본점,경상북도 포항시,출연기관(연구원),-,-,-,-,-,http://www.pomia.or.kr/index.do,김헌덕
지방공공기관,포항시장학회,포항시장학회,본점,경상북도 포항시,출연기관(장학),경상북도 포항시 남구 시청로 1(대잠동),054-270-5758,-,-,-,www.phsjhh.org,이강덕
지방공공기관,포항테크노파크,포항테크노파크,본점,경상북도 포항시,출연기관(테크노파크),"경북 포항시 남구 지곡로 394(지곡동, 포항테크노파크)",054-223-2114,-,-,-,www.ptp.or.kr,이강덕
지방공공기관,신경주역세권공영개발(주),신경주역세권공영개발(주),본점,경상북도 경주시,출자기관(건설·투자),경상북도 경주시 충효구획길 1,054-779-6430,-,-,-,www.newcity-gj.co.kr,최원학
지방공공기관,신경주지역개발(주),신경주지역개발(주),본점,경상북도 경주시,출자기관(건설·투자),"경상북도 경주시 충효구획길 1(충효동), 2층",054-779-6430,-,-,-,홈페이지 없음,도병우
지방공공기관,경주문화재단,경주문화재단,본점,경상북도 경주시,출연기관(문화),"경주시 알천북로 1(황성동), 경주예술의전당",054-777-5861,-,-,-,https://www.garts.kr/,주낙영
지방공공기관,경주화백컨벤션센터,경주화백컨벤션센터,본점,경상북도 경주시,출연기관(문화),경상북도 경주시 보문로 507,054-702-1033,-,-,-,www.hico.or.kr,김용국
지방공공기관,경주스마트미디어센터,경주스마트미디어센터,본점,경상북도 경주시,출연기관(연구원),경주시 경감로 587-18(천군동),054-701-2930,-,-,-,http://www.real4dhub.or.kr/,주낙영
지방공공기관,신라문화유산연구원,신라문화유산연구원,본점,경상북도 경주시,출연기관(연구원),경상북도 경주시 현곡면 가삼골1길 19-10,054-777-3101,-,-,-,http://www.kjsilla.re.kr,김유식
지방공공기관,경주시장학회,경주시장학회,본점,경상북도 경주시,출연기관(장학),"경상북도 경주시 양정로 241-1, 4층(동천동, 기린빌딩)",054-748-7760,-,-,-,www.janghak.gyeongju.go.kr,주낙영
지방공공기관,김천복지재단,김천복지재단,본점,경상북도 김천시,출연기관(복지자원봉사),경북 김천시 시청1길 1,054-420-6738,-,-,-,https://www.gc.go.kr/gcwf/main.do,김충섭
지방공공기관,김천시인재양성재단,김천시인재양성재단,본점,경상북도 김천시,출연기관(장학),"경상북도 김천시 시청1길1(신음동,김천시청)",054-420-6087,-,-,-,https://www.gc.go.kr/injae,김충섭
지방공공기관,안동시한국정신문화재단,안동시한국정신문화재단,본점,경상북도 안동시,출연기관(문화),경상북도 안동시 축제장길 200 한국정신문화재단,054-843-3050,-,-,-,www.kfce.or.kr,이희범
지방공공기관,안동시장학회,안동시장학회,본점,경상북도 안동시,출연기관(장학),경상북도 안동시 제비원로 93,054-840-5561,-,-,-,http://www.ascholarship.or.kr/,권기창
지방공공기관,재단법인 구미먹거리통합지원센터,재단법인 구미먹거리통합지원센터,본점,경상북도 구미시,출연기관(농식품),경북 구미시 선산읍 선산중앙로 83-2,054-482-2400,-,-,-,www.gmff.or.kr,김장호
지방공공기관,구미시장학재단,구미시장학재단,본점,경상북도 구미시,출연기관(장학),경북 구미시 송정대로 55(구미시청 내),054-480-6874,-,-,-,www.gumigh.or.kr,김장호
지방공공기관,구미전자정보기술원,구미전자정보기술원,본점,경상북도 구미시,출연기관(기타),경북 구미시 산동읍 첨단기업1로 17,054-479-2002,-,-,-,http://www.geri.re.kr,김장호
지방공공기관,영주문화관광재단,영주문화관광재단,본점,경상북도 영주시,출연기관(문화),"경북 영주시 대학로 77, 148아트스퀘어",054-630-8703,-,-,-,http://www.yctf.or.kr,장욱현
지방공공기관,재단법인 영주한국효문화진흥원,재단법인 영주한국효문화진흥원,본점,경상북도 영주시,출연기관(복지자원봉사),경북 영주시 순흥면 선비세상로 26,데이터 없음,-,-,-,-,-
지방공공기관,영주시인재육성장학회,영주시인재육성장학회,본점,경상북도 영주시,출연기관(장학),경상북도 영주시 시청로1,054-639-6644,-,-,-,www.yjjhh.or.kr,박남서
지방공공기관,재단법인 경북자동차임베디드연구원,재단법인 경북자동차임베디드연구원,본점,경상북도 영천시,출연기관(연구원),경북 영천시 명산길 97-70(녹전동),054-339-0012,-,-,-,www.givet.re.kr,송종호
지방공공기관,영천시장학회,영천시장학회,본점,경상북도 영천시,출연기관(장학),"경북 영천시 중앙동1길 80(문외동, 영천시립도서관 내)",054-339-7053,-,-,-,http://www.ycsf.or.kr,최기문
지방공공기관,상주시장학회,상주시장학회,본점,경상북도 상주시,출연기관(장학),경상북도 상주시 상산로 223,054-537-7159,-,-,-,sjjh.or.kr,강영석
지방공공기관,문경관광개발(주),문경관광개발(주),본점,경상북도 문경시,출자기관(관광),"경상북도 문경시 중앙로 188, 2층",054-556-3456,-,-,-,http://mgtd.co.kr,박시복
지방공공기관,문경시장학회,문경시장학회,본점,경상북도 문경시,출연기관(장학),경상북도 문경시 당교로 225,054-550-6242,-,-,-,www.mgsc.kr,신현국
지방공공기관,문경시상권활성화재단,문경시상권활성화재단,본점,경상북도 문경시,출연기관(기타),"경상북도 문경시 상신로 5-3, 중앙어울림센터 2층",054-552-5586,-,-,-,https://blog.naver.com/jcp1975,신현국
지방공공기관,경산시장학회,경산시장학회,본점,경상북도 경산시,출연기관(장학),경상북도 경산시 원효로 23,053-810-6268,-,-,-,www.gsjhh.co.kr,조현일
지방공공기관,경북IT융합산업기술원,경북IT융합산업기술원,본점,경상북도 경산시,출연기관(지식정보산업),경상북도 경산시 진량읍 공단9로 12길 25(신제리 557),053-245-0003,-,-,-,www.gitc.or.kr,조현일
지방공공기관,의성군장학회,의성군장학회,본점,경상북도 의성군,출연기관(장학),경북 의성군 의성읍 군청길 31,데이터 없음,-,-,-,http://www.uscdream.kr,김주수
지방공공기관,청송문화관광재단,청송문화관광재단,본점,경상북도 청송군,출연기관(문화),경상북도 청송군 주왕산면 주왕산로 494,054-874-0101,-,-,-,http://www.cctf.or.kr,-
지방공공기관,청송군인재육성장학회,청송군인재육성장학회,본점,경상북도 청송군,출연기관(장학),경상북도 청송군 청송읍 군청로 51,054-870-6048,-,-,-,www.csjanghak.or.kr,윤경희
지방공공기관,영양군영양축제관광재단,영양군영양축제관광재단,본점,경상북도 영양군,출연기관(문화),경상북도 영양군 영양읍 바들양지1길 33-32,054-683-7300,-,-,-,https://yftf.kr/,오도창
지방공공기관,영양군인재육성장학회,영양군인재육성장학회,본점,경상북도 영양군,출연기관(장학),경상북도 영양군 영양읍 군청길 37,054-680-6122,-,-,-,-,오도창
지방공공기관,재단법인 영덕문화관광재단,재단법인 영덕문화관광재단,본점,경상북도 영덕군,출연기관(문화),경상북도 영덕군 영해면 318만세길 36 예주문화예술회관 2층,054-730-5800,-,-,-,www.ydct.org,김광열
지방공공기관,영덕복지재단,영덕복지재단,본점,경상북도 영덕군,출연기관(복지자원봉사),"경북 영덕군 영덕읍 남석3길 15번지, 1층",데이터 없음,-,-,-,http://ydwf.or.kr/,김명용/김명용
지방공공기관,영덕군교육발전위원회,영덕군교육발전위원회,본점,경상북도 영덕군,출연기관(장학),경북 영덕군 영덕읍 군청길 116,데이터 없음,-,-,-,http://www.ydedu.or.kr,김광열
지방공공기관,청도우리정신문화재단,청도우리정신문화재단,본점,경상북도 청도군,출연기관(문화),경북 청도군 운문면 신화랑길 1,054-370-7301,-,-,-,http://www.cdws.or.kr,김하수
지방공공기관,청도군인재육성장학회,청도군인재육성장학회,본점,경상북도 청도군,출연기관(장학),경상북도 청도군 화양읍 청화로 70,054-370-2084,-,-,-,https://www.cheongdo.go.kr/open.content/scholarship/,김하수
지방공공기관,성주군별고을장학회,성주군별고을장학회,본점,경상북도 성주군,출연기관(장학),경북 성주군 성주읍 성주로 3200,054-930-6103,-,-,-,https://sj.go.kr/sjstar/main.do,이병환
지방공공기관,재단법인 칠곡문화관광재단,재단법인 칠곡문화관광재단,본점,경상북도 칠곡군,출연기관(문화),경상북도 칠곡군 석적읍 강변대로 1570-1,데이터 없음,-,-,-,www.chilgokctf.or.kr,김재욱 이사장
지방공공기관,호이장학회,호이장학회,본점,경상북도 칠곡군,출연기관(장학),경북 칠곡군 왜관읍 군청1길 80,054-979-6053,-,-,-,https://www.chilgok.go.kr/hoi,민선
지방공공기관,재단법인 예천문화관광재단,재단법인 예천문화관광재단,본점,경상북도 예천군,출연기관(문화),경상북도 예천군 예천읍 충효로 111,054-650-6033,-,-,-,www.yctf.kr,김학동
지방공공기관,예천군민장학회,예천군민장학회,본점,경상북도 예천군,출연기관(장학),"경북 예천군 예천읍 충효로 111, 예천군청 3층 총무과",054-650-6088,-,-,-,www.ycg.kr,김학동
지방공공기관,재단법인 봉화축제관광재단,재단법인 봉화축제관광재단,본점,경상북도 봉화군,출연기관(문화),경북 봉화군 봉화읍 내성로5길 13 군민행복센터 4층,05-674-3053,-,-,-,https://bhftf.co.kr/,-
지방공공기관,(주)울진유통농업회사법인,(주)울진유통농업회사법인,본점,경상북도 울진군,출자기관(제조·유통),경북 울진군 근남면 울진북로 234-17,054-781-8975,-,-,-,http://www.ujut.kr,정만교선임이사
지방공공기관,재단법인 환동해산업연구원,재단법인 환동해산업연구원,본점,경상북도 울진군,출연기관(연구원),경북 울진군 죽변면 해양과학길 22,054-780-3400,-,-,-,http://mire.re.kr,전강원
지방공공기관,울진군의료원,울진군의료원,본점,경상북도 울진군,출연기관(의료원),경북 울진군 울진읍 현내항길 71,054-785-7000,-,-,-,www.umc.or.kr,조영래
지방공공기관,울진군장학재단,울진군장학재단,본점,경상북도 울진군,출연기관(장학),"경북 울진군 울진읍 읍내8길 26,1층",054-789-4411,-,-,-,www.uljinsf.kr,손병복
지방공공기관,주식회사 울릉샘물,주식회사 울릉샘물,본점,경상북도 울릉군,출자기관(제조·유통),경상북도 울릉군 북면 추산길 209-49,054-791-5598,-,-,-,http://www.ulleungwater.co.kr,하익로
지방공공기관,(주)경남무역,(주)경남무역,본점,경상남도 경상남도,출자기관(제조·유통),경남 창원시 마산합포구 해안대로 224-153,055-249-8000,-,-,-,-,하명곤
지방공공기관,경남항노화주식회사,경남항노화주식회사,본점,경상남도 경상남도,출자기관(기타),-,-,-,-,-,www.gnagp.com,-
지방공공기관,경남문화예술진흥원,경남문화예술진흥원,본점,경상남도 경상남도,출연기관(문화),경남 합천군 덕곡면 학리1길 58,055-213-8000,-,-,-,http://www.gcaf.or.kr/,김종부
지방공공기관,재단법인 경상남도 관광재단,재단법인 경상남도 관광재단,본점,경상남도 경상남도,출연기관(문화),"경상남도 창원시 성산구 원이대로 362, 10층(대원동, 창원컨벤션센터)",055-212-6850,-,-,-,www.gnto.or.kr,황희곤
지방공공기관,재단법인 경상남도 사회서비스원,재단법인 경상남도 사회서비스원,본점,경상남도 경상남도,출연기관(복지자원봉사),경상남도 창원시 성산구 창원대로 524,055-328-8204,-,-,-,http://gn.pass.or.kr/,조철현
지방공공기관,경남신용보증재단,경남신용보증재단,본점,경상남도 경상남도,출연기관(신용보증),"경상남도 창원시 성산구 원이대로 362, 4층",055-212-1250,-,-,-,https://www.gnsinbo.or.kr,이효근
지방공공기관,(재)경상남도청소년지원재단,(재)경상남도청소년지원재단,본점,경상남도 경상남도,출연기관(여성·청소년),"경상남도 창원시 의창구 사림로45번길 59, 경남대표도서관 청소년관",055-711-1305,-,-,-,https://gnyouth.net/,홍순경
지방공공기관,재단법인 경상남도 여성가족재단,재단법인 경상남도 여성가족재단,본점,경상남도 경상남도,출연기관(여성·청소년),경상남도 창원시 성산구 용지로 240(용호동),055-713-7074,-,-,-,gnwff.or.kr,정연희
지방공공기관,재단법인 경남연구원,재단법인 경남연구원,본점,경상남도 경상남도,출연기관(연구원),경상남도 창원시 성산구 용지로 248(용호동 5-1),055-266-2076,-,-,-,http://www.gni.re.kr,송부용
지방공공기관,재단법인 경남항노화연구원,재단법인 경남항노화연구원,본점,경상남도 경상남도,출연기관(연구원),경상남도 산청군 금서면 친환경로2605번길 39,데이터 없음,-,-,-,gari.or.kr,한기민
지방공공기관,경상남도마산의료원,경상남도마산의료원,본점,경상남도 경상남도,출연기관(의료원),경상남도 창원시 마산합포구 3·15대로 231,055-249-1000,-,-,-,www.mmc.or.kr,김진평
지방공공기관,경상남도장학회,경상남도장학회,본점,경상남도 경상남도,출연기관(장학),창원시 의창구 팔용로 473,데이터 없음,-,-,-,https://www.gyeongnam.go.kr/index.gyeong?menuCd=DOM_000000149022001001,최만림
지방공공기관,재단법인 경상남도인재평생교육진흥원,재단법인 경상남도인재평생교육진흥원,본점,경상남도 경상남도,출연기관(장학),"경상남도 창원시 성산구 용지로 248, 3층 306호(용호동, 경남연구원)",데이터 없음,-,-,-,https://www.gndamoa.or.kr/,유원석
지방공공기관,재단법인 경상남도 투자경제진흥원,재단법인 경상남도 투자경제진흥원,본점,경상남도 경상남도,출연기관(중소기업진흥),경상남도 창원시 성산구 창원대로 524 경남사회적경제혁신타운 본관동 4층,055-212-6760,-,-,-,https://www.giba.or.kr/,오재호
지방공공기관,경남로봇랜드재단,경남로봇랜드재단,본점,경상남도 경상남도,출연기관(지식정보산업),경상남도 창원시 마산합포구 구산면 로봇랜드로 33,055-214-6005,-,-,-,www.gnrobot.or.kr,최원기
지방공공기관,경남테크노파크,경남테크노파크,본점,경상남도 경상남도,출연기관(테크노파크),경남 창원시 의창구 창원대로18번길 22(팔용동),055-259-3315,-,-,-,www.gntp.or.kr,김정환
지방공공기관,경상남도람사르환경재단,경상남도람사르환경재단,본점,경상남도 경상남도,출연기관(기타),-,-,-,-,-,www.gref.or.kr,정판용
지방공공기관,덕산일반산업단지(주),덕산일반산업단지(주),본점,경상남도 창원시,출자기관(건설·투자),경상남도 창원시 성산구 용지로 169번길 3,데이터 없음,-,-,-,-,문상호
지방공공기관,마산해양신도시(주),마산해양신도시(주),본점,경상남도 창원시,출자기관(건설·투자),경남 창원시 마산합포구 해안대로 148 (월포동),055-222-1644,-,-,-,http://www.msmarinecity.co.kr,김용운
지방공공기관,창원자족형복합행정타운 주식회사,창원자족형복합행정타운 주식회사,본점,경상남도 창원시,출자기관(건설·투자),"경상남도 창원시 의창구 평산로23, 526호",055-261-4094,-,-,-,-,이후관
지방공공기관,평성인더스트리아주식회사,평성인더스트리아주식회사,본점,경상남도 창원시,출자기관(건설·투자),"경남 창원시 의창구 중동중앙로 47, 2208호(중동, 어반브릭스)",055-255-9861,-,-,-,www.CWPS-industria.co.kr,조철현
지방공공기관,창원문화재단,창원문화재단,본점,경상남도 창원시,출연기관(문화),창원시 성산구 중앙대로 181(용호동 2번지),055-268-7900,-,-,-,www.cwcf.or.kr,홍남표
지방공공기관,재단법인 창원복지재단,재단법인 창원복지재단,본점,경상남도 창원시,출연기관(복지자원봉사),경상남도 창원시 성산구 상남로58번길 21(상남동),데이터 없음,-,-,-,https://www.cwwf.or.kr.,홍재식
지방공공기관,창원시정연구원,창원시정연구원,본점,경상남도 창원시,출연기관(연구원),창원시 성산구 원이대로 848,055-225-7051,-,-,-,www.chari.re.kr,김영표
지방공공기관,창원시장학회,창원시장학회,본점,경상남도 창원시,출연기관(장학),경상남도 창원시 진해구 진해대로 1101 진해구청 민원동 1층,데이터 없음,-,-,-,http://www.jhjh.or.kr/,김을순
지방공공기관,(재)창원산업진흥원,(재)창원산업진흥원,본점,경상남도 창원시,출연기관(중소기업진흥),"경남 창원시 의창구 창원대로18번길 46, 6층 612호",055-716-7777,-,-,-,www.cwip.or.kr,-
지방공공기관,진주뿌리산단개발(주),진주뿌리산단개발(주),본점,경상남도 진주시,출자기관(건설·투자),경남 진주시 정촌면 삼일로95번길 50-35,055-754-0890,-,-,-,https://jinjuppuri.co.kr/,정중채
지방공공기관,진주문화관광재단,진주문화관광재단,본점,경상남도 진주시,출연기관(문화),경상남도 진주시 망경남길 30,055-795-3200,-,-,-,https://jjct.or.kr/,조규일
지방공공기관,진주시복지재단,진주시복지재단,본점,경상남도 진주시,출연기관(복지자원봉사),경상남도 진주시 동진로 189(상대동),055-756-7560,-,-,-,jinjuwf.or.kr,이성갑
지방공공기관,(재)진주바이오산업진흥원,(재)진주바이오산업진흥원,본점,경상남도 진주시,출연기관(중소기업진흥),경남 진주시 문산읍 월아산로 991,055-762-9831,-,-,-,jbio.or.kr,정영철
지방공공기관,재단법인 진주시상권활성화재단,재단법인 진주시상권활성화재단,본점,경상남도 진주시,출연기관(기타),"경상남도 진주시 진양호로569번길 10, 3층 진주시상권활성화재단",데이터 없음,-,-,-,https://jinjumr.or.kr/,조규일
지방공공기관,재단법인 통영한산대첩문화재단,재단법인 통영한산대첩문화재단,본점,경상남도 통영시,출연기관(문화),경상남도 통영시 중앙로 65(도천동),055-644-5222,-,-,-,https://tyhansancf.or.kr/,천영기
지방공공기관,통영국제음악재단,통영국제음악재단,본점,경상남도 통영시,출연기관(문화),경상남도 통영시 큰발개1길 38,055-650-0400,-,-,-,timf.org,강석주
지방공공기관,통영시지속가능발전교육재단,통영시지속가능발전교육재단,본점,경상남도 통영시,출연기관(기타),통영시 용남해안로 116(세자트라숲),055-650-7400,-,-,-,www.rce.or.kr,박은경
지방공공기관,사천아이씨도시개발주식회사,사천아이씨도시개발주식회사,본점,경상남도 사천시,출자기관(건설·투자),"경상남도 사천시 축동면 길평길 25, 2층",055-832-2355,-,-,-,www.siud.co.kr,김상칠
지방공공기관,사천문화재단,사천문화재단,본점,경상남도 사천시,출연기관(문화),경상남도 사천시 사천대로 17 3층,055-835-6496,-,-,-,http://www.sccf.or.kr,김병태
지방공공기관,재단법인 사천시 복지 청소년재단,재단법인 사천시 복지 청소년재단,본점,경상남도 사천시,출연기관(여성·청소년),경상남도 사천시 문선4길 23,055-831-4503,-,-,-,www.youthsacheon.com,박동식
지방공공기관,재단법인 사천시미생물발효재단,재단법인 사천시미생물발효재단,본점,경상남도 사천시,출연기관(연구원),경상남도 사천시 용현면 진삼로 902-1,데이터 없음,-,-,-,https://www.scmicro.or.kr,박동식
지방공공기관,사천시인재육성장학재단,사천시인재육성장학재단,본점,경상남도 사천시,출연기관(장학),경남 사천시 용현면 시청로 77,055-831-2589,-,-,-,www.sacheon.go.kr/life/lll/04087.web,홍민희
지방공공기관,(주)김해테크노밸리,(주)김해테크노밸리,본점,경상남도 김해시,출자기관(건설·투자),"경상남도 김해시 호계로 411, 3층 301호 (부원동, 골든빌딩)",055-320-5700,-,-,-,www.gtv21.co.kr,안태건
지방공공기관,김해대동첨단산업단지(주),김해대동첨단산업단지(주),본점,경상남도 김해시,출자기관(건설·투자),"경상남도 김해시 경원로 73번길 15, 203호(내동, 경보더숨시티)",데이터 없음,-,-,-,http://www.gdic.co.kr,이후관
지방공공기관,김해문화재단,김해문화재단,본점,경상남도 김해시,출연기관(문화),-,-,-,-,-,http://www.ghcf.or.kr,최석철
지방공공기관,김해시복지재단,김해시복지재단,본점,경상남도 김해시,출연기관(복지자원봉사),경상남도 김해시 신어산길 46,055-336-2400,-,-,-,http://www.ghwf.or.kr,홍태용
지방공공기관,재단법인 김해연구원,재단법인 김해연구원,본점,경상남도 김해시,출연기관(연구원),"경상남도 김해시 주촌면 골든루트로 80-16, 2층(김해 중소기업비즈니스센터)",055-344-7700,-,-,-,-,-
지방공공기관,재단법인 김해시미래인재장학재단,재단법인 김해시미래인재장학재단,본점,경상남도 김해시,출연기관(장학),경상남도 김해시 김해대로 2401(부원동),055-333-8081,-,-,-,www.ghjanghak.kr,현종원
지방공공기관,재단법인 김해의생명산업진흥원,재단법인 김해의생명산업진흥원,본점,경상남도 김해시,출연기관(중소기업진흥),김해시 주촌면 골든루트로 80-59,055-329-8811,-,-,-,www.gbia.or.kr,홍태용
지방공공기관,밀양물산 주식회사,밀양물산 주식회사,본점,경상남도 밀양시,출자기관(제조·유통),경상남도 밀양시 상남면 상남로 1008-13,055-359-7298,-,-,-,-,-
지방공공기관,(재)밀양문화관광재단,(재)밀양문화관광재단,본점,경상남도 밀양시,출연기관(문화),경상남도 밀양시 밀양대공원로 112(교동),055-359-4500,-,-,-,http://www.mycf.or.kr/,안병구
지방공공기관,밀양시민장학재단,밀양시민장학재단,본점,경상남도 밀양시,출연기관(장학),경남 밀양시 밀양대로 2047(교동),055-359-5606,-,-,-,https://www.miryang.go.kr/web/index.do?mnNo=50603000000,박일호
지방공공기관,빅아일랜드인거제피에프브이(주),빅아일랜드인거제피에프브이(주),본점,경상남도 거제시,출자기관(건설·투자),"서울특별시 영등포구 여의대로 24, 23층(여의도동, 전국경제인연합회회관)",070-4008-3764,-,-,-,http://www.bigisland.kr,심정섭
지방공공기관,거제시문화예술재단,거제시문화예술재단,본점,경상남도 거제시,출연기관(문화),경상남도 거제시 장승로 145 거제문화예술회관,055-680-1000,-,-,-,http://www.geojeart.or.kr,변광용
지방공공기관,거제시희망복지재단,거제시희망복지재단,본점,경상남도 거제시,출연기관(복지자원봉사),경남 거제시 계룡로 125 거제시청 별관2동 3층 331호,055-639-3737,-,-,-,www.gjchwf.or.kr,김원배
지방공공기관,양산석계산업단지(주),양산석계산업단지(주),본점,경상남도 양산시,출자기관(건설·투자),-,-,-,-,-,-,-
지방공공기관,양산시복지재단,양산시복지재단,본점,경상남도 양산시,출연기관(복지자원봉사),경남 양산시 동면 남양산 1길 14 도시통합관제센터 5층,데이터 없음,-,-,-,http://www.yscwf.or.kr,나동연
지방공공기관,양산시인재육성장학재단,양산시인재육성장학재단,본점,경상남도 양산시,출연기관(장학),"경상남도 양산시 중앙로 39, 양산시청 2별관 3층",055-392-2081,-,-,-,https://www.yangsan.go.kr/scholarship/main.do,이희종
지방공공기관,농업회사법인의령군토요애유통(주),농업회사법인의령군토요애유통(주),본점,경상남도 의령군,출자기관(제조·유통),경남 의령군 의합대로28,055-574-1156,-,-,-,-,-
지방공공기관,함안군장학재단,함안군장학재단,본점,경상남도 함안군,출연기관(장학),경상남도 함안군 말산로 1(함안군청),055-580-2098,-,-,-,https://www.hamansf.or.kr,조근제
지방공공기관,영남일반산업단지주식회사,영남일반산업단지주식회사,본점,경상남도 창녕군,출자기관(건설·투자),"부산광역시 동래구 아시아드대로 154번길 89(사직동), 2층",055-532-1370,-,-,-,-,손호영
지방공공기관,창녕양파장류연구소,창녕양파장류연구소,본점,경상남도 창녕군,출연기관(연구원),경남 창녕군 대지면 우포2로 1085,055-532-3921,-,-,-,http://www.cng.go.kr/life/cnonion.web,성낙인
지방공공기관,창녕군인재육성장학재단,창녕군인재육성장학재단,본점,경상남도 창녕군,출연기관(장학),경상남도 창녕군 창녕읍 군청길 1,055-533-5323,-,-,-,http://www.cng.go.kr/life/injae.web,한정우
지방공공기관,재단법인 고성문화관광재단,재단법인 고성문화관광재단,본점,경상남도 고성군,출연기관(문화),경남 고성군 회화면 당항만로 1116,055-670-7400,-,-,-,http://www.dino-expo.com,이상근
지방공공기관,(재)고성교육재단,(재)고성교육재단,본점,경상남도 고성군,출연기관(장학),경남 고성군 고성읍 성내로 61,055-670-5973,-,-,-,https://www.goseong.go.kr/edu/index.goseong?menuCd=DOM_000001301000000000,최상림
지방공공기관,재단법인 남해군관광문화재단,재단법인 남해군관광문화재단,본점,경상남도 남해군,출연기관(문화),경상남도 남해군 남해대로3883번길 100,055-860-3690,-,-,-,https://www.namhaetour.org/main.web,장충남
지방공공기관,남해마늘연구소(재),남해마늘연구소(재),본점,경상남도 남해군,출연기관(연구원),경상남도 남해군 이동면 남해대로 2465-8,055-860-8941,-,-,-,www.namhaegarlic.or.kr,장충남
지방공공기관,재단법인 남해군인재육성재단,재단법인 남해군인재육성재단,본점,경상남도 남해군,출연기관(기타),경상남도 남해군 남해읍 망운로 30번길 9,데이터 없음,-,-,-,-,-
지방공공기관,하동녹차연구소,하동녹차연구소,본점,경상남도 하동군,출연기관(연구원),경상남도 하동군 화개면 섬진강대로 3748-14,055-880-2893,-,-,-,www.hgreent.or.kr,하승철
지방공공기관,하동군장학재단,하동군장학재단,본점,경상남도 하동군,출연기관(장학),경상남도 하동군 군청로 23,055-880-6451,-,-,-,http://www.hadong.go.kr/scholarship.web,이양호
지방공공기관,(재)산청축제관광재단,(재)산청축제관광재단,본점,경상남도 산청군,출연기관(문화),"경남 산청군 금서면 동의보감로555번길 45-6, 엑스포주제관 2층",데이터 없음,-,-,-,-,-
지방공공기관,거창문화재단,거창문화재단,본점,경상남도 거창군,출연기관(문화),경남 거창군 거창읍 수남로 2181 거창문화센터,데이터 없음,-,-,-,gccf.or.kr,-
지방공공기관,거창화강석연구센터,거창화강석연구센터,본점,경상남도 거창군,출연기관(연구원),경남 거창군 위천면 화리골길 15,055-943-3924,-,-,-,http://www.granite.re.kr/,최태환
지방공공기관,거창군장학회,거창군장학회,본점,경상남도 거창군,출연기관(장학),경상남도 거창군 거창읍 중앙로 103,055-940-8812,-,-,-,http://www.gcdream.kr,구인모
지방공공기관,농업회사법인합천유통(주),농업회사법인합천유통(주),본점,경상남도 합천군,출자기관(제조·유통),경남 합천군 합천읍 대야로 1184,055-930-3972,-,-,-,-,장문철
지방공공기관,(주)제주국제컨벤션센터,(주)제주국제컨벤션센터,본점,제주특별자치도 제주특별자치도,출자기관(관광),제주특별자치도 서귀포시 중문관광로 224,064-735-1000,-,-,-,www.iccjeju.co.kr,이선화
지방공공기관,제주문화예술재단,제주문화예술재단,본점,제주특별자치도 제주특별자치도,출연기관(문화),제주특별자치도 제주시 동광로 51,064-800-9191,-,-,-,http://www.jfac.kr/,김수열
지방공공기관,제주영상·문화산업진흥원,제주영상·문화산업진흥원,본점,제주특별자치도 제주특별자치도,출연기관(문화),-,-,-,-,-,https://ofjeju.kr/open/disclosure.htm,강민부
지방공공기관,재단법인 제주특별자치도 사회서비스원,재단법인 제주특별자치도 사회서비스원,본점,제주특별자치도 제주특별자치도,출연기관(복지자원봉사),제주특별자치도 제주시 애조로 1254(오라이동),064-742-3500,-,-,-,https://jeju.pass.or.kr,양시연
지방공공기관,제주신용보증재단,제주신용보증재단,본점,제주특별자치도 제주특별자치도,출연기관(신용보증),"제주특별자치도 제주시 연북로 33, 4층",064-750-4800,-,-,-,www.jcgf.or.kr,김광서
지방공공기관,제주여성가족연구원,제주여성가족연구원,본점,제주특별자치도 제주특별자치도,출연기관(연구원),제주특별자치도 제주시 산지로 27(일도일동),064-710-3482,-,-,-,www.jewfri.kr,문순덕
지방공공기관,제주연구원,제주연구원,본점,제주특별자치도 제주특별자치도,출연기관(연구원),제주특별자치도 제주시 아연로 253,064-726-0500,-,-,-,http://www.jri.re.kr,양덕순
지방공공기관,제주한의약연구원,제주한의약연구원,본점,제주특별자치도 제주특별자치도,출연기관(연구원),제주시 첨단로 213-3 (영평동) 스마트빌딩 220호,064-702-1224,-,-,-,www.jikom.or.kr,송민호
지방공공기관,서귀포의료원,서귀포의료원,본점,제주특별자치도 제주특별자치도,출연기관(의료원),제주특별자치도 서귀포시 장수로 47(동홍동),064-730-3000,-,-,-,http://jjsmc.or.kr,박현수
지방공공기관,제주의료원,제주의료원,본점,제주특별자치도 제주특별자치도,출연기관(의료원),제주특별자치도 제주시 산천단남길 10(아라일동),064-720-2105,-,-,-,www.jejumed.com,오경생
지방공공기관,제주평생교육장학진흥원,제주평생교육장학진흥원,본점,제주특별자치도 제주특별자치도,출연기관(장학),제주특별자치도 제주시 서사로 43,데이터 없음,-,-,-,http://jiles.or.kr/,고승한
지방공공기관,제주특별자치도경제통상진흥원,제주특별자치도경제통상진흥원,본점,제주특별자치도 제주특별자치도,출연기관(중소기업진흥),제주특별자치도 제주시 연삼로 473,064-751-3337,-,-,-,https://jba.or.kr/,오재윤
지방공공기관,제주테크노파크,제주테크노파크,본점,제주특별자치도 제주특별자치도,출연기관(테크노파크),제주특별자치도 제주시 중앙로217 제주벤처마루 9층,064-720-2300,-,-,-,www.jejutp.or.kr,문용석
지방공공기관,제주4·3평화재단,제주4·3평화재단,본점,제주특별자치도 제주특별자치도,출연기관(기타),제주특별자치도 제주시 명림로 430,064-723-4308,-,-,-,https://jeju43peace.or.kr,김종민
중앙/지방(기관리스트),(사)남북교류협력지원협회,(사)남북교류협력지원협회,본점,통일부,기타공공기관,서울특별시 중구 퇴계로 97(충무로1가) 601호,02-564-6572,-,02-564-6551,-,-,-
중앙/지방(기관리스트),(재)예술경영지원센터,(재)예술경영지원센터,본점,문화체육관광부,기타공공기관,"서울특별시 종로구 대학로 57 (연건동) 홍익대학교대학로캠퍼스 교육동 12층, 3층",02-708-2244,-,-,webmaster@gokams.or.kr,-,-
중앙/지방(기관리스트),(재)우체국금융개발원,(재)우체국금융개발원,본점,과학기술정보통신부,준정부기관(위탁집행형),서울특별시 영등포구 선유동2로 6(당산동4가) 우체국금융개발원,02-2610-6000,-,02-2610-6029,-,-,-
중앙/지방(기관리스트),(재)우체국금융개발원,(재)우체국금융개발원 광주지사,지점,과학기술정보통신부,준정부기관(위탁집행형),광주광역시 서구 상무중앙로 110(치평동) 우체국금융개발원 광주지사,062-375-2610,-,062-382-0025,-,-,-
중앙/지방(기관리스트),(재)우체국금융개발원,(재)우체국금융개발원 대구지사,지점,과학기술정보통신부,준정부기관(위탁집행형),대구광역시 남구 중앙대로 200(대명동) 우체국금융개발원 대구지사,053-474-3451,-,053-472-1260,-,-,-
중앙/지방(기관리스트),(재)우체국금융개발원,(재)우체국금융개발원 부산지사,지점,과학기술정보통신부,준정부기관(위탁집행형),부산광역시 중구 중앙대로 63(중앙동3가) 우체국금융개발원 부산지사,051-484-7800,-,051-465-1240,-,-,-
중앙/지방(기관리스트),(재)우체국금융개발원,(재)우체국금융개발원 서울지사,지점,과학기술정보통신부,준정부기관(위탁집행형),서울특별시 영등포구 경인로 841(영등포동4가) 우체국금융개발원 서울지사,02-2639-0500,-,-,-,-,-
중앙/지방(기관리스트),(재)우체국물류지원단,(재)우체국물류지원단,본점,과학기술정보통신부,준정부기관(위탁집행형),"서울특별시 광진구 자양로 76 (자양동) 1,4층",02-6473-8001,-,02-458-2747,webmaster@pola.or.kr,-,-
중앙/지방(기관리스트),(재)우체국물류지원단,(재)우체국물류지원단 강릉사업소,지점,과학기술정보통신부,준정부기관(위탁집행형),강원특별자치도 강릉시 하슬라로 114 (교동) 우체국물류지원단 강릉사업소,033-921-2233,-,033-643-8864,-,-,-
중앙/지방(기관리스트),(재)우체국물류지원단,(재)우체국물류지원단 경인지사,지점,과학기술정보통신부,준정부기관(위탁집행형),경기도 안양시 동안구 시민대로 121 (호계동) 우체국물류지원단 경인지사,031-342-9407,-,031-427-4712,-,-,-
중앙/지방(기관리스트),(재)우체국물류지원단,(재)우체국물류지원단 고양사업소,지점,과학기술정보통신부,준정부기관(위탁집행형),경기도 고양시 일산동구 호수로 366 (백석동) 우체국물류지원단 고양사업소,031-812-1267,-,031-902-4052,-,-,-
중앙/지방(기관리스트),(재)우체국물류지원단,(재)우체국물류지원단 광주사업소,지점,과학기술정보통신부,준정부기관(위탁집행형),광주광역시 광산구 앰코로 11 (쌍암동) 우체국물류지원단 광주사업소,062-457-1890,-,062-973-7401,-,-,-
중앙/지방(기관리스트),(재)우체국물류지원단,(재)우체국물류지원단 광주지사,지점,과학기술정보통신부,준정부기관(위탁집행형),광주광역시 광산구 앰코로 11 (쌍암동) 우체국물류지원단 광주지사,062-457-1883,-,062-973-7402,-,-,-
중앙/지방(기관리스트),(재)우체국물류지원단,(재)우체국물류지원단 대구사업소,지점,과학기술정보통신부,준정부기관(위탁집행형),대구광역시 북구 유통단지로 115 (산격동) 우체국물류지원단 대구사업소,053-267-1450,-,053-383-0363,-,-,-
중앙/지방(기관리스트),(재)우체국물류지원단,(재)우체국물류지원단 대구지사,지점,과학기술정보통신부,준정부기관(위탁집행형),대구광역시 북구 유통단지로 115 (산격동) 우체국물류지원단 대구지사,053-267-1435,-,053-383-0360,-,-,-
중앙/지방(기관리스트),(재)우체국물류지원단,(재)우체국물류지원단 대전사업소,지점,과학기술정보통신부,준정부기관(위탁집행형),충청남도 계룡시 두마면 사계로 184 우체국물류지원단 대전사업소,042-320-9487,-,042-320-9488,-,-,-
중앙/지방(기관리스트),(재)우체국물류지원단,(재)우체국물류지원단 대전지사,지점,과학기술정보통신부,준정부기관(위탁집행형),충청남도 계룡시 두마면 사계로 184 우체국물류지원단 대전지사,042-320-9483,-,042-545-6249,-,-,-
중앙/지방(기관리스트),(재)우체국물류지원단,(재)우체국물류지원단 동서울물류사업소,지점,과학기술정보통신부,준정부기관(위탁집행형),서울특별시 광진구 강변역로 2 (구의동) 우체국물류지원단 동서울물류사업소,02-6473-8238,-,02-6473-8238,-,-,-
중앙/지방(기관리스트),(재)우체국물류지원단,(재)우체국물류지원단 동서울사업소,지점,과학기술정보통신부,준정부기관(위탁집행형),서울특별시 광진구 자양로 76 (자양동) 우체국물류지원단 동서울사업소,02-6473-8226,-,02-446-8256,-,-,-
중앙/지방(기관리스트),(재)우체국물류지원단,(재)우체국물류지원단 부산사업소,지점,과학기술정보통신부,준정부기관(위탁집행형),부산광역시 강서구 대저로49번길 22 (대저1동) 우체국물류지원단 부산사업소,051-989-1366,-,051-941-9305,-,-,-
중앙/지방(기관리스트),(재)우체국물류지원단,(재)우체국물류지원단 부산지사,지점,과학기술정보통신부,준정부기관(위탁집행형),부산광역시 강서구 대저로49번길 22 (대저1동) 우체국물류지원단 부산지사,051-989-1361,-,051-941-9304,-,-,-
중앙/지방(기관리스트),(재)우체국물류지원단,(재)우체국물류지원단 부천사업소,지점,과학기술정보통신부,준정부기관(위탁집행형),경기도 부천시 오정로211번길 40 (오정동) 우체국물류지원단 부천사업소,032-216-1218,-,032-673-5994,-,-,-
중앙/지방(기관리스트),(재)우체국물류지원단,(재)우체국물류지원단 부평물류사업소,지점,과학기술정보통신부,준정부기관(위탁집행형),인천광역시 부평구 길주로 415 (청천동) 우체국물류지원단 부평물류사업소,032-263-1253,-,032-502-4355,-,-,-
중앙/지방(기관리스트),(재)우체국물류지원단,(재)우체국물류지원단 서서울물류사업소,지점,과학기술정보통신부,준정부기관(위탁집행형),서울특별시 양천구 목동서로 117 (목동) 우체국물류지원단 서서울물류사업소,02-6473-8232,-,02-456-8708,-,-,-
중앙/지방(기관리스트),(재)우체국물류지원단,(재)우체국물류지원단 서울지사,지점,과학기술정보통신부,준정부기관(위탁집행형),서울특별시 광진구 강변역로 2 (구의동) A동 6층 우체국물류지원단 서울지사,02-6473-8203,-,02-458-2748,-,-,-
중앙/지방(기관리스트),(재)우체국물류지원단,(재)우체국물류지원단 성남사업소,지점,과학기술정보통신부,준정부기관(위탁집행형),경기도 성남시 분당구 성남대로 57 (구미동) 우체국물류지원단 성남사업소,031-625-1280,-,031-719-5884,-,-,-
중앙/지방(기관리스트),(재)우체국물류지원단,(재)우체국물류지원단 수원사업소,지점,과학기술정보통신부,준정부기관(위탁집행형),경기도 수원시 영통구 청명남로 57 (영통동) 우체국물류지원단 수원사업소,031-304-1286,-,031-202-6930,-,-,-
중앙/지방(기관리스트),(재)우체국물류지원단,(재)우체국물류지원단 순천사업소,지점,과학기술정보통신부,준정부기관(위탁집행형),전라남도 순천시 하대석길 9 (연향동) 우체국물류지원단 순천사업소,061-902-1492,-,061-724-7674,-,-,-
중앙/지방(기관리스트),(재)우체국물류지원단,(재)우체국물류지원단 안동사업소,지점,과학기술정보통신부,준정부기관(위탁집행형),경상북도 안동시 축제장길 262 (운흥동) 우체국물류지원단 안동사업소,054-900-1460,-,054-857-6142,-,-,-
중앙/지방(기관리스트),(재)우체국물류지원단,(재)우체국물류지원단 안양물류사업소,지점,과학기술정보통신부,준정부기관(위탁집행형),경기도 안양시 동안구 시민대로 121 (호계동) 우체국물류지원단 안양물류사업소,031-342-9408,-,031-452-8863,-,-,-
중앙/지방(기관리스트),(재)우체국물류지원단,(재)우체국물류지원단 안양사업소,지점,과학기술정보통신부,준정부기관(위탁집행형),경기도 안양시 동안구 평촌대로 212 (관양동) 우체국물류지원단 안양사업소,031-342-9429,-,031-381-3137,-,-,-
중앙/지방(기관리스트),(재)우체국물류지원단,(재)우체국물류지원단 영암사업소,지점,과학기술정보통신부,준정부기관(위탁집행형),전라남도 영암군 삼호읍 대불주거1로 124 우체국물류지원단 영암사업소,061-947-9912,-,061-947-9913,-,-,-
중앙/지방(기관리스트),(재)우체국물류지원단,(재)우체국물류지원단 울산사업소,지점,과학기술정보통신부,준정부기관(위탁집행형),울산광역시 북구 진장유통로 34 (진장동) 우체국물류지원단 울산사업소,052-933-1320,-,052-271-6887,-,-,-
중앙/지방(기관리스트),(재)우체국물류지원단,(재)우체국물류지원단 원주사업소,지점,과학기술정보통신부,준정부기관(위탁집행형),강원특별자치도 원주시 이화1길 27 (단계동) 우체국물류지원단 원주사업소,033-901-2261,-,033-732-7273,-,-,-
중앙/지방(기관리스트),(재)우체국물류지원단,(재)우체국물류지원단 의정부사업소,지점,과학기술정보통신부,준정부기관(위탁집행형),경기도 의정부시 산단로98번길 65 (용현동) 우체국물류지원단 의정부사업소,031-823-1272,-,031-852-5994,-,-,-
중앙/지방(기관리스트),(재)우체국물류지원단,(재)우체국물류지원단 인천국제물류사업소,지점,과학기술정보통신부,준정부기관(위탁집행형),인천광역시 중구 공항동로193번길 40-32 (운서동) 우체국물류지원단 인천국제물류사업소,032-229-1240,-,-,-,-,-
중앙/지방(기관리스트),(재)우체국물류지원단,(재)우체국물류지원단 전주사업소,지점,과학기술정보통신부,준정부기관(위탁집행형),전라북도 완주군 봉동읍 둔산3로 102 우체국물류지원단 전주사업소,063-905-1416,-,063-261-7007,-,-,-
중앙/지방(기관리스트),(재)우체국물류지원단,(재)우체국물류지원단 진주사업소,지점,과학기술정보통신부,준정부기관(위탁집행형),경상남도 진주시 금산면 중천로 25 우체국물류지원단 진주사업소,055-921-0977,-,055-763-3139,-,-,-
중앙/지방(기관리스트),(재)우체국물류지원단,(재)우체국물류지원단 창원사업소,지점,과학기술정보통신부,준정부기관(위탁집행형),경상남도 창원시 성산구 적현로 311 (신촌동) 우체국물류지원단 창원사업소,055-603-1333,-,055-264-1336,-,-,-
중앙/지방(기관리스트),(재)우체국물류지원단,(재)우체국물류지원단 천안사업소,지점,과학기술정보통신부,준정부기관(위탁집행형),충청남도 천안시 동남구 신방남부길 87 (신방동) 우체국물류지원단 천안사업소,041-903-1504,-,041-552-1916,-,-,-
중앙/지방(기관리스트),(재)우체국물류지원단,(재)우체국물류지원단 청주사업소,지점,과학기술정보통신부,준정부기관(위탁집행형),충청북도 청주시 서원구 수곡로 106 (수곡동) 우체국물류지원단 청주사업소,043-904-1391,-,043-285-5360,-,-,-
중앙/지방(기관리스트),(재)우체국물류지원단,(재)우체국물류지원단 포항사업소,지점,과학기술정보통신부,준정부기관(위탁집행형),경상북도 포항시 북구 흥해읍 새마을로 379 우체국물류지원단 포항사업소,054-614-1480,-,054-261-6142,-,-,-
중앙/지방(기관리스트),(재)우체국시설관리단,(재)우체국시설관리단,본점,과학기술정보통신부,기타공공기관,서울특별시 광진구 강변역로 2(구의동) 서울광진우체국 C동 동서울우편물류센터 4층,02-3706-1112,-,02-3706-1104,-,-,-
중앙/지방(기관리스트),(재)일제강제동원피해자지원재단,(재)일제강제동원피해자지원재단,본점,행정안전부,기타공공기관,서울특별시 종로구 종로1길 42(수송동) 603호 일제강제동원피해자지원재단,02-721-1800,-,02-721-1882,webmaster@ilje.or.kr,-,-
중앙/지방(기관리스트),(재)축산환경관리원,(재)축산환경관리원,본점,농림축산식품부,기타공공기관,세종특별자치시 한누리대로 219 (나성동) 7층 축산환경관리원,044-550-5000,-,044-865-9871,-,-,-
중앙/지방(기관리스트),(재)한국보건의료정보원,(재)한국보건의료정보원,본점,보건복지부,기타공공기관,서울특별시 중구 세종대로 39(남대문로4가) 11층 한국보건의료정보원,02-6263-8300,-,-,-,-,-
중앙/지방(기관리스트),(재)한국우편사업진흥원,(재)한국우편사업진흥원,본점,과학기술정보통신부,기타공공기관,서울특별시 영등포구 영중로 83(영등포동7가) 한국우편사업진흥원,02-3443-1351,-,02-3443-1354,ks1209@posa.or.kr,-,-
중앙/지방(기관리스트),(재)한국우편사업진흥원,(재)한국우편사업진흥원 고양제작센터,지점,과학기술정보통신부,기타공공기관,경기도 고양시 덕양구 대터2로 16(덕은동) 고양제작센터,02-2036-0562,-,02-838-0698,-,-,-
중앙/지방(기관리스트),(재)한국우편사업진흥원,(재)한국우편사업진흥원 동서울제작센터,지점,과학기술정보통신부,기타공공기관,서울특별시 광진구 자양로 76(자양동) 동서울우편집중국 4층,02-2036-0554,-,02-2201-8172,-,-,-
중앙/지방(기관리스트),(재)한국우편사업진흥원,(재)한국우편사업진흥원 우표박물관,지점,과학기술정보통신부,기타공공기관,서울특별시 중구 소공로 70(충무로1가) 서울중앙우체국 지하2층 우표박물관,02-6450-5600,-,02-6450-5604,-,-,-
중앙/지방(기관리스트),(재)한국우편사업진흥원,(재)한국우편사업진흥원 전자상거래지원센터,지점,과학기술정보통신부,기타공공기관,대전광역시 서구 문정로 28(탄방동) 청솔빌딩 6층 우체국전자상거래지원센터,042-538-8901,-,042-522-0142,-,-,-
중앙/지방(기관리스트),(재)한국통계정보원,(재)한국통계정보원,본점,국가데이터처,기타공공기관,"대전광역시 서구 둔산대로117번길 95 (만년동) 제E동-601호(만년동, 리더스타운)",042-604-5802,-,042-472-5922,-,-,-
중앙/지방(기관리스트),(재)한국통계진흥원,(재)한국통계진흥원,본점,국가데이터처,기타공공기관,nan,nan,-,-,-,-,-
중앙/지방(기관리스트),(주)강원랜드,(주)강원랜드,본점,산업통상부,공기업(시장형),강원도 정선군 고한읍 고한로 55 강원랜드 본사,1588-7789,1588-7789,-,webmaster@high1.com,-,-
중앙/지방(기관리스트),(주)강원랜드,(주)강원랜드 대구사무소,지점,산업통상부,공기업(시장형),대구광역시 중구 달구벌대로 2156 (봉산동) 2층 강원랜드 사무소,053-653-9904,-,-,-,-,-
중앙/지방(기관리스트),(주)강원랜드,(주)강원랜드 대전사무소,지점,산업통상부,공기업(시장형),대전광역시 서구 둔산중로 66 (둔산동) 209호 강원랜드 사무소,042-471-6316,-,-,-,-,-
중앙/지방(기관리스트),(주)강원랜드,(주)강원랜드 부산사무소,지점,산업통상부,공기업(시장형),"부산광역시 해운대구 센텀동로 9 (우동, 트럼프월드센텀아파트) 2304호 강원랜드 사무소",051-868-7302,-,-,-,-,-
중앙/지방(기관리스트),(주)강원랜드,(주)강원랜드 서울사무소,지점,산업통상부,공기업(시장형),서울특별시 서초구 서초대로 411 (서초동) 13층 강원랜드 사무소,02-6196-4232,-,-,-,-,-
중앙/지방(기관리스트),(주)공영홈쇼핑,(주)공영홈쇼핑,본점,중소벤처기업부,기타공공기관,서울특별시 마포구 상암산로 34(상암동) 디지털큐브 17층,02-6350-8000,6350-8000,02-6350-8095,onlinebiz@gongyoung.kr,-,-
중앙/지방(기관리스트),(주)한국가스기술공사,(주)한국가스기술공사,본점,산업통상부,공기업(준시장형),대전광역시 유성구 대덕대로 1227 (봉산동) 한국가스기술공사,042-600-8000,-,-,webmaster@kogas-tech.co.kr,-,-
중앙/지방(기관리스트),(주)한국가스기술공사,(주)한국가스기술공사 강원지사,지점,산업통상부,공기업(준시장형),강원도 원주시 단구로 423 (단구동) 한국가스기술공사 강원지사,033-760-6800,-,033-760-6819,-,-,-
중앙/지방(기관리스트),(주)한국가스기술공사,(주)한국가스기술공사 경기지사,지점,산업통상부,공기업(준시장형),경기도 안산시 상록구 수인로 1248 (일동) 한국가스기술공사 경기지사,031-400-7360,-,031-406-0295,-,-,-
중앙/지방(기관리스트),(주)한국가스기술공사,(주)한국가스기술공사 광주전남지사,지점,산업통상부,공기업(준시장형),광주광역시 광산구 손재로 368-21 (오선동) 한국가스기술공사 광주전남지사,062-950-1410,-,062-955-9278,-,-,-
중앙/지방(기관리스트),(주)한국가스기술공사,(주)한국가스기술공사 대구경북지사,지점,산업통상부,공기업(준시장형),경상북도 경산시 진량읍 공단6로 122 한국가스기술공사 대구경북지사,053-850-1960,-,053-856-2556,-,-,-
중앙/지방(기관리스트),(주)한국가스기술공사,(주)한국가스기술공사 대전충청지사,지점,산업통상부,공기업(준시장형),대전광역시 중구 유등천동로 788 (중촌동) 한국가스기술공사 대전충청지사,042-229-3601,-,042-229-3666,-,-,-
중앙/지방(기관리스트),(주)한국가스기술공사,(주)한국가스기술공사 부산경남지사,지점,산업통상부,공기업(준시장형),경상남도 김해시 김해대로2596번길 53 (안동) 한국가스기술공사 부산경남지사,055-330-7850,-,055-330-7878,-,-,-
중앙/지방(기관리스트),(주)한국가스기술공사,(주)한국가스기술공사 삼척기지지사,지점,산업통상부,공기업(준시장형),강원도 삼척시 원덕읍 호산해변길 18 한국가스기술공사 삼척기지지사,033-571-4600,-,033-571-4619,-,-,-
중앙/지방(기관리스트),(주)한국가스기술공사,(주)한국가스기술공사 서울지사,지점,산업통상부,공기업(준시장형),서울특별시 강서구 공항대로 340 (내발산동) 한국가스기술공사 서울지사,02-2657-1700,-,02-2657-1779,-,-,-
중앙/지방(기관리스트),(주)한국가스기술공사,(주)한국가스기술공사 인천기지지사,지점,산업통상부,공기업(준시장형),인천광역시 연수구 인천신항대로 962 (송도동) 한국가스기술공사 인천기지지사,032-810-4600,-,032-817-3709,-,-,-
중앙/지방(기관리스트),(주)한국가스기술공사,(주)한국가스기술공사 인천지사,지점,산업통상부,공기업(준시장형),인천광역시 서구 중봉대로 745 (경서동) 한국가스기술공사 인천지사,032-560-3900,-,032-566-6051,-,-,-
중앙/지방(기관리스트),(주)한국가스기술공사,(주)한국가스기술공사 전북지사,지점,산업통상부,공기업(준시장형),전라북도 군산시 대야면 만자로 12 한국가스기술공사 전북지사,063-850-3910,-,063-850-3920,-,-,-
중앙/지방(기관리스트),(주)한국가스기술공사,(주)한국가스기술공사 통영기지지사,지점,산업통상부,공기업(준시장형),경상남도 통영시 광도면 안정로 770 한국가스기술공사 통영기지지사,055-640-6450,-,055-640-6483,-,-,-
중앙/지방(기관리스트),(주)한국가스기술공사,(주)한국가스기술공사 평택기지지사,지점,산업통상부,공기업(준시장형),경기도 평택시 포승읍 남양만로 175-88 한국가스기술공사 평택기지지사,031-680-3450,-,031-683-0421,-,-,-
중앙/지방(기관리스트),88관광개발(주),88관광개발(주),본점,국가보훈부,기타공공기관,경기도 용인시 기흥구 석성로521번길 169 (청덕동) 88컨트리클럽,031-287-8811,1577-8811,031-287-8833,-,-,-
중앙/지방(기관리스트),KDI국제정책대학원,KDI국제정책대학원,본점,국무조정실,기타공공기관,세종특별자치시 남세종로 263(반곡동) 한국개발연구원,044-550-1114,-,-,-,-,-
중앙/지방(기관리스트),가덕도신공항건설공단,가덕도신공항건설공단,본점,국토교통부,기타공공기관,nan,nan,-,-,-,-,-
중앙/지방(기관리스트),가축위생방역지원본부,가축위생방역지원본부,본점,농림축산식품부,기타공공기관,세종특별자치시 아름서길 21(아름동) 가축위생방역지원본부,044-550-5500,-,-,-,-,-
중앙/지방(기관리스트),가축위생방역지원본부,가축위생방역지원본부 강원도본부,지점,농림축산식품부,기타공공기관,강원특별자치도 춘천시 금강로 11 (소양로3가) KT 춘천지사 4층,033-259-3700,-,033-244-3305,-,-,-
중앙/지방(기관리스트),가축위생방역지원본부,가축위생방역지원본부 강원도본부 남부사무소,지점,농림축산식품부,기타공공기관,강원특별자치도 원주시 강변로 93-5 (단구동) 1층,033-259-3740,-,-,-,-,-
중앙/지방(기관리스트),가축위생방역지원본부,가축위생방역지원본부 강원도본부 동부사무소,지점,농림축산식품부,기타공공기관,강원특별자치도 강릉시 사천면 덕실길 5 1층,033-259-3720,-,-,-,-,-
중앙/지방(기관리스트),가축위생방역지원본부,가축위생방역지원본부 강원도본부 북부사무소,지점,농림축산식품부,기타공공기관,강원특별자치도 속초시 청대로232번길 23-1 (조양동) 2층,033-259-3750,-,-,-,-,-
중앙/지방(기관리스트),가축위생방역지원본부,가축위생방역지원본부 강원도본부 중부사무소,지점,농림축산식품부,기타공공기관,강원특별자치도 평창군 평창읍 평창새싹길 35 1층,031-259-3710,-,-,-,-,-
중앙/지방(기관리스트),가축위생방역지원본부,가축위생방역지원본부 경기도본부,지점,농림축산식품부,기타공공기관,경기도 수원시 장안구 수성로350번길 30 (영화동) KT 수원지사 별관(3층),031-230-2600,-,031-269-4060,-,-,-
중앙/지방(기관리스트),가축위생방역지원본부,가축위생방역지원본부 경기도본부 남부사무소,지점,농림축산식품부,기타공공기관,경기도 안성시 대덕면 대학11길 19 1층,031-230-2640,-,-,-,-,-
중앙/지방(기관리스트),가축위생방역지원본부,가축위생방역지원본부 경기도본부 동부사무소,지점,농림축산식품부,기타공공기관,경기도 이천시 황무로 698 (사음동) 2층,031-230-2620,-,-,-,-,-
중앙/지방(기관리스트),가축위생방역지원본부,가축위생방역지원본부 경기도본부 동북부사무소,지점,농림축산식품부,기타공공기관,경기도 가평군 상면 조종로 1810 1층,031-230-2660,-,-,-,-,-
중앙/지방(기관리스트),가축위생방역지원본부,가축위생방역지원본부 경기도본부 북부사무소,지점,농림축산식품부,기타공공기관,경기도 파주시 월롱면 휴암로381번길 64 2층,031-230-2650,-,-,-,-,-
중앙/지방(기관리스트),가축위생방역지원본부,가축위생방역지원본부 경기도본부 서부사무소,지점,농림축산식품부,기타공공기관,경기도 김포시 고촌읍 인향로210번길 34-8 (대준마을회관) 2층,031-230-2630,-,-,-,-,-
중앙/지방(기관리스트),가축위생방역지원본부,가축위생방역지원본부 경기도본부 서북부사무소,지점,농림축산식품부,기타공공기관,인천광역시 서구 원당대로 669 (마전동) 흥겨운한마당 2층 202호,031-230-2670,-,-,-,-,-
중앙/지방(기관리스트),가축위생방역지원본부,가축위생방역지원본부 경남도본부,지점,농림축산식품부,기타공공기관,경상남도 창원시 마산회원구 3·15대로 940 (구암동) 2층,055-233-7600,-,055-253-3918,-,-,-
중앙/지방(기관리스트),가축위생방역지원본부,가축위생방역지원본부 경남도본부 남부사무소,지점,농림축산식품부,기타공공기관,경상남도 고성군 고성읍 남해안대로 2334 2334,055-233-7640,-,-,-,-,-
중앙/지방(기관리스트),가축위생방역지원본부,가축위생방역지원본부 경남도본부 동부사무소,지점,농림축산식품부,기타공공기관,경상남도 양산시 하북면 신평로 54 2층,055-233-7620,-,-,-,-,-
중앙/지방(기관리스트),가축위생방역지원본부,가축위생방역지원본부 경남도본부 동북부사무소,지점,농림축산식품부,기타공공기관,경상남도 밀양시 초동면 초동로 500 가축위생방역지원본부,055-233-7660,-,-,-,-,-
중앙/지방(기관리스트),가축위생방역지원본부,가축위생방역지원본부 경남도본부 북부사무소,지점,농림축산식품부,기타공공기관,경상남도 합천군 합천읍 합천대로 2971 2971,055-233-7650,-,-,-,-,-
중앙/지방(기관리스트),가축위생방역지원본부,가축위생방역지원본부 경남도본부 서부사무소,지점,농림축산식품부,기타공공기관,경상남도 진주시 진양호로 17 (판문동) 2층,055-233-7630,-,-,-,-,-
중앙/지방(기관리스트),가축위생방역지원본부,가축위생방역지원본부 경북도본부,지점,농림축산식품부,기타공공기관,대구광역시 남구 봉덕로 61 (봉덕동) KT 봉덕사옥 8층,053-605-7100,-,053-745-3231,-,-,-
중앙/지방(기관리스트),가축위생방역지원본부,가축위생방역지원본부 경북도본부 남부사무소,지점,농림축산식품부,기타공공기관,경상북도 칠곡군 석적읍 서중리4길 30 1층,053-605-7140,-,-,-,-,-
중앙/지방(기관리스트),가축위생방역지원본부,가축위생방역지원본부 경북도본부 동부사무소,지점,농림축산식품부,기타공공기관,경상북도 포항시 남구 동해안로 6045 (청림동) 4층,053-605-7120,-,-,-,-,-
중앙/지방(기관리스트),가축위생방역지원본부,가축위생방역지원본부 경북도본부 북부사무소,지점,농림축산식품부,기타공공기관,경상북도 안동시 제봉길 54-5 (노하동) 2층,053-605-7150,-,-,-,-,-
중앙/지방(기관리스트),가축위생방역지원본부,가축위생방역지원본부 경북도본부 서부사무소,지점,농림축산식품부,기타공공기관,경상북도 상주시 북상주로 10 (계산동) 가축위생방역본부,053-605-7130,-,-,-,-,-
중앙/지방(기관리스트),가축위생방역지원본부,가축위생방역지원본부 광주검역사무소,지점,농림축산식품부,기타공공기관,경기도 광주시 청석로 234 (쌍령동) 3층,031-798-8571,-,031-763-8774,-,-,-
중앙/지방(기관리스트),가축위생방역지원본부,가축위생방역지원본부 용인검역사무소,지점,농림축산식품부,기타공공기관,경기도 용인시 기흥구 한보라2로 5-9 (보라동) 503호,031-281-8071,-,031-889-9206,-,-,-
중앙/지방(기관리스트),가축위생방역지원본부,가축위생방역지원본부 전남도본부,지점,농림축산식품부,기타공공기관,광주광역시 북구 무등로202번길 15 (신안동) 6층,062-604-6600,-,062-351-5473,-,-,-
중앙/지방(기관리스트),가축위생방역지원본부,가축위생방역지원본부 전남도본부 남부사무소,지점,농림축산식품부,기타공공기관,광주광역시 북구 무등로202번길 15 (신안동) 6층,062-604-6640,-,-,-,-,-
중앙/지방(기관리스트),가축위생방역지원본부,가축위생방역지원본부 전남도본부 동부사무소,지점,농림축산식품부,기타공공기관,전라남도 순천시 원가곡3길 12 (가곡동) 가축위생방역지원본부,062-604-6620,-,-,-,-,-
중앙/지방(기관리스트),가축위생방역지원본부,가축위생방역지원본부 전남도본부 서부사무소,지점,농림축산식품부,기타공공기관,전라남도 함평군 월야면 문화로 581 서부사무소,062-604-6630,-,-,-,-,-
중앙/지방(기관리스트),가축위생방역지원본부,가축위생방역지원본부 전남도본부 중부사무소,지점,농림축산식품부,기타공공기관,전라남도 나주시 남평읍 남평1로 12 2층 202,062-604-6610,-,-,-,-,-
중앙/지방(기관리스트),가축위생방역지원본부,가축위생방역지원본부 전북도본부,지점,농림축산식품부,기타공공기관,전라북도 전주시 완산구 온고을로 29 (서신동) 13층,063-240-6800,-,063-254-4113,-,-,-
중앙/지방(기관리스트),가축위생방역지원본부,가축위생방역지원본부 전북도본부 남부사무소,지점,농림축산식품부,기타공공기관,전라북도 남원시 용성로 348 (월락동) 2층,063-240-6840,-,-,-,-,-
중앙/지방(기관리스트),가축위생방역지원본부,가축위생방역지원본부 전북도본부 동부사무소,지점,농림축산식품부,기타공공기관,전라북도 진안군 진안읍 단양길 142 가축위생방역지원본부,063-240-6820,-,-,-,-,-
중앙/지방(기관리스트),가축위생방역지원본부,가축위생방역지원본부 전북도본부 북부사무소,지점,농림축산식품부,기타공공기관,전라북도 익산시 배산로4길 9-23 (송학동) 익산서부새마을금고 3층,063-240-6850,-,-,-,-,-
중앙/지방(기관리스트),가축위생방역지원본부,가축위생방역지원본부 전북도본부 서부사무소,지점,농림축산식품부,기타공공기관,전라북도 정읍시 신태인읍 호남철로 24 1층,063-240-6830,-,-,-,-,-
중앙/지방(기관리스트),가축위생방역지원본부,가축위생방역지원본부 제주사무소,지점,농림축산식품부,기타공공기관,제주특별자치도 제주시 애월읍 고성1길 21-20 21-20,064-745-8480,-,064-745-4061,-,-,-
중앙/지방(기관리스트),가축위생방역지원본부,가축위생방역지원본부 충남도본부,지점,농림축산식품부,기타공공기관,대전광역시 중구 충무로 93 (대사동) KT아산사옥 3층,041-339-5600,-,041-546-9170,-,-,-
중앙/지방(기관리스트),가축위생방역지원본부,가축위생방역지원본부 충남도본부 남부사무소,지점,농림축산식품부,기타공공기관,충청남도 부여군 부여읍 왕중로70번길 11 복지회관 2층,041-339-5640,-,-,-,-,-
중앙/지방(기관리스트),가축위생방역지원본부,가축위생방역지원본부 충남도본부 동부사무소,지점,농림축산식품부,기타공공기관,충청남도 공주시 의당면 모란길 98-7 가축위생방역지원본부,041-339-5620,-,-,-,-,-
중앙/지방(기관리스트),가축위생방역지원본부,가축위생방역지원본부 충남도본부 동북부사무소,지점,농림축산식품부,기타공공기관,세종특별자치시 조치원읍 세종로 2233 가축위생방역지원본부,041-339-5660,-,-,-,-,-
중앙/지방(기관리스트),가축위생방역지원본부,가축위생방역지원본부 충남도본부 북부사무소,지점,농림축산식품부,기타공공기관,충청남도 서산시 운산면 해운로 1200 가축위생방역지원본부,041-339-5650,-,-,-,-,-
중앙/지방(기관리스트),가축위생방역지원본부,가축위생방역지원본부 충남도본부 서부사무소,지점,농림축산식품부,기타공공기관,충청남도 홍성군 홍성읍 구항길 380 가축위생방역지원본부,041-339-5630,-,-,-,-,-
중앙/지방(기관리스트),가축위생방역지원본부,가축위생방역지원본부 충북도본부,지점,농림축산식품부,기타공공기관,충청북도 청주시 청원구 공항로150번길 73 (율량동) KT상당사옥 8층,043-229-5200,-,043-215-4060,-,-,-
중앙/지방(기관리스트),가축위생방역지원본부,가축위생방역지원본부 충북도본부 남부사무소,지점,농림축산식품부,기타공공기관,충청북도 옥천군 옥천읍 신기2길 21 1층,043-229-5240,-,-,-,-,-
중앙/지방(기관리스트),가축위생방역지원본부,가축위생방역지원본부 충북도본부 동부사무소,지점,농림축산식품부,기타공공기관,충청북도 제천시 의병대로34길 9 (신백동) 2층,043-229-5220,-,-,-,-,-
중앙/지방(기관리스트),가축위생방역지원본부,가축위생방역지원본부 충북도본부 북부사무소,지점,농림축산식품부,기타공공기관,충청북도 충주시 대림5길 5 (문화동) 2층,043-229-5250,-,-,-,-,-
중앙/지방(기관리스트),가축위생방역지원본부,가축위생방역지원본부부산 검역사무소,지점,농림축산식품부,기타공공기관,부산광역시 사하구 옥천로 12 (감천동) 수협빌딩 2층 202호,051-208-8991,-,051-231-1193,-,-,-
중앙/지방(기관리스트),강원대학교병원,강원대학교병원,본점,교육부,기타공공기관,강원도 춘천시 백령로 156(효자동) 강원대학교병원,033-258-2000,258-2000,-,-,-,-
중앙/지방(기관리스트),강원대학교치과병원,강원대학교치과병원,본점,교육부,기타공공기관,강원특별자치도 강릉시 죽헌길 7 (지변동) 강원대학교치과병원,033-640-3114,-,033-640-3113,plan-gwnudh@naver.com,-,-
중앙/지방(기관리스트),건강보험심사평가원,건강보험심사평가원,본점,보건복지부,준정부기관(위탁집행형),강원도 원주시 혁신로 60(반곡동) 건강보험심사평가원,1644-2000,-,-,-,-,-
중앙/지방(기관리스트),건강보험심사평가원,건강보험심사평가원 강원본부,지점,보건복지부,준정부기관(위탁집행형),"강원특별자치도 강릉시 율곡로 2806 (옥천동) 6,7층",1644-2000,-,-,-,-,-
중앙/지방(기관리스트),건강보험심사평가원,건강보험심사평가원 경기남부본부,지점,보건복지부,준정부기관(위탁집행형),경기도 수원시 팔달구 효원로308번길 46 (인계동) 건강보험심사평가원 경기남부본부,1644-2000,-,-,-,-,-
중앙/지방(기관리스트),건강보험심사평가원,건강보험심사평가원 경기북부본부,지점,보건복지부,준정부기관(위탁집행형),경기도 의정부시 금오로23번길 22-4 (금오동) 건강보험심사평가원 경기북부본부,1644-2000,-,-,-,-,-
중앙/지방(기관리스트),건강보험심사평가원,건강보험심사평가원 광주전남본부,지점,보건복지부,준정부기관(위탁집행형),광주광역시 광산구 무진대로 210 (우산동) 건강보험심사평가원 광주전남본부,1644-2000,-,-,-,-,-
중앙/지방(기관리스트),건강보험심사평가원,건강보험심사평가원 대구경북본부,지점,보건복지부,준정부기관(위탁집행형),"대구광역시 중구 달구벌대로 2051(계산동2가, 신성미소시티아파트) 2층",1644-2000,-,-,-,-,-
중앙/지방(기관리스트),건강보험심사평가원,건강보험심사평가원 대전충청본부,지점,보건복지부,준정부기관(위탁집행형),대전광역시 서구 둔산북로 121(둔산동) 4층,1644-2000,-,-,-,-,-
중앙/지방(기관리스트),건강보험심사평가원,건강보험심사평가원 부산본부,지점,보건복지부,준정부기관(위탁집행형),부산광역시 연제구 월드컵대로 125(연산동) 14~16층,1644-2000,-,-,-,-,-
중앙/지방(기관리스트),건강보험심사평가원,건강보험심사평가원 서울본부,지점,보건복지부,준정부기관(위탁집행형),서울특별시 송파구 중대로 135 (가락동) 동관 2층,1644-2000,-,-,-,-,-
중앙/지방(기관리스트),건강보험심사평가원,건강보험심사평가원 울산경남본부,지점,보건복지부,준정부기관(위탁집행형),경상남도 창원시 의창구 용동로57번길 18 (사림동) 5~7층,1644-2000,-,-,-,-,-
중앙/지방(기관리스트),건강보험심사평가원,건강보험심사평가원 인천본부,지점,보건복지부,준정부기관(위탁집행형),인천광역시 연수구 컨벤시아대로 165(송도동) 28층,1644-2000,-,-,-,-,-
중앙/지방(기관리스트),건강보험심사평가원,건강보험심사평가원 전북본부,지점,보건복지부,준정부기관(위탁집행형),"전북특별자치도 전주시 완산구 온고을로 13 (서신동) 2,3,5층",1644-2000,-,-,-,-,-
중앙/지방(기관리스트),건강보험심사평가원,건강보험심사평가원 제주본부,지점,보건복지부,준정부기관(위탁집행형),제주특별자치도 제주시 도령로 33 (노형동) 11층,1644-2000,-,-,-,-,-
중앙/지방(기관리스트),건설근로자공제회,건설근로자공제회,본점,고용노동부,기타공공기관,서울특별시 중구 남대문로 109 (다동) 10층,02-1666-1122,1666-1122,-,-,-,-
중앙/지방(기관리스트),건설근로자공제회,건설근로자공제회 건설근로자 취업지원 서울센터,지점,고용노동부,기타공공기관,서울특별시 중구 남대문로 109(다동) 10층,02-1666-1829,-,-,-,-,-
중앙/지방(기관리스트),건설근로자공제회,건설근로자공제회 건설근로자 취업지원 인천센터,지점,고용노동부,기타공공기관,인천광역시 남동구 백범로 357 (간석동) 13층,02-1666-1829,-,-,-,-,-
중앙/지방(기관리스트),건설근로자공제회,건설근로자공제회 경기지사,지점,고용노동부,기타공공기관,경기도 수원시 팔달구 권광로 199 (인계동) 15층,1666-1122,-,-,-,-,-
중앙/지방(기관리스트),건설근로자공제회,건설근로자공제회 광주지사,지점,고용노동부,기타공공기관,광주광역시 서구 시청로 30 (치평동) 7층,1666-1122,-,-,-,-,-
중앙/지방(기관리스트),건설근로자공제회,건설근로자공제회 대구지사,지점,고용노동부,기타공공기관,대구광역시 중구 달구벌대로 2058 (남산동) 11층,1666-1122,-,-,-,-,-
중앙/지방(기관리스트),건설근로자공제회,건설근로자공제회 대전지사,지점,고용노동부,기타공공기관,대전광역시 서구 둔산북로 56 (둔산동) 11층,1666-1122,-,-,-,-,-
중앙/지방(기관리스트),건설근로자공제회,건설근로자공제회 부산지사,지점,고용노동부,기타공공기관,부산광역시 동구 중앙대로 240 (초량동) 7층,1666-1122,-,-,-,-,-
중앙/지방(기관리스트),건설근로자공제회,건설근로자공제회 서울남부센터,지점,고용노동부,기타공공기관,서울특별시 금천구 가산디지털1로 131 (가산동) 1층,1666-1122,-,-,-,-,-
중앙/지방(기관리스트),건설근로자공제회,건설근로자공제회 서울지사,지점,고용노동부,기타공공기관,서울특별시 마포구 마포대로 45 (도화동) 3층,1666-1122,-,-,-,-,-
중앙/지방(기관리스트),건설근로자공제회,건설근로자공제회 원주센터,지점,고용노동부,기타공공기관,강원도 원주시 시청로 2 (무실동) 2층,1666-1122,-,-,-,-,-
중앙/지방(기관리스트),건설근로자공제회,건설근로자공제회 의정부센터,지점,고용노동부,기타공공기관,경기도 의정부시 시민로 62 (의정부동) 7층,1666-1122,-,-,-,-,-
중앙/지방(기관리스트),건설근로자공제회,건설근로자공제회 인천지사,지점,고용노동부,기타공공기관,인천광역시 남동구 미래로 7 (구월동) 2층,1666-1122,-,-,inchen@cw.or.kr,-,-
중앙/지방(기관리스트),건설근로자공제회,건설근로자공제회 전주센터,지점,고용노동부,기타공공기관,전라북도 전주시 완산구 백제대로 280 (중화산동2가) 2층,1666-1122,-,-,-,-,-
중앙/지방(기관리스트),건설근로자공제회,건설근로자공제회 제주센터,지점,고용노동부,기타공공기관,제주특별자치도 제주시 중앙로 150 (이도일동) 5층,1666-1122,-,-,-,-,-
중앙/지방(기관리스트),건축공간연구원,건축공간연구원,본점,국무조정실,기타공공기관,세종특별자치시 가름로 143(어진동) 8층 건축공간연구원,044-417-9600,-,-,-,-,-
중앙/지방(기관리스트),게임물관리위원회,게임물관리위원회,본점,문화체육관광부,기타공공기관,"부산광역시 해운대구 센텀서로 39 (우동) 영상산업센터 1, 2층",051-720-6800,-,051-720-6899,-,-,-
중앙/지방(기관리스트),경북대학교병원,경북대학교병원,본점,교육부,기타공공기관,대구광역시 중구 동덕로 130 (삼덕동2가) 경북대학교병원,053-200-5114,-,-,-,-,-
중앙/지방(기관리스트),경북대학교병원,경북대학교병원 칠곡경북대학교병원,지점,교육부,기타공공기관,대구광역시 북구 호국로 807 (학정동) 칠곡경북대학교병원,053-200-2114,-,-,-,-,-
중앙/지방(기관리스트),경북대학교치과병원,경북대학교치과병원,본점,교육부,기타공공기관,대구광역시 중구 달구벌대로 2175 (삼덕동2가) 경북대학교치과병원,053-600-7114,600-7114,053-600-7111,-,-,-
중앙/지방(기관리스트),경상국립대학교병원,경상국립대학교병원,본점,교육부,기타공공기관,경상남도 진주시 강남로 79(칠암동) 경상대학교병원,055-750-8012,-,055-750-8025,kijo@gnuh.co.kr,-,-
중앙/지방(기관리스트),경상국립대학교병원,경상대학교병원 창원경상대학교병원,지점,교육부,기타공공기관,경상남도 창원시 성산구 삼정자로 11(성주동) 창원경상대학교병원,055-214-1062,-,055-214-1031,kijoch@gnuh.co.kr,-,-
중앙/지방(기관리스트),경제인문사회연구회,경제인문사회연구회,본점,국무조정실,기타공공기관,"세종특별자치시 시청대로 370 (반곡동) 세종국책연구단지 연구지원동(A) 4,8,9층 경제.인문사회연구회",044-211-1000,-,-,nrc@nrc.re.kr,-,-
중앙/지방(기관리스트),공간정보산업진흥원,공간정보산업진흥원,본점,국토교통부,기타공공기관,nan,nan,-,-,-,-,-
중앙/지방(기관리스트),공간정보품질관리원,공간정보품질관리원,본점,국토교통부,기타공공기관,서울특별시 영등포구 양산로 91(당산동3가) 1404호,02-6418-9100,-,02-6418-9199,-,-,-
중앙/지방(기관리스트),공무원연금공단,공무원연금공단,본점,인사혁신처,준정부기관(기금관리형),제주특별자치도 서귀포시 서호중앙로 63 (서호동) 공무원연금공단,1588-4321,1588-4321,-,-,-,-
중앙/지방(기관리스트),공무원연금공단,공무원연금공단 경인강원지부,지점,인사혁신처,준정부기관(기금관리형),"서울특별시 강남구 언주로 508 (역삼동) 서울상록회관, 경인강원지부",02-560-2587,-,02-560-2808,sujung644@geps.or.kr,-,-
중앙/지방(기관리스트),공무원연금공단,공무원연금공단 고객센터,지점,인사혁신처,준정부기관(기금관리형),"대전광역시 유성구 노은동로 111 (노은동, 열매마을 10단지아파트) 상가 2층(공무원연금고객센터)",1588-4321,-,042-829-3599,-,-,-
중앙/지방(기관리스트),공무원연금공단,공무원연금공단 광주전북지부,지점,인사혁신처,준정부기관(기금관리형),"광주광역시 서구 죽봉대로 52 (농성동) 11층, 공무원연금공단 광주전북지부",062-350-5114,-,062-350-5090,hahaha@geps.or.kr,-,-
중앙/지방(기관리스트),공무원연금공단,공무원연금공단 대구지부,지점,인사혁신처,준정부기관(기금관리형),"대구광역시 중구 대봉로 260 (대봉동, 센트로팰리스아파트) 센트로팰리스 108동(오피스텔) 3층, 공무원연금공단 대구지부",053-715-5400,-,053-715-5405,silver0922@geps.or.kr,-,-
중앙/지방(기관리스트),공무원연금공단,공무원연금공단 부산지부,지점,인사혁신처,준정부기관(기금관리형),"부산광역시 동구 부산진성공원로 23 (범일동) 6층, 공무원연금공단 부산지부",051-630-6800,-,051-630-6877,hskim@geps.or.kr,-,-
중앙/지방(기관리스트),공무원연금공단,공무원연금공단 서울지부,지점,인사혁신처,준정부기관(기금관리형),"서울특별시 강남구 언주로 508 (역삼동) 서울상록회관, 서울지부",02-560-2087,-,02-560-2840,kimngyou@geps.or.kr,-,-
중앙/지방(기관리스트),공무원연금공단,공무원연금공단 세종대전지부,지점,인사혁신처,준정부기관(기금관리형),세종특별자치시 한누리대로 492 (어진동) 청암빌딩7층 공무원연금공단 세종대전지부,044-410-1300,-,044-410-1320,hatha@geps.or.kr,-,-
중앙/지방(기관리스트),공무원연금공단,공무원연금공단 제주지부,지점,인사혁신처,준정부기관(기금관리형),"제주특별자치도 제주시 도령로 33 (노형동) 12층, 제주지부",064-720-1600,-,064-802-1650,kakao@geps.or.kr,-,-
중앙/지방(기관리스트),과학기술사업화진흥원,과학기술사업화진흥원,본점,과학기술정보통신부,기타공공기관,"서울특별시 강서구 양천로 570(등촌동) 17층, 20층",02-6347-5550,-,02-6347-5505,-,-,-
중앙/지방(기관리스트),과학기술정책연구원,과학기술정책연구원,본점,국무조정실,기타공공기관,세종특별자치시 시청대로 370 (반곡동) 세종국책연구단지 과학인프라동 5~7F,044-287-2000,-,-,-,-,-
중앙/지방(기관리스트),국가과학기술인력개발원,국가과학기술인력개발원,본점,과학기술정보통신부,기타공공기관,충청북도 청주시 청원구 오창읍 양청4길 45 국가과학기술인력개발원,043-251-7000,1588-5834,043-251-7017,kird@kird.re.kr,-,-
중앙/지방(기관리스트),국가과학기술인력개발원,국가과학기술인력개발원 대전교육센터,지점,과학기술정보통신부,기타공공기관,대전광역시 유성구 대덕대로 593 (도룡동) 대덕테크비즈센터(TBC) 11층,043-251-7000,-,043-251-7063,kird@kird.re.kr,-,-
중앙/지방(기관리스트),국가과학기술인력개발원,국가과학기술인력개발원 오창청사,지점,과학기술정보통신부,기타공공기관,충청북도 청주시 청원구 오창읍 양청4길 45 국가과학기술인력개발원,043-251-7000,-,043-251-7000,kird@kird.re.kr,-,-
중앙/지방(기관리스트),국가생명윤리정책원,국가생명윤리정책원,본점,보건복지부,기타공공기관,서울특별시 광진구 능동로 400 (중곡동) 별관 2층 국가생명윤리정책원,02-737-8970,1855-0075,02-737-6006,nibp@nibp.kr,-,-
중앙/지방(기관리스트),국가수리과학연구소,국가수리과학연구소,본점,과학기술정보통신부,기타공공기관,대전광역시 유성구 유성대로1689번길 70 (전민동) KT대덕2연구센터,042-864-5700,-,042-864-5706,nims@nims.re.kr,-,-
중앙/지방(기관리스트),국가아동권리보장원,국가아동권리보장원,본점,보건복지부,기타공공기관,서울특별시 중구 세종대로22길 12 (태평로1가) 4~10층,02-6454-8500,-,-,ncrc@ncrc.or.kr,-,-
중앙/지방(기관리스트),국가유산진흥원,국가유산진흥원,본점,국가유산청,기타공공기관,서울특별시 강남구 봉은사로 406(삼성동) 삼성동112-2,02-566-6300,-,-,-,-,-
중앙/지방(기관리스트),국가유산진흥원,국가유산진흥원 매장유산국비발굴단 경주사무소,지점,국가유산청,기타공공기관,경상북도 경주시 용강상리길 40-9 (용강동) 매장유산국비발굴단,054-774-8167,-,054-774-8169,-,-,-
중앙/지방(기관리스트),국가유산진흥원,국가유산진흥원 매장유산국비발굴단 청주사무소,지점,국가유산청,기타공공기관,충청북도 청주시 서원구 현도면 노산2길 3-57 매장유산국비발굴단,042-936-8982,-,042-934-6001,-,-,-
중앙/지방(기관리스트),국가유산진흥원,국가유산진흥원 한국문화의집,지점,국가유산청,기타공공기관,서울특별시 강남구 테헤란로92길 12-9(대치동) 한국문화의집,02-3011-1788,-,02-567-6979,-,-,-
중앙/지방(기관리스트),국가유산진흥원,국가유산진흥원 한국의집,지점,국가유산청,기타공공기관,서울특별시 중구 퇴계로36길 10(필동2가) 한국의집,02-2266-9101,-,02-2278-1776,-,-,-
중앙/지방(기관리스트),국가철도공단,국가철도공단,본점,국토교통부,준정부기관(위탁집행형),대전광역시 동구 중앙로 242 (신안동) 국가철도공단,1588-7270,1588-7270,042-607-3629,-,-,-
중앙/지방(기관리스트),국가철도공단,국가철도공단 GTX본부,지점,국토교통부,준정부기관(위탁집행형),서울특별시 중구 한강대로 405 (봉래동2가) 2층 (롯데마트 건물 내 사무실 입주),1588-7270,-,-,-,-,-
중앙/지방(기관리스트),국가철도공단,국가철도공단 강원본부,지점,국토교통부,준정부기관(위탁집행형),강원도 원주시 북원로 2650 (태장동) 한국철도시설공단 강원본부,033-810-5000,-,033-810-5050,-,-,-
중앙/지방(기관리스트),국가철도공단,국가철도공단 수도권본부,지점,국토교통부,준정부기관(위탁집행형),서울특별시 용산구 청파로 378 (동자동) 한국철도시설공단 수도권본부,02-788-5000,-,02-788-5480,-,-,-
중앙/지방(기관리스트),국가철도공단,국가철도공단 영남본부,지점,국토교통부,준정부기관(위탁집행형),부산광역시 중구 충장대로9번길 46 (중앙동4가) 한국철도시설공단 영남지역본부,051-664-5000,-,051-442-6907,-,-,-
중앙/지방(기관리스트),국가철도공단,국가철도공단 충청본부,지점,국토교통부,준정부기관(위탁집행형),대전광역시 동구 중앙로 242 (신안동) 한국철도시설공단 충청본부,042-607-5100,-,042-607-4429,-,-,-
중앙/지방(기관리스트),국가철도공단,국가철도공단 호남본부,지점,국토교통부,준정부기관(위탁집행형),전라남도 순천시 역전길 16 (조곡동) 한국철도시설공단 호남본부,061-840-5000,-,061-840-5210,-,-,-
중앙/지방(기관리스트),국가평생교육진흥원,국가평생교육진흥원,본점,교육부,기타공공기관,서울특별시 강서구 마곡중앙로 105-7 (마곡동) K스퀘어마곡 타워1,02-3780-9700,1600-0400,-,-,-,-
중앙/지방(기관리스트),국립공원공단,국립공원공단,본점,기후에너지환경부,준정부기관(위탁집행형),강원도 원주시 혁신로 22 (반곡동) 국립공원공단,033-769-9300,1670-9201,033-769-9419,webmaster@knps.or.kr,-,-
중앙/지방(기관리스트),국립공원공단,국립공원공단 가야산국립공원사무소,지점,기후에너지환경부,준정부기관(위탁집행형),경상남도 합천군 가야면 가야산로 1200 가야산국립공원사무소,055-930-8000,-,-,-,-,-
중앙/지방(기관리스트),국립공원공단,국립공원공단 가야산생태탐방원,지점,기후에너지환경부,준정부기관(위탁집행형),경상북도 성주군 수륜면 봉양로1길 313 가야산생태탐방원,054-930-7000,-,-,-,-,-
중앙/지방(기관리스트),국립공원공단,국립공원공단 경주국립공원사무소,지점,기후에너지환경부,준정부기관(위탁집행형),경상북도 경주시 천북남로 12 (신평동) 경주국립공원사무소,054-778-4100,-,-,-,-,-
중앙/지방(기관리스트),국립공원공단,국립공원공단 계룡산국립공원사무소,지점,기후에너지환경부,준정부기관(위탁집행형),충청남도 공주시 반포면 동학사1로 327-6 계룡산국립공원사무소,042-825-3002,-,042-825-5755,-,-,-
중앙/지방(기관리스트),국립공원공단,국립공원공단 국가지질공원사무국,지점,기후에너지환경부,준정부기관(위탁집행형),강원도 원주시 혁신로 22 (반곡동) 6층,033-769-9656,-,-,-,-,-
중앙/지방(기관리스트),국립공원공단,국립공원공단 국립공원산악안전교육원,지점,기후에너지환경부,준정부기관(위탁집행형),"서울특별시 도봉구 도봉산길 18(도봉동) 2층, 국립공원산악안전교육원",02-956-3336,-,-,-,-,-
중앙/지방(기관리스트),국립공원공단,국립공원공단 국립공원연구원,지점,기후에너지환경부,준정부기관(위탁집행형),강원도 원주시 단구로 171 (명륜동) 국립공원연구원,033-769-1611,-,033-769-1659,-,-,-
중앙/지방(기관리스트),국립공원공단,국립공원공단 내장산국립공원백암사무소,지점,기후에너지환경부,준정부기관(위탁집행형),전라남도 장성군 북하면 백양로 1116 내장산국립공원백암사무소,061-392-7288,-,-,-,-,-
중앙/지방(기관리스트),국립공원공단,국립공원공단 내장산국립공원사무소,지점,기후에너지환경부,준정부기관(위탁집행형),전라북도 정읍시 내장호반로 328 (내장동) 내장산국립공원사무소,063-538-7875,-,-,-,-,-
중앙/지방(기관리스트),국립공원공단,국립공원공단 내장산생태탐방원,지점,기후에너지환경부,준정부기관(위탁집행형),전라북도 정읍시 내장호반로 266(쌍암동) 내장산생태탐방원,063-538-1700,-,063-538-1705,-,-,-
중앙/지방(기관리스트),국립공원공단,국립공원공단 다도해해상국립공원사무소,지점,기후에너지환경부,준정부기관(위탁집행형),전라남도 완도군 군외면 청해진로 795-3 다도해해상국립공원사무소,061-550-0900,-,-,-,-,-
중앙/지방(기관리스트),국립공원공단,국립공원공단 다도해해상국립공원서부사무소,지점,기후에너지환경부,준정부기관(위탁집행형),전라남도 목포시 통일대로 102-1 (옥암동) 다도해해상국립공원서부사무소,061-284-9113,-,-,-,-,-
중앙/지방(기관리스트),국립공원공단,국립공원공단 덕유산국립공원사무소,지점,기후에너지환경부,준정부기관(위탁집행형),전라북도 무주군 설천면 구천동1로 159 덕유산국립공원사무소,063-322-3174,-,-,-,-,-
중앙/지방(기관리스트),국립공원공단,국립공원공단 무등산국립공원동부사무소,지점,기후에너지환경부,준정부기관(위탁집행형),전라남도 화순군 화순읍 백운촌길 3-3 무등산국립공원동부사무소,061-371-1187,-,-,-,-,-
중앙/지방(기관리스트),국립공원공단,국립공원공단 무등산국립공원사무소,지점,기후에너지환경부,준정부기관(위탁집행형),광주광역시 동구 동산길7번길 5(운림동) 무등산국립공원사무소,062-227-1187,-,-,-,-,-
중앙/지방(기관리스트),국립공원공단,국립공원공단 무등산생태탐방원,지점,기후에너지환경부,준정부기관(위탁집행형),광주광역시 북구 덕의길 20 (충효동) 무등산생태탐방원,062-510-6312,-,-,-,-,-
중앙/지방(기관리스트),국립공원공단,국립공원공단 변산반도국립공원사무소,지점,기후에너지환경부,준정부기관(위탁집행형),전라북도 부안군 변산면 방파제길 11 변산반도국립공원사무소,063-582-7808,-,-,-,-,-
중앙/지방(기관리스트),국립공원공단,국립공원공단 변산반도생태탐방원,지점,기후에너지환경부,준정부기관(위탁집행형),전라북도 부안군 변산면 방파제길 11 변산반도사무소 * 변산반도생태탐방원 임시사무소,063-580-7872,-,-,-,-,-
중앙/지방(기관리스트),국립공원공단,국립공원공단 북한산국립공원도봉사무소,지점,기후에너지환경부,준정부기관(위탁집행형),경기도 의정부시 망월로28번길 51-97 (호원동) 북한산국립공원도봉사무소,031-828-8000,-,-,-,-,-
중앙/지방(기관리스트),국립공원공단,국립공원공단 북한산국립공원사무소,지점,기후에너지환경부,준정부기관(위탁집행형),서울특별시 성북구 정릉로 169(정릉동) 5층 북한산국립공원사무소(임시청사),02-909-0497,-,-,-,-,-
중앙/지방(기관리스트),국립공원공단,국립공원공단 북한산생태탐방원,지점,기후에너지환경부,준정부기관(위탁집행형),서울특별시 도봉구 도봉산길 86(도봉동) 북한산생태탐방원,02-901-0700,-,-,-,-,-
중앙/지방(기관리스트),국립공원공단,국립공원공단 새만금환경생태단지관리단,지점,기후에너지환경부,준정부기관(위탁집행형),전라북도 부안군 변산면 변산해변로 1 (새만금환경생태단지관리단),063-776-7300,-,063-581-9432,-,-,-
중앙/지방(기관리스트),국립공원공단,국립공원공단 설악산국립공원사무소,지점,기후에너지환경부,준정부기관(위탁집행형),강원도 속초시 설악산로 833 (설악동) 설악산국립공원사무소,033-801-0900,-,-,-,-,-
중앙/지방(기관리스트),국립공원공단,국립공원공단 설악산생태탐방원,지점,기후에너지환경부,준정부기관(위탁집행형),강원도 인제군 북면 쇠리길 106-40 설악산생태탐방원,033-439-9300,-,-,-,-,-
중앙/지방(기관리스트),국립공원공단,국립공원공단 소백산국립공원북부사무소,지점,기후에너지환경부,준정부기관(위탁집행형),충청북도 단양군 가곡면 남한강로 494 소백산국립공원북부사무소,043-423-0708,-,043-423-1350,-,-,-
중앙/지방(기관리스트),국립공원공단,국립공원공단 소백산국립공원사무소,지점,기후에너지환경부,준정부기관(위탁집행형),경상북도 영주시 봉현면 소백로 1794 소백산국립공원사무소,054-630-0700,-,-,-,-,-
중앙/지방(기관리스트),국립공원공단,국립공원공단 소백산생태탐방원,지점,기후에너지환경부,준정부기관(위탁집행형),경상북도 영주시 단산면 영단로 253 소백산생태탐방원,054-630-5500,-,-,-,-,-
중앙/지방(기관리스트),국립공원공단,국립공원공단 속리산국립공원사무소,지점,기후에너지환경부,준정부기관(위탁집행형),충청북도 보은군 속리산면 법주사로 84 속리산국립공원사무소,043-542-5267,-,-,-,-,-
중앙/지방(기관리스트),국립공원공단,국립공원공단 오대산국립공원사무소,지점,기후에너지환경부,준정부기관(위탁집행형),강원도 평창군 진부면 오대산로 2 오대산국립공원사무소,033-332-6417,-,-,-,-,-
중앙/지방(기관리스트),국립공원공단,국립공원공단 월악산국립공원사무소,지점,기후에너지환경부,준정부기관(위탁집행형),충청북도 제천시 한수면 미륵송계로 1647 월악산국립공원사무소,043-653-3250,-,-,-,-,-
중앙/지방(기관리스트),국립공원공단,국립공원공단 월출산국립공원사무소,지점,기후에너지환경부,준정부기관(위탁집행형),전라남도 영암군 영암읍 천황사로 280-43 월출산국립공원사무소,061-473-5210,-,-,-,-,-
중앙/지방(기관리스트),국립공원공단,국립공원공단 주왕산국립공원사무소,지점,기후에너지환경부,준정부기관(위탁집행형),경상북도 청송군 주왕산면 공원길 169-7 주왕산국립공원사무소,054-870-5300,-,054-870-5340,-,-,-
중앙/지방(기관리스트),국립공원공단,국립공원공단 지리산국립공원경남사무소,지점,기후에너지환경부,준정부기관(위탁집행형),경상남도 산청군 시천면 남명로 376 지리산국립공원경남사무소,055-970-1000,-,-,-,-,-
중앙/지방(기관리스트),국립공원공단,국립공원공단 지리산국립공원본부,지점,기후에너지환경부,준정부기관(위탁집행형),경상남도 산청군 시천면 남명로 376 1층,055-970-1084,-,055-970-1080,-,-,-
중앙/지방(기관리스트),국립공원공단,국립공원공단 지리산국립공원전남사무소,지점,기후에너지환경부,준정부기관(위탁집행형),전라남도 구례군 마산면 화엄사로 356 지리산전남사무소,061-780-7700,-,061-780-7706,jiris@knps.or.kr,-,-
중앙/지방(기관리스트),국립공원공단,국립공원공단 지리산국립공원전북사무소,지점,기후에너지환경부,준정부기관(위탁집행형),전라북도 남원시 주천면 정령치로 255 지리산국립공원북부사무소,063-630-8900,-,-,-,-,-
중앙/지방(기관리스트),국립공원공단,국립공원공단 지리산생태탐방원,지점,기후에너지환경부,준정부기관(위탁집행형),전라남도 구례군 마산면 화엄사로 402-25 지리산생태탐방원,061-780-8700,-,-,-,-,-
중앙/지방(기관리스트),국립공원공단,국립공원공단 치악산국립공원사무소,지점,기후에너지환경부,준정부기관(위탁집행형),강원도 원주시 소초면 무쇠점2길 26 치악산국립공원사무소,033-740-9900,-,-,-,-,-
중앙/지방(기관리스트),국립공원공단,국립공원공단 태백산국립공원사무소,지점,기후에너지환경부,준정부기관(위탁집행형),강원도 태백시 태백산로 4778 (소도동) 태백산국립공원사무소,033-550-0000,-,033-552-7836,-,-,-
중앙/지방(기관리스트),국립공원공단,국립공원공단 태안해안국립공원사무소,지점,기후에너지환경부,준정부기관(위탁집행형),충청남도 태안군 태안읍 귀실길 9 태안해안국립공원사무소,041-672-9737,-,041-672-4108,-,-,-
중앙/지방(기관리스트),국립공원공단,국립공원공단 한려해상국립공원동부사무소,지점,기후에너지환경부,준정부기관(위탁집행형),경상남도 통영시 도남로 117 (봉평동) 한려해상국립공원동부사무소,055-640-2400,-,-,-,-,-
중앙/지방(기관리스트),국립공원공단,국립공원공단 한려해상국립공원사무소,지점,기후에너지환경부,준정부기관(위탁집행형),경상남도 사천시 용현면 대밭담로 5-9 2층 한려해상국립공원사무소,055-860-5800,-,-,-,-,-
중앙/지방(기관리스트),국립공원공단,국립공원공단 한려해상생태탐방원,지점,기후에너지환경부,준정부기관(위탁집행형),경상남도 통영시 산양읍 산양일주로 1361-96 한려해상생태탐방원,055-640-3400,-,-,-,-,-
중앙/지방(기관리스트),국립광주과학관,국립광주과학관,본점,과학기술정보통신부,기타공공기관,광주광역시 북구 첨단과기로 235(오룡동) 국립광주과학관,062-960-6210,-,-,webmaster@sciencecenter.or.kr,-,-
중앙/지방(기관리스트),국립낙동강생물자원관,국립낙동강생물자원관,본점,기후에너지환경부,기타공공기관,경상북도 상주시 도남2길 137(도남동) 국립낙동강생물자원관,054-530-0700,-,-,-,-,-
중앙/지방(기관리스트),국립농업박물관,국립농업박물관,본점,농림축산식품부,기타공공기관,경기도 수원시 권선구 수인로 154 (서둔동) 국립농업박물관,031-324-0744,-,-,oursung78@namuk.or.kr,-,-
중앙/지방(기관리스트),국립대구과학관,국립대구과학관,본점,과학기술정보통신부,기타공공기관,대구광역시 달성군 유가읍 테크노대로6길 20 국립대구과학관,053-670-6114,-,-,-,-,-
중앙/지방(기관리스트),국립박물관문화재단,국립박물관문화재단,본점,문화체육관광부,기타공공기관,서울특별시 용산구 서빙고로 281 (서빙고동) 교육관 2층 국립박물관문화재단,1544-5955,1544-5955,02-2077-9746,copr@nmf.or.kr,-,-
중앙/지방(기관리스트),국립부산과학관,국립부산과학관,본점,과학기술정보통신부,기타공공기관,부산광역시 기장군 기장읍 동부산관광6로 59 국립부산과학관,051-750-2300,-,-,-,-,-
중앙/지방(기관리스트),국립생태원,국립생태원,본점,기후에너지환경부,준정부기관(위탁집행형),충청남도 서천군 마서면 금강로 1210 국립생태원,041-950-5300,-,-,nie@nie.re.kr,-,-
중앙/지방(기관리스트),국립생태원,국립생태원 멸종위기종복원센터,지점,기후에너지환경부,준정부기관(위탁집행형),경상북도 영양군 영양읍 고월길 23 본관,054-680-7100,-,-,-,-,-
중앙/지방(기관리스트),국립생태원,국립생태원 습지센터,지점,기후에너지환경부,준정부기관(위탁집행형),경상남도 창녕군 이방면 이산길 38 습지센터,055-530-5503,-,-,-,-,-
중앙/지방(기관리스트),국립아시아문화전당재단,국립아시아문화전당재단,본점,문화체육관광부,기타공공기관,광주광역시 동구 문화전당로 38 (광산동) 국립아시아문화전당재단,062-601-4765,1899-5566,-,-,-,-
중앙/지방(기관리스트),국립암센터,국립암센터,본점,보건복지부,기타공공기관,경기도 고양시 일산동구 일산로 323 (마두동) 국립암센터,1588-8110,-,-,-,-,-
중앙/지방(기관리스트),국립울진해양과학관,국립울진해양과학관,본점,해양수산부,기타공공기관,경상북도 울진군 죽변면 해양과학길 8 국립해양과학관,054-780-5008,-,054-780-5019,-,-,-
중앙/지방(기관리스트),국립인천해양박물관,국립인천해양박물관,본점,해양수산부,기타공공기관,nan,nan,-,-,-,-,-
중앙/지방(기관리스트),국립중앙의료원,국립중앙의료원,본점,보건복지부,기타공공기관,서울특별시 중구 을지로 245(을지로6가) 국립중앙의료원,02-2260-7114,1588-1775,-,-,-,-
중앙/지방(기관리스트),국립항공박물관,국립항공박물관,본점,국토교통부,기타공공기관,서울특별시 강서구 하늘길 177 (공항동) 국립항공박물관,02-6940-3198,-,02-6940-3151,-,-,-
중앙/지방(기관리스트),국립해양박물관,국립해양박물관,본점,해양수산부,기타공공기관,부산광역시 영도구 해양로301번길 45 (동삼동) 국립해양박물관,051-309-1900,-,051-309-1749,-,-,-
중앙/지방(기관리스트),국립해양생물자원관,국립해양생물자원관,본점,해양수산부,기타공공기관,충청남도 서천군 장항읍 장산로101번길 75 국립해양생물자원관,041-950-0600,-,-,-,-,-
중앙/지방(기관리스트),국립호남권생물자원관,국립호남권생물자원관,본점,기후에너지환경부,기타공공기관,전라남도 목포시 고하도안길 99 (달동) 국립호남권생물자원관,061-288-7800,-,-,-,-,-
중앙/지방(기관리스트),국민건강보험공단,국민건강보험공단,본점,보건복지부,준정부기관(위탁집행형),강원도 원주시 건강로 32 (반곡동) 국민건강보험공단,1577-1000,1577-1000,-,-,-,-
중앙/지방(기관리스트),국민건강보험공단,국민건강보험공단 강남동부지사,지점,보건복지부,준정부기관(위탁집행형),서울특별시 강남구 테헤란로 328 (역삼동) 6층 8층,02-3459-0111,-,02-3275-8441,-,-,-
중앙/지방(기관리스트),국민건강보험공단,국민건강보험공단 강남북부지사,지점,보건복지부,준정부기관(위탁집행형),서울특별시 강남구 압구정로38길 7 (신사동) 강남북부지사,02-3218-0111,-,02-3275-8681,-,-,-
중앙/지방(기관리스트),국민건강보험공단,국민건강보험공단 강남서부지사,지점,보건복지부,준정부기관(위탁집행형),"서울특별시 강남구 강남대로 390 (역삼동) 5층, 6층",02-2186-4110,-,02-3275-8321,-,-,-
중앙/지방(기관리스트),국민건강보험공단,국민건강보험공단 강동지사,지점,보건복지부,준정부기관(위탁집행형),서울특별시 강동구 천호대로 1102 (성내동) 5층 6층,02-2225-9111,-,02-3275-8661,-,-,-
중앙/지방(기관리스트),국민건강보험공단,국민건강보험공단 강릉지사,지점,보건복지부,준정부기관(위탁집행형),강원특별자치도 강릉시 송정길 1 (송정동) 강릉지사,033-650-8110,-,033-650-5800,-,-,-
중앙/지방(기관리스트),국민건강보험공단,국민건강보험공단 강북지사,지점,보건복지부,준정부기관(위탁집행형),서울특별시 강북구 솔매로50길 43 (미아동) 강북지사,02-2289-5111,-,02-3275-8721,-,-,-
중앙/지방(기관리스트),국민건강보험공단,국민건강보험공단 강서지사,지점,보건복지부,준정부기관(위탁집행형),서울특별시 강서구 강서로 412 (등촌동) 3층,02-2657-3110,-,02-3275-8301,-,-,-
중앙/지방(기관리스트),국민건강보험공단,국민건강보험공단 거제지사,지점,보건복지부,준정부기관(위탁집행형),경상남도 거제시 아주로 58 (아주동) 거제지사,055-639-7111,-,055-212-9100,-,-,-
중앙/지방(기관리스트),국민건강보험공단,국민건강보험공단 거창지사,지점,보건복지부,준정부기관(위탁집행형),경상남도 거창군 거창읍 소만3길 14 거창지사,055-940-1110,-,055-740-9840,-,-,-
중앙/지방(기관리스트),국민건강보험공단,국민건강보험공단 경기광주지사,지점,보건복지부,준정부기관(위탁집행형),경기도 광주시 광주대로 35 (경안동) 3층(황백빌딩),031-8026-0110,-,031-229-0690,-,-,-
중앙/지방(기관리스트),국민건강보험공단,국민건강보험공단 경산청도지사,지점,보건복지부,준정부기관(위탁집행형),경상북도 경산시 중앙로 17 (사정동) 경산청도지사,053-245-0110,-,053-620-8130,-,-,-
중앙/지방(기관리스트),국민건강보험공단,국민건강보험공단 경주지사,지점,보건복지부,준정부기관(위탁집행형),경상북도 경주시 태종로 426 (충효동) 경주지사,054-750-3110,-,054-230-3340,-,-,-
중앙/지방(기관리스트),국민건강보험공단,국민건강보험공단 고양덕양지사,지점,보건복지부,준정부기관(위탁집행형),경기도 고양시 덕양구 화신로260번길 57 (화정동) 4층,031-930-4110,-,031-828-8220,-,-,-
중앙/지방(기관리스트),국민건강보험공단,국민건강보험공단 고양일산지사,지점,보건복지부,준정부기관(위탁집행형),경기도 고양시 일산동구 중앙로 1228 (마두동) 5층(마두동),031-909-2310,-,031-828-8380,-,-,-
중앙/지방(기관리스트),국민건강보험공단,국민건강보험공단 고흥보성지사,지점,보건복지부,준정부기관(위탁집행형),전라남도 고흥군 고흥읍 터미널길 17-5 고흥보성지사,061-830-3810,-,061-729-2380,-,-,-
중앙/지방(기관리스트),국민건강보험공단,국민건강보험공단 공주지사,지점,보건복지부,준정부기관(위탁집행형),경기도 안산시 단원구 번영2로 58 (성곡동) 신관동,041-851-9111,-,041-850-4400,-,-,-
중앙/지방(기관리스트),국민건강보험공단,국민건강보험공단 과천지사,지점,보건복지부,준정부기관(위탁집행형),경기도 과천시 별양상가1로 13 (별양동) 교보빌딩 4층,02-6942-0110,-,02-3275-8180,-,-,-
중앙/지방(기관리스트),국민건강보험공단,국민건강보험공단 관악지사,지점,보건복지부,준정부기관(위탁집행형),서울특별시 관악구 신원로 35 (신림동) 4층,02-860-5110,-,02-3275-8421,-,-,-
중앙/지방(기관리스트),국민건강보험공단,국민건강보험공단 광명지사,지점,보건복지부,준정부기관(위탁집행형),경기도 광명시 철산로 5 (철산동) 4층 5층,02-2620-9811,-,02-3275-8160,-,-,-
중앙/지방(기관리스트),국민건강보험공단,국민건강보험공단 광양구례지사,지점,보건복지부,준정부기관(위탁집행형),전라남도 광양시 시청로 20 (중동) 광양구례지사,061-913-4310,-,061-729-2360,-,-,-
중앙/지방(기관리스트),국민건강보험공단,국민건강보험공단 광주동부지사,지점,보건복지부,준정부기관(위탁집행형),광주광역시 동구 제봉로82번길 16 (서석동) 14층,062-600-0110,-,062-260-9050,-,-,-
중앙/지방(기관리스트),국민건강보험공단,국민건강보험공단 광주북부지사,지점,보건복지부,준정부기관(위탁집행형),광주광역시 북구 금재로 24 (유동) 광주북부지사,062-609-0110,-,062-260-9070,-,-,-
중앙/지방(기관리스트),국민건강보험공단,국민건강보험공단 광주서부지사,지점,보건복지부,준정부기관(위탁집행형),광주광역시 서구 상무중앙로 110 (치평동) 12층 13층,062-601-0111,-,062-260-9030,-,-,-
중앙/지방(기관리스트),국민건강보험공단,국민건강보험공단 광주전라제주지역본부,지점,보건복지부,준정부기관(위탁집행형),광주광역시 서구 상무중앙로114번길 14 (치평동) 광주전라제주지역본부,062-250-0101,-,062-260-9000,-,-,-
중앙/지방(기관리스트),국민건강보험공단,국민건강보험공단 광진지사,지점,보건복지부,준정부기관(위탁집행형),서울특별시 광진구 구의강변로 45 (구의동) 광진지사,02-2204-7111,-,02-3275-8481,-,-,-
중앙/지방(기관리스트),국민건강보험공단,국민건강보험공단 괴산증평지사,지점,보건복지부,준정부기관(위탁집행형),충청북도 괴산군 괴산읍 괴강로 63 괴산증평지사,043-820-0510,-,043-849-8844,-,-,-
중앙/지방(기관리스트),국민건강보험공단,국민건강보험공단 구로지사,지점,보건복지부,준정부기관(위탁집행형),서울특별시 구로구 경인로 401 (고척동) 구로지사,02-2610-0110,-,02-3275-8401,-,-,-
중앙/지방(기관리스트),국민건강보험공단,국민건강보험공단 구리지사,지점,보건복지부,준정부기관(위탁집행형),경기도 구리시 갈매중앙로 86 (갈매동) 1층 2층,031-550-9110,-,031-828-8360,-,-,-
중앙/지방(기관리스트),국민건강보험공단,국민건강보험공단 구미지사,지점,보건복지부,준정부기관(위탁집행형),경상북도 구미시 산호대로 181 (공단동) 구미지사,054-467-4110,-,054-440-0500,-,-,-
중앙/지방(기관리스트),국민건강보험공단,국민건강보험공단 군산지사,지점,보건복지부,준정부기관(위탁집행형),전라북도 군산시 조촌4길 89 (조촌동) 군산지사,063-450-8710,-,063-279-1760,-,-,-
중앙/지방(기관리스트),국민건강보험공단,국민건강보험공단 군포지사,지점,보건복지부,준정부기관(위탁집행형),경기도 군포시 군포로 522 (당동) 6층 7층,031-428-7110,-,031-229-0610,-,-,-
중앙/지방(기관리스트),국민건강보험공단,국민건강보험공단 금천지사,지점,보건복지부,준정부기관(위탁집행형),서울특별시 금천구 시흥대로 415 (독산동) 금천지사,02-860-4110,-,02-3275-8621,-,-,-
중앙/지방(기관리스트),국민건강보험공단,국민건강보험공단 기장지사,지점,보건복지부,준정부기관(위탁집행형),부산광역시 기장군 기장읍 차성로 414 기장지사,051-901-0110,-,051-801-4254,-,-,-
중앙/지방(기관리스트),국민건강보험공단,국민건강보험공단 김제지사,지점,보건복지부,준정부기관(위탁집행형),전라북도 김제시 동서로 317 (검산동) 김제지사,063-540-8111,-,063-279-1844,-,-,-
중앙/지방(기관리스트),국민건강보험공단,국민건강보험공단 김천지사,지점,보건복지부,준정부기관(위탁집행형),경상북도 김천시 남산공원길 94 (남산동) 김천지사,054-911-6110,-,054-440-0540,-,-,-
중앙/지방(기관리스트),국민건강보험공단,국민건강보험공단 김포지사,지점,보건복지부,준정부기관(위탁집행형),경기도 김포시 태장로795번길 137 (장기동) 장기동,031-980-3810,-,031-229-0830,-,-,-
중앙/지방(기관리스트),국민건강보험공단,국민건강보험공단 김해지사,지점,보건복지부,준정부기관(위탁집행형),경상남도 김해시 전하로176번길 79 (전하동) 김해지사,055-330-8111,-,055-212-9020,-,-,-
중앙/지방(기관리스트),국민건강보험공단,국민건강보험공단 나주지사,지점,보건복지부,준정부기관(위탁집행형),전라남도 나주시 송월3길 19 (송월동) 나주지사,061-330-9810,-,061-280-8563,-,-,-
중앙/지방(기관리스트),국민건강보험공단,국민건강보험공단 남양주가평지사,지점,보건복지부,준정부기관(위탁집행형),경기도 남양주시 다산지금로163번길 87 (다산동) 국민건강보험공단 남양주가평지사,031-590-7210,-,031-828-8340,-,-,-
중앙/지방(기관리스트),국민건강보험공단,국민건강보험공단 남원지사,지점,보건복지부,준정부기관(위탁집행형),전라북도 남원시 의서길 20 (왕정동) 남원지사,063-630-2110,-,063-279-1820,-,-,-
중앙/지방(기관리스트),국민건강보험공단,국민건강보험공단 노원지사,지점,보건복지부,준정부기관(위탁집행형),서울특별시 노원구 노해로 447 (상계동) 노원지사,02-950-8111,-,02-3275-8381,-,-,-
중앙/지방(기관리스트),국민건강보험공단,국민건강보험공단 논산지사,지점,보건복지부,준정부기관(위탁집행형),충청남도 논산시 중앙로384번길 62 (취암동) 1층 2층,041-730-8110,-,041-850-4460,-,-,-
중앙/지방(기관리스트),국민건강보험공단,국민건강보험공단 달성지사,지점,보건복지부,준정부기관(위탁집행형),대구광역시 달성군 논공읍 달성군청로 32 달성지사,053-288-0110,-,053-620-8170,-,-,-
중앙/지방(기관리스트),국민건강보험공단,국민건강보험공단 당진지사,지점,보건복지부,준정부기관(위탁집행형),충청남도 당진시 대덕1로 37 (대덕동) 당진지사,041-351-0111,-,041-850-4540,-,-,-
중앙/지방(기관리스트),국민건강보험공단,국민건강보험공단 대구경북지역본부,지점,보건복지부,준정부기관(위탁집행형),대구광역시 달서구 두류공원로 264 (두류동) 대구경북지역본부,053-650-8810,-,053-620-8000,-,-,-
중앙/지방(기관리스트),국민건강보험공단,국민건강보험공단 대구남부지사,지점,보건복지부,준정부기관(위탁집행형),대구광역시 남구 대명로 124 (대명동) 5층,053-620-5011,-,053-620-8150,-,-,-
중앙/지방(기관리스트),국민건강보험공단,국민건강보험공단 대구달서지사,지점,보건복지부,준정부기관(위탁집행형),대구광역시 달서구 달구벌대로 1686 (두류동) 대구달서지사,053-620-7110,-,053-620-8030,-,-,-
중앙/지방(기관리스트),국민건강보험공단,국민건강보험공단 대구동부지사,지점,보건복지부,준정부기관(위탁집행형),대구광역시 동구 안심로16길 47 (율하동) 5층 6층,053-740-8310,-,053-620-8110,-,-,-
중앙/지방(기관리스트),국민건강보험공단,국민건강보험공단 대구북부지사,지점,보건복지부,준정부기관(위탁집행형),대구광역시 북구 침산남로 199 (침산동) 대구북부지사,053-666-0110,-,053-620-8070,-,-,-
중앙/지방(기관리스트),국민건강보험공단,국민건강보험공단 대구수성지사,지점,보건복지부,준정부기관(위탁집행형),대구광역시 수성구 상록로 13 (범어동) 대구수성지사,053-668-6110,-,053-620-8090,-,-,-
중앙/지방(기관리스트),국민건강보험공단,국민건강보험공단 대구중부지사,지점,보건복지부,준정부기관(위탁집행형),대구광역시 중구 달구벌대로 2090 (남산동) 9-11층,053-420-4110,-,053-620-8050,-,-,-
중앙/지방(기관리스트),국민건강보험공단,국민건강보험공단 대전동부지사,지점,보건복지부,준정부기관(위탁집행형),대전광역시 동구 동서대로 1495 (삼성동) 대전동부지사,042-605-7210,-,042-840-4130,-,-,-
중앙/지방(기관리스트),국민건강보험공단,국민건강보험공단 대전서부지사,지점,보건복지부,준정부기관(위탁집행형),대전광역시 서구 만년로68번길 15-13 (만년동) 만년동,042-602-3511,-,042-840-4150,-,-,-
중앙/지방(기관리스트),국민건강보험공단,국민건강보험공단 대전세종충청지역본부,지점,보건복지부,준정부기관(위탁집행형),세종특별자치시 세종로 1234-5 (아름동) 국민건강보험공단 대전세종충청지역본부,044-251-7100,-,044-589-2300,-,-,-
중앙/지방(기관리스트),국민건강보험공단,국민건강보험공단 대전유성지사,지점,보건복지부,준정부기관(위탁집행형),대전광역시 유성구 계룡로 114 (봉명동) 10층,042-820-8110,-,042-840-4190,-,-,-
중앙/지방(기관리스트),국민건강보험공단,국민건강보험공단 대전중부지사,지점,보건복지부,준정부기관(위탁집행형),대전광역시 중구 보문로 246 (대흥동) 15층,042-530-7011,-,042-840-4170,-,-,-
중앙/지방(기관리스트),국민건강보험공단,국민건강보험공단 도봉지사,지점,보건복지부,준정부기관(위탁집행형),서울특별시 도봉구 도봉로110길 25 (창동) 4층,02-2289-3110,-,02-3275-8741,-,-,-
중앙/지방(기관리스트),국민건강보험공단,국민건강보험공단 동대문지사,지점,보건복지부,준정부기관(위탁집행형),"서울특별시 동대문구 천호대로 405 (장안동) 6, 7, 9층",02-2173-1110,-,02-3275-8361,-,-,-
중앙/지방(기관리스트),국민건강보험공단,국민건강보험공단 동두천연천지사,지점,보건복지부,준정부기관(위탁집행형),경기도 동두천시 중앙로 206 (생연동) 건강보험빌딩,031-894-0210,-,031-828-8280,-,-,-
중앙/지방(기관리스트),국민건강보험공단,국민건강보험공단 동작지사,지점,보건복지부,준정부기관(위탁집행형),서울특별시 동작구 현충로 75 (흑석동) 7층 8층,02-820-2111,-,02-3275-8641,-,-,-
중앙/지방(기관리스트),국민건강보험공단,국민건강보험공단 동해지사,지점,보건복지부,준정부기관(위탁집행형),강원특별자치도 동해시 한섬로 135 (천곡동) 동해지사,033-530-9110,-,033-650-5844,-,-,-
중앙/지방(기관리스트),국민건강보험공단,국민건강보험공단 마포지사,지점,보건복지부,준정부기관(위탁집행형),서울특별시 마포구 성암로 179 (상암동) 6층,02-3140-0110,-,02-3275-8261,-,-,-
중앙/지방(기관리스트),국민건강보험공단,국민건강보험공단 목포지사,지점,보건복지부,준정부기관(위탁집행형),전라남도 목포시 삼향천로 171 (석현동) 목포지사,061-280-9211,-,061-280-8500,-,-,-
중앙/지방(기관리스트),국민건강보험공단,국민건강보험공단 무안신안지사,지점,보건복지부,준정부기관(위탁집행형),전라남도 무안군 무안읍 무안로 458 무안신안지사,061-450-0610,-,061-280-8543,-,-,-
중앙/지방(기관리스트),국민건강보험공단,국민건강보험공단 문경예천지사,지점,보건복지부,준정부기관(위탁집행형),경상북도 문경시 중앙3길 11 (점촌동) 문경예천지사,054-550-5110,-,054-440-0560,-,-,-
중앙/지방(기관리스트),국민건강보험공단,국민건강보험공단 밀양창녕지사,지점,보건복지부,준정부기관(위탁집행형),경상남도 밀양시 시청서1길 17 (내이동) 밀양창녕지사,055-350-6110,-,055-212-9080,-,-,-
중앙/지방(기관리스트),국민건강보험공단,국민건강보험공단 보령서천지사,지점,보건복지부,준정부기관(위탁집행형),충청남도 보령시 중앙로 236 (대천동) 보령서천지사,041-930-9710,-,041-850-4500,-,-,-
중앙/지방(기관리스트),국민건강보험공단,국민건강보험공단 부산금정지사,지점,보건복지부,준정부기관(위탁집행형),부산광역시 금정구 중앙대로 1925 (구서동) 15층 16층,051-580-8110,-,051-801-4270,-,-,-
중앙/지방(기관리스트),국민건강보험공단,국민건강보험공단 부산남부지사,지점,보건복지부,준정부기관(위탁집행형),부산광역시 수영구 광남로48번길 24 (남천동) 1-5층,051-629-7110,-,051-801-4290,-,-,-
중앙/지방(기관리스트),국민건강보험공단,국민건강보험공단 부산동래지사,지점,보건복지부,준정부기관(위탁집행형),부산광역시 동래구 아시아드대로 141 (사직동) 부산동래지사,051-500-9110,-,051-801-4310,-,-,-
중앙/지방(기관리스트),국민건강보험공단,국민건강보험공단 부산북부지사,지점,보건복지부,준정부기관(위탁집행형),부산광역시 북구 만덕대로40번길 26 (덕천동) 부산북부지사,051-330-0110,-,051-801-4330,-,-,-
중앙/지방(기관리스트),국민건강보험공단,국민건강보험공단 부산사상지사,지점,보건복지부,준정부기관(위탁집행형),부산광역시 사상구 사상로181번길 10 (괘법동) 부산사상지사,051-320-0110,-,051-801-4350,-,-,-
중앙/지방(기관리스트),국민건강보험공단,국민건강보험공단 부산사하지사,지점,보건복지부,준정부기관(위탁집행형),부산광역시 사하구 하신중앙로 179 (신평동) 부산사하지사,051-220-3110,-,051-801-4370,-,-,-
중앙/지방(기관리스트),국민건강보험공단,국민건강보험공단 부산서부지사,지점,보건복지부,준정부기관(위탁집행형),부산광역시 서구 구덕로285번길 7 (서대신동1가) 부산서부지사,051-240-6110,-,051-801-4390,-,-,-
중앙/지방(기관리스트),국민건강보험공단,국민건강보험공단 부산연제지사,지점,보건복지부,준정부기관(위탁집행형),부산광역시 연제구 중앙대로 1000 (연산동) 9층,051-850-6110,-,051-801-4410,-,-,-
중앙/지방(기관리스트),국민건강보험공단,국민건강보험공단 부산울산경남지역본부,지점,보건복지부,준정부기관(위탁집행형),부산광역시 북구 만덕대로40번길 26 (덕천동) 국민건강보험공단 부산울산경남지역본부,051-801-0511,-,051-801-4200,-,-,-
중앙/지방(기관리스트),국민건강보험공단,국민건강보험공단 부산중부지사,지점,보건복지부,준정부기관(위탁집행형),부산광역시 중구 중앙대로 63 (중앙동3가) 10층,051-662-1110,-,051-801-4430,-,-,-
중앙/지방(기관리스트),국민건강보험공단,국민건강보험공단 부산진구지사,지점,보건복지부,준정부기관(위탁집행형),부산광역시 부산진구 중앙대로 798 (전포동) 부산진구지사,051-605-2110,-,051-801-4450,-,-,-
중앙/지방(기관리스트),국민건강보험공단,국민건강보험공단 부안고창지사,지점,보건복지부,준정부기관(위탁집행형),전라북도 부안군 부안읍 동문안1길 14-4 부안고창지사,063-580-2110,-,063-279-1800,-,-,-
중앙/지방(기관리스트),국민건강보험공단,국민건강보험공단 부여청양지사,지점,보건복지부,준정부기관(위탁집행형),충청남도 부여군 부여읍 성왕로 278 부여청양지사,041-830-8111,-,041-850-4520,-,-,-
중앙/지방(기관리스트),국민건강보험공단,국민건강보험공단 부천남부지사,지점,보건복지부,준정부기관(위탁집행형),경기도 부천시 경인로 386 (소사본동) 2층,032-610-2110,-,032-870-4420,-,-,-
중앙/지방(기관리스트),국민건강보험공단,국민건강보험공단 부천북부지사,지점,보건복지부,준정부기관(위탁집행형),경기도 부천시 송내대로 70 (상동) 월드타워 9-11층,032-650-3110,-,032-870-4440,-,-,-
중앙/지방(기관리스트),국민건강보험공단,국민건강보험공단 사천지사,지점,보건복지부,준정부기관(위탁집행형),경상남도 사천시 용현면 대밭담3길 24 사천지사,055-831-0110,-,055-740-9864,-,-,-
중앙/지방(기관리스트),국민건강보험공단,국민건강보험공단 삼척지사,지점,보건복지부,준정부기관(위탁집행형),강원특별자치도 삼척시 오십천로 487 (정상동) 삼척지사,033-571-0110,-,033-650-5884,-,-,-
중앙/지방(기관리스트),국민건강보험공단,국민건강보험공단 상주지사,지점,보건복지부,준정부기관(위탁집행형),경상북도 상주시 상산로 131 (신봉동) 국민건강보험공단 상주지사,054-907-4610,-,054-440-0583,-,-,-
중앙/지방(기관리스트),국민건강보험공단,국민건강보험공단 서귀포지사,지점,보건복지부,준정부기관(위탁집행형),제주특별자치도 서귀포시 신서귀로51번길 38 (강정동) 서귀포지사,064-735-6310,-,064-750-0920,-,-,-
중앙/지방(기관리스트),국민건강보험공단,국민건강보험공단 서대문지사,지점,보건복지부,준정부기관(위탁집행형),서울특별시 서대문구 통일로 413 (홍제동) 서대문지사,02-3140-8110,-,02-3275-8701,-,-,-
중앙/지방(기관리스트),국민건강보험공단,국민건강보험공단 서산태안지사,지점,보건복지부,준정부기관(위탁집행형),충청남도 서산시 한마음9로 31 (석림동) 석림동,041-661-8510,-,041-850-4480,-,-,-
중앙/지방(기관리스트),국민건강보험공단,국민건강보험공단 서울강원지역본부,지점,보건복지부,준정부기관(위탁집행형),서울특별시 영등포구 여의공원로 101 (여의도동) 6층,02-2126-8801,-,02-3275-8101,-,-,-
중앙/지방(기관리스트),국민건강보험공단,국민건강보험공단 서울요양원,지점,보건복지부,준정부기관(위탁집행형),서울특별시 강남구 헌릉로590길 50 (세곡동) 국민건강보험공단 서울요양원,02-2160-1000,-,02-2160-1060,-,-,-
중앙/지방(기관리스트),국민건강보험공단,국민건강보험공단 서초남부지사,지점,보건복지부,준정부기관(위탁집행형),서울특별시 서초구 남부순환로 2419 (서초동) 1-4층,02-530-0110,-,02-3275-8221,-,-,-
중앙/지방(기관리스트),국민건강보험공단,국민건강보험공단 서초북부지사,지점,보건복지부,준정부기관(위탁집행형),서울특별시 서초구 방배천로 91 (방배동) 12층,02-3677-1110,-,02-3275-8781,-,-,-
중앙/지방(기관리스트),국민건강보험공단,국민건강보험공단 성남남부지사,지점,보건복지부,준정부기관(위탁집행형),경기도 성남시 분당구 황새울로360번길 19 (서현동) 12층,031-788-4110,-,031-229-0470,-,-,-
중앙/지방(기관리스트),국민건강보험공단,국민건강보험공단 성남북부지사,지점,보건복지부,준정부기관(위탁집행형),경기도 성남시 수정구 산성대로 301 (신흥동) 5층 6층,031-729-0111,-,031-229-0450,-,-,-
중앙/지방(기관리스트),국민건강보험공단,국민건강보험공단 성동지사,지점,보건복지부,준정부기관(위탁집행형),서울특별시 성동구 청계천로 546 (마장동) 3-4층,02-2286-2111,-,02-3275-8561,-,-,-
중앙/지방(기관리스트),국민건강보험공단,국민건강보험공단 성북지사,지점,보건복지부,준정부기관(위탁집행형),서울특별시 성북구 화랑로 35 (하월곡동) 성북지사,02-2170-1111,-,02-3275-8501,-,-,-
중앙/지방(기관리스트),국민건강보험공단,국민건강보험공단 세종지사,지점,보건복지부,준정부기관(위탁집행형),세종특별자치시 세종로 1234-5 (아름동) 세종지사,044-860-8111,-,044-589-2401,-,-,-
중앙/지방(기관리스트),국민건강보험공단,국민건강보험공단 속초지사,지점,보건복지부,준정부기관(위탁집행형),강원특별자치도 속초시 동해대로 4044 (조양동) 속초지사,033-639-9110,-,033-650-5820,-,-,-
중앙/지방(기관리스트),국민건강보험공단,국민건강보험공단 송파지사,지점,보건복지부,준정부기관(위탁집행형),"서울특별시 송파구 올림픽로 289 (신천동) 2, 3층",02-2143-6110,-,02-3275-8241,-,-,-
중앙/지방(기관리스트),국민건강보험공단,국민건강보험공단 수원동부지사,지점,보건복지부,준정부기관(위탁집행형),경기도 수원시 팔달구 권광로 178 (인계동) 8층 10층 12층,031-230-9110,-,031-229-0490,-,-,-
중앙/지방(기관리스트),국민건강보험공단,국민건강보험공단 수원서부지사,지점,보건복지부,준정부기관(위탁집행형),경기도 수원시 권선구 호매실로 46-16 (탑동) 5층 6층,031-240-4110,-,031-229-0510,-,-,-
중앙/지방(기관리스트),국민건강보험공단,국민건강보험공단 순천곡성지사,지점,보건복지부,준정부기관(위탁집행형),전라남도 순천시 풍덕새길 15-4 (풍덕동) 순천곡성지사,061-750-0311,-,061-729-2300,-,-,-
중앙/지방(기관리스트),국민건강보험공단,국민건강보험공단 시흥지사,지점,보건복지부,준정부기관(위탁집행형),경기도 시흥시 시흥대로268번길 3 (능곡동) 시흥지사,031-310-4110,-,031-229-0530,-,-,-
중앙/지방(기관리스트),국민건강보험공단,국민건강보험공단 아산지사,지점,보건복지부,준정부기관(위탁집행형),충청남도 아산시 온천대로 1579 (모종동) 아산지사,041-538-5110,-,041-850-4440,-,-,-
중앙/지방(기관리스트),국민건강보험공단,국민건강보험공단 안동지사,지점,보건복지부,준정부기관(위탁집행형),경상북도 안동시 중평2길 33 (용상동) 안동지사,054-820-2010,-,054-820-9700,-,-,-
중앙/지방(기관리스트),국민건강보험공단,국민건강보험공단 안산지사,지점,보건복지부,준정부기관(위탁집행형),경기도 안산시 상록구 삼일로 646 (성포동) 안산지사,031-412-2110,-,031-229-0550,-,-,-
중앙/지방(기관리스트),국민건강보험공단,국민건강보험공단 안성지사,지점,보건복지부,준정부기관(위탁집행형),경기도 안성시 대학로 12 (석정동) 석정동,031-8056-0210,-,031-229-0770,-,-,-
중앙/지방(기관리스트),국민건강보험공단,국민건강보험공단 안양지사,지점,보건복지부,준정부기관(위탁집행형),경기도 안양시 동안구 관평로 182 (관양동) 안양지사,031-479-9710,-,031-229-0570,-,-,-
중앙/지방(기관리스트),국민건강보험공단,국민건강보험공단 양산지사,지점,보건복지부,준정부기관(위탁집행형),경상남도 양산시 서일동3길 9 (중부동) 양산지사,055-379-4110,-,055-212-9069,-,-,-
중앙/지방(기관리스트),국민건강보험공단,국민건강보험공단 양주지사,지점,보건복지부,준정부기관(위탁집행형),경기도 양주시 고읍남로 6-16 (광사동) 광장프라자 4층,031-860-9110,-,031-828-8260,-,-,-
중앙/지방(기관리스트),국민건강보험공단,국민건강보험공단 양천지사,지점,보건복지부,준정부기관(위탁집행형),서울특별시 양천구 목동서로 67 (목동) 7-8층,02-2640-4110,-,02-3275-8521,-,-,-
중앙/지방(기관리스트),국민건강보험공단,국민건강보험공단 양평지사,지점,보건복지부,준정부기관(위탁집행형),경기도 양평군 양평읍 공흥로 22 양평 산림조합 3층,031-770-4110,-,031-229-0716,-,-,-
중앙/지방(기관리스트),국민건강보험공단,국민건강보험공단 여수지사,지점,보건복지부,준정부기관(위탁집행형),전라남도 여수시 여서로 86 (웅천동) 여수지사,061-690-0611,-,061-729-2320,-,-,-
중앙/지방(기관리스트),국민건강보험공단,국민건강보험공단 여주지사,지점,보건복지부,준정부기관(위탁집행형),경기도 여주시 소양로 7 (하동) 국민건강보험공단여주지사,031-880-4111,-,031-229-0730,-,-,-
중앙/지방(기관리스트),국민건강보험공단,국민건강보험공단 영광함평지사,지점,보건복지부,준정부기관(위탁집행형),전라남도 영광군 영광읍 대하길1길 21-15 영광함평지사,061-350-4110,-,061-280-8623,-,-,-
중앙/지방(기관리스트),국민건강보험공단,국민건강보험공단 영등포남부지사,지점,보건복지부,준정부기관(위탁집행형),서울특별시 영등포구 당산로 238 (당산동6가) 영등포남부지사,02-2164-1111,-,02-3275-8201,-,-,-
중앙/지방(기관리스트),국민건강보험공단,국민건강보험공단 영등포북부지사,지점,보건복지부,준정부기관(위탁집행형),서울특별시 영등포구 여의나루로 60 (여의도동) 5층,02-3774-5110,-,02-3275-8761,-,-,-
중앙/지방(기관리스트),국민건강보험공단,국민건강보험공단 영암장흥지사,지점,보건복지부,준정부기관(위탁집행형),전라남도 영암군 영암읍 오리정길 46 영암장흥지사,061-812-0110,-,061-280-8603,-,-,-
중앙/지방(기관리스트),국민건강보험공단,국민건강보험공단 영주봉화지사,지점,보건복지부,준정부기관(위탁집행형),경상북도 영주시 중앙로 56 (영주동) 영주봉화지사,054-917-8110,-,054-820-9720,-,-,-
중앙/지방(기관리스트),국민건강보험공단,국민건강보험공단 영천지사,지점,보건복지부,준정부기관(위탁집행형),경상북도 영천시 중앙동1길 45 (문외동) 영천지사,054-330-0710,-,054-230-3360,-,-,-
중앙/지방(기관리스트),국민건강보험공단,국민건강보험공단 예산지사,지점,보건복지부,준정부기관(위탁집행형),충청남도 예산군 예산읍 벚꽃로 242 예산지사,041-330-5111,-,041-850-4594,-,-,-
중앙/지방(기관리스트),국민건강보험공단,국민건강보험공단 오산지사,지점,보건복지부,준정부기관(위탁집행형),경기도 오산시 수청로 196 (금암동) 국민건강보험공단 오산지사,031-831-0810,-,031-229-0796,-,-,-
중앙/지방(기관리스트),국민건강보험공단,국민건강보험공단 옥천지사,지점,보건복지부,준정부기관(위탁집행형),충청북도 옥천군 옥천읍 옥천로 1563-12 (금구리),043-730-6110,-,043-261-8640,-,-,-
중앙/지방(기관리스트),국민건강보험공단,국민건강보험공단 완도강진지사,지점,보건복지부,준정부기관(위탁집행형),전라남도 강진군 강진읍 초지길 25 완도강진지사,061-430-4610,-,061-280-8585,-,-,-
중앙/지방(기관리스트),국민건강보험공단,국민건강보험공단 용산지사,지점,보건복지부,준정부기관(위탁집행형),"서울특별시 용산구 한강대로30길 25 (한강로2가, 아스테리움 용산) 7층 8층",02-2077-5111,-,02-3275-8541,-,-,-
중앙/지방(기관리스트),국민건강보험공단,국민건강보험공단 용인동부지사,지점,보건복지부,준정부기관(위탁집행형),경기도 용인시 처인구 금령로 36 (김량장동) 5층,031-323-7810,-,031-229-0880,-,-,-
중앙/지방(기관리스트),국민건강보험공단,국민건강보험공단 용인서부지사,지점,보건복지부,준정부기관(위탁집행형),"경기도 용인시 기흥구 죽전로 58 (보정동) 6층, 7층, 8층",031-329-4110,-,031-229-0670,-,-,-
중앙/지방(기관리스트),국민건강보험공단,국민건강보험공단 울산남부지사,지점,보건복지부,준정부기관(위탁집행형),울산광역시 남구 삼산로35번길 26 (신정동) 울산남부지사,052-226-9110,-,052-226-9600,-,-,-
중앙/지방(기관리스트),국민건강보험공단,국민건강보험공단 울산동부지사,지점,보건복지부,준정부기관(위탁집행형),울산광역시 동구 방어진순환도로 1145 (서부동) 4층,052-209-8110,-,052-226-9640,-,-,-
중앙/지방(기관리스트),국민건강보험공단,국민건강보험공단 울산중부지사,지점,보건복지부,준정부기관(위탁집행형),울산광역시 중구 구교로 41 (학산동) 울산중부지사,052-241-0110,-,052-226-9620,-,-,-
중앙/지방(기관리스트),국민건강보험공단,국민건강보험공단 울주지사,지점,보건복지부,준정부기관(위탁집행형),울산광역시 남구 북부순환도로44번길 23 (무거동) 4층,052-220-7110,-,052-226-9660,-,-,-
중앙/지방(기관리스트),국민건강보험공단,국민건강보험공단 울진영덕지사,지점,보건복지부,준정부기관(위탁집행형),경상북도 영덕군 영덕읍 영덕로 135 울진영덕지사,054-730-2110,-,054-820-9764,-,-,-
중앙/지방(기관리스트),국민건강보험공단,국민건강보험공단 원주횡성지사,지점,보건복지부,준정부기관(위탁집행형),강원특별자치도 원주시 만대공원길 14-6 (무실동) 원주횡성지사,033-749-9110,-,033-749-6200,-,-,-
중앙/지방(기관리스트),국민건강보험공단,국민건강보험공단 은평지사,지점,보건복지부,준정부기관(위탁집행형),서울특별시 은평구 통일로71길 16 (대조동) 은평지사,02-2011-1112,-,02-3275-8601,-,-,-
중앙/지방(기관리스트),국민건강보험공단,국민건강보험공단 음성지사,지점,보건복지부,준정부기관(위탁집행형),충청북도 음성군 음성읍 음성로 114 음성지사,043-870-0111,-,043-849-8864,-,-,-
중앙/지방(기관리스트),국민건강보험공단,국민건강보험공단 의성군위지사,지점,보건복지부,준정부기관(위탁집행형),경상북도 의성군 의성읍 북원3길 3 의성군위지사,054-830-0110,-,054-820-9744,-,-,-
중앙/지방(기관리스트),국민건강보험공단,국민건강보험공단 의왕지사,지점,보건복지부,준정부기관(위탁집행형),경기도 의왕시 경수대로 413 (오전동) 4층 5층,031-687-0110,-,031-229-0630,-,-,-
중앙/지방(기관리스트),국민건강보험공단,국민건강보험공단 의정부지사,지점,보건복지부,준정부기관(위탁집행형),경기도 의정부시 금오로 64 (금오동) 금오동 138-2,031-828-9110,-,031-828-8200,-,-,-
중앙/지방(기관리스트),국민건강보험공단,국민건강보험공단 이천지사,지점,보건복지부,준정부기관(위탁집행형),경기도 이천시 증신로 65 (갈산동) 갈산동,031-644-0110,-,031-229-0750,-,-,-
중앙/지방(기관리스트),국민건강보험공단,국민건강보험공단 익산지사,지점,보건복지부,준정부기관(위탁집행형),전라북도 익산시 고봉로 285 (영등동) 익산지사,063-840-8510,-,063-279-1740,-,-,-
중앙/지방(기관리스트),국민건강보험공단,국민건강보험공단 인천경기지역본부,지점,보건복지부,준정부기관(위탁집행형),경기도 수원시 팔달구 권선로 741 (인계동) 3층 경영지원부,1577-1000,-,031-229-0415,bk.kim7@nhis.or.kr,-,-
중앙/지방(기관리스트),국민건강보험공단,국민건강보험공단 인천계양지사,지점,보건복지부,준정부기관(위탁집행형),인천광역시 계양구 장제로 804 (계산동) 11층 12층,032-550-6110,-,032-870-4320,-,-,-
중앙/지방(기관리스트),국민건강보험공단,국민건강보험공단 인천남동지사,지점,보건복지부,준정부기관(위탁집행형),인천광역시 남동구 논현로46번길 23 (논현동) 9층,032-452-7111,-,032-870-4340,-,-,-
중앙/지방(기관리스트),국민건강보험공단,국민건강보험공단 인천남부지사,지점,보건복지부,준정부기관(위탁집행형),인천광역시 미추홀구 인주대로 368 (주안동) 인천남부지사,032-870-4110,-,032-870-4300,-,-,-
중앙/지방(기관리스트),국민건강보험공단,국민건강보험공단 인천부평지사,지점,보건복지부,준정부기관(위탁집행형),인천광역시 부평구 안남로434번길 11 (청천동) 부평지사,032-509-4111,-,032-870-4400,-,-,-
중앙/지방(기관리스트),국민건강보험공단,국민건강보험공단 인천서부지사,지점,보건복지부,준정부기관(위탁집행형),인천광역시 서구 청라에메랄드로 94 (청라동) 5층 9층 10층,032-560-9111,-,032-870-4380,-,-,-
중앙/지방(기관리스트),국민건강보험공단,국민건강보험공단 인천중부지사,지점,보건복지부,준정부기관(위탁집행형),"인천광역시 중구 인중로 96 (신흥동2가, 신흥동누리타워) 5층",032-770-7111,-,032-870-4360,-,-,-
중앙/지방(기관리스트),국민건강보험공단,국민건강보험공단 일산병원,지점,보건복지부,준정부기관(위탁집행형),경기도 고양시 일산동구 일산로 100 (백석동) 국민건강보험공단 일산병원,031-900-0114,-,031-900-0049,-,-,-
중앙/지방(기관리스트),국민건강보험공단,국민건강보험공단 장성담양지사,지점,보건복지부,준정부기관(위탁집행형),전라남도 장성군 장성읍 역전로 205 장성담양지사,061-399-0110,-,061-729-2340,-,-,-
중앙/지방(기관리스트),국민건강보험공단,국민건강보험공단 전주남부지사,지점,보건복지부,준정부기관(위탁집행형),전라북도 전주시 완산구 서신천변12길 9 (서신동) 전주남부지사,063-279-1110,-,063-279-1720,-,-,-
중앙/지방(기관리스트),국민건강보험공단,국민건강보험공단 전주북부지사,지점,보건복지부,준정부기관(위탁집행형),전라북도 전주시 완산구 현무1길 34 (경원동3가) 전주북부지사,063-230-2111,-,063-279-1700,-,-,-
중앙/지방(기관리스트),국민건강보험공단,국민건강보험공단 정읍지사,지점,보건복지부,준정부기관(위탁집행형),전라북도 정읍시 수성5로 13 (수성동) 정읍지사,063-530-2510,-,063-279-1780,-,-,-
중앙/지방(기관리스트),국민건강보험공단,국민건강보험공단 제주지사,지점,보건복지부,준정부기관(위탁집행형),제주특별자치도 제주시 중앙로 353 (이도이동) 제주지사,064-740-1110,-,064-750-0900,-,-,-
중앙/지방(기관리스트),국민건강보험공단,국민건강보험공단 제천단양지사,지점,보건복지부,준정부기관(위탁집행형),충청북도 제천시 명륜로 80 (의림동) 제천지사,043-922-0110,-,043-849-8820,-,-,-
중앙/지방(기관리스트),국민건강보험공단,국민건강보험공단 종로지사,지점,보건복지부,준정부기관(위탁집행형),서울특별시 종로구 청계천로 35 (서린동) 15-16층,02-2171-1111,-,02-3275-8281,-,-,-
중앙/지방(기관리스트),국민건강보험공단,국민건강보험공단 중구지사,지점,보건복지부,준정부기관(위탁집행형),서울특별시 중구 소공로 70 (충무로1가) 8층,02-2010-6111,-,02-3275-8341,-,-,-
중앙/지방(기관리스트),국민건강보험공단,국민건강보험공단 중랑지사,지점,보건복지부,준정부기관(위탁집행형),서울특별시 중랑구 면목로 310 (면목동) 8층,02-2204-8110,-,02-3275-8581,-,-,-
중앙/지방(기관리스트),국민건강보험공단,국민건강보험공단 진안지사,지점,보건복지부,준정부기관(위탁집행형),전라북도 진안군 진안읍 학천변길 33 진안지사,063-430-9110,-,063-279-1864,-,-,-
중앙/지방(기관리스트),국민건강보험공단,국민건강보험공단 진주산청지사,지점,보건복지부,준정부기관(위탁집행형),경상남도 진주시 소호로 112 (충무공동) 진주산청지사,055-740-5111,-,055-740-9800,-,-,-
중앙/지방(기관리스트),국민건강보험공단,국민건강보험공단 진천지사,지점,보건복지부,준정부기관(위탁집행형),충청북도 진천군 진천읍 원덕로 252 진천지사,043-531-2110,-,043-261-8664,-,-,-
중앙/지방(기관리스트),국민건강보험공단,국민건강보험공단 창원마산지사,지점,보건복지부,준정부기관(위탁집행형),경상남도 창원시 마산회원구 3·15대로 666 (석전동) 창원마산지사,055-250-6210,-,055-212-9040,-,-,-
중앙/지방(기관리스트),국민건강보험공단,국민건강보험공단 창원중부지사,지점,보건복지부,준정부기관(위탁집행형),경상남도 창원시 성산구 창이대로532번길 46 (신월동) 창원중부지사,055-211-0110,-,055-212-9000,-,-,-
중앙/지방(기관리스트),국민건강보험공단,국민건강보험공단 창원진해지사,지점,보건복지부,준정부기관(위탁집행형),경상남도 창원시 진해구 풍호로 41 (자은동) 창원진해지사,055-540-1110,-,055-212-9120,-,-,-
중앙/지방(기관리스트),국민건강보험공단,국민건강보험공단 천안지사,지점,보건복지부,준정부기관(위탁집행형),충청남도 천안시 동남구 청수8로 51 (청당동) 청당동,041-570-9110,-,041-850-4420,-,-,-
중앙/지방(기관리스트),국민건강보험공단,국민건강보험공단 청주동부지사,지점,보건복지부,준정부기관(위탁집행형),충청북도 청주시 서원구 사직대로 308-12 (사직동) 청주동부지사,043-270-9710,-,043-261-8600,-,-,-
중앙/지방(기관리스트),국민건강보험공단,국민건강보험공단 청주서부지사,지점,보건복지부,준정부기관(위탁집행형),충청북도 청주시 흥덕구 직지대로 757 (운천동) 운천동,043-269-7010,-,043-261-8620,-,-,-
중앙/지방(기관리스트),국민건강보험공단,국민건강보험공단 춘천지사,지점,보건복지부,준정부기관(위탁집행형),강원특별자치도 춘천시 공지로494번길 4 (근화동) 춘천지사,033-250-9811,-,033-749-9500,-,-,-
중앙/지방(기관리스트),국민건강보험공단,국민건강보험공단 충주지사,지점,보건복지부,준정부기관(위탁집행형),충청북도 충주시 금제13길 6 (금릉동) 충주지사,043-849-7710,-,043-849-8800,-,-,-
중앙/지방(기관리스트),국민건강보험공단,국민건강보험공단 칠곡지사,지점,보건복지부,준정부기관(위탁집행형),경상북도 칠곡군 왜관읍 석전로 41 칠곡지사,054-979-0110,-,054-440-0520,-,-,-
중앙/지방(기관리스트),국민건강보험공단,국민건강보험공단 태백정선지사,지점,보건복지부,준정부기관(위탁집행형),강원특별자치도 태백시 황지로 72 (황지동) 태백정선지사,033-580-6110,-,033-650-5863,-,-,-
중앙/지방(기관리스트),국민건강보험공단,국민건강보험공단 통영고성지사,지점,보건복지부,준정부기관(위탁집행형),경상남도 통영시 광도면 죽림4로 8 통영고성지사,055-650-8110,-,055-740-9820,-,-,-
중앙/지방(기관리스트),국민건강보험공단,국민건강보험공단 파주지사,지점,보건복지부,준정부기관(위탁집행형),경기도 파주시 쇠재로 10 (금촌동) 금촌동,031-956-0110,-,031-828-8240,-,-,-
중앙/지방(기관리스트),국민건강보험공단,국민건강보험공단 평창영월지사,지점,보건복지부,준정부기관(위탁집행형),강원특별자치도 평창군 평창읍 종부로 75 평창영월지사,033-339-9111,-,033-650-5903,-,-,-
중앙/지방(기관리스트),국민건강보험공단,국민건강보험공단 평택지사,지점,보건복지부,준정부기관(위탁집행형),경기도 평택시 고덕갈평5길 27 (고덕동) 평택지사,031-612-5310,-,031-229-0810,-,-,-
중앙/지방(기관리스트),국민건강보험공단,국민건강보험공단 포천지사,지점,보건복지부,준정부기관(위탁집행형),경기도 포천시 소흘읍 솔모루로 15 삼안빌딩 4층,031-540-3110,-,031-828-8320,-,-,-
중앙/지방(기관리스트),국민건강보험공단,국민건강보험공단 포항남부지사,지점,보건복지부,준정부기관(위탁집행형),경상북도 포항시 남구 희망대로 833 (대도동) 포항남부지사,054-280-4110,-,054-230-3320,-,-,-
중앙/지방(기관리스트),국민건강보험공단,국민건강보험공단 포항북부지사,지점,보건복지부,준정부기관(위탁집행형),경상북도 포항시 북구 삼호로8번길 4 (덕산동) 포항북부지사,054-230-2110,-,054-230-3300,-,-,-
중앙/지방(기관리스트),국민건강보험공단,국민건강보험공단 하남지사,지점,보건복지부,준정부기관(위탁집행형),"경기도 하남시 덕풍서로 84 (덕풍동) 하남농협 2층, 6층",031-8026-0210,-,031-229-0850,-,-,-
중앙/지방(기관리스트),국민건강보험공단,국민건강보험공단 하동남해지사,지점,보건복지부,준정부기관(위탁집행형),경상남도 하동군 하동읍 경서대로 114 하동남해지사,055-880-0110,-,055-740-9883,-,-,-
중앙/지방(기관리스트),국민건강보험공단,국민건강보험공단 함안의령지사,지점,보건복지부,준정부기관(위탁집행형),경상남도 함안군 가야읍 충무길 41 함안의령지사,055-589-0110,-,055-212-9144,-,-,-
중앙/지방(기관리스트),국민건강보험공단,국민건강보험공단 해남진도지사,지점,보건복지부,준정부기관(위탁집행형),전라남도 해남군 해남읍 영빈로 71 해남진도지사,061-530-8110,-,061-280-8520,-,-,-
중앙/지방(기관리스트),국민건강보험공단,국민건강보험공단 해운대지사,지점,보건복지부,준정부기관(위탁집행형),부산광역시 해운대구 해운대로349번길 13 (우동) 해운대지사,051-749-8110,-,051-801-4470,-,-,-
중앙/지방(기관리스트),국민건강보험공단,국민건강보험공단 홍성지사,지점,보건복지부,준정부기관(위탁집행형),충청남도 홍성군 홍성읍 의사로36번길 38 홍성지사,041-630-4710,-,041-850-4584,-,-,-
중앙/지방(기관리스트),국민건강보험공단,국민건강보험공단 홍천지사,지점,보건복지부,준정부기관(위탁집행형),강원특별자치도 홍천군 홍천읍 홍천로 645 국민건강보험공단 홍천지사,033-430-8610,-,033-749-9520,-,-,-
중앙/지방(기관리스트),국민건강보험공단,국민건강보험공단 화성지사,지점,보건복지부,준정부기관(위탁집행형),경기도 화성시 병점2로 6 (병점동) 금강빌딩 3층,031-547-7810,-,031-229-0650,-,-,-
중앙/지방(기관리스트),국민건강보험공단,국민건강보험공단 화순지사,지점,보건복지부,준정부기관(위탁집행형),전라남도 화순군 화순읍 진각로 141 화순지사,061-370-9510,-,061-729-2404,-,-,-
중앙/지방(기관리스트),국민건강보험공단 일산병원,국민건강보험공단 일산병원,본점,보건복지부,준정부기관(위탁집행형),경기도 고양시 일산동구 일산로 100 (백석동) 국민건강보험공단 일산병원,1577-0013,1577-0013,031-900-0049,-,-,-
중앙/지방(기관리스트),국민연금공단,국민연금공단,본점,보건복지부,준정부기관(기금관리형),전라북도 전주시 덕진구 기지로 180 (만성동) 국민연금공단,063-713-6900,1355,-,-,-,-
중앙/지방(기관리스트),국민연금공단,국민연금공단 가평상담센터,지점,보건복지부,준정부기관(기금관리형),경기도 가평군 가평읍 가화로 104-1 해성당 2층,031-8078-7101,-,031-8078-7109,-,-,-
중앙/지방(기관리스트),국민연금공단,국민연금공단 강남역삼지사,지점,보건복지부,준정부기관(기금관리형),서울특별시 강남구 테헤란로 306 (역삼동) 카이트타워 8층,02-2186-4007,-,02-3485-2882,-,-,-
중앙/지방(기관리스트),국민연금공단,국민연금공단 강동하남지사,지점,보건복지부,준정부기관(기금관리형),서울특별시 강동구 천호대로 1102 (성내동) 강동웨딩KDW 8층,02-480-8873,-,02-3485-2760,-,-,-
중앙/지방(기관리스트),국민연금공단,국민연금공단 강릉지사,지점,보건복지부,준정부기관(기금관리형),강원도 강릉시 경강로2224번길 12 (포남동) 강릉지사,033-640-9303,-,033-249-8103,-,-,-
중앙/지방(기관리스트),국민연금공단,국민연금공단 강서지사,지점,보건복지부,준정부기관(기금관리형),서울특별시 강서구 강서로 463 (마곡동) 새싹타워 3층,02-2086-7133,-,02-3485-2820,-,-,-
중앙/지방(기관리스트),국민연금공단,국민연금공단 강화상담센터,지점,보건복지부,준정부기관(기금관리형),인천광역시 강화군 강화읍 강화대로404번길 7 (그랑프리) 그랑프리빌딩 207호,032-710-4710,-,032-303-2345,-,-,-
중앙/지방(기관리스트),국민연금공단,국민연금공단 거제상담센터,지점,보건복지부,준정부기관(기금관리형),경상남도 거제시 서문로6길 1 (고현동) 3층,055-638-5093,-,055-600-8329,-,-,-
중앙/지방(기관리스트),국민연금공단,국민연금공단 거창지사,지점,보건복지부,준정부기관(기금관리형),경상남도 거창군 거창읍 소만3길 56 국민연금거창사옥 국민연금공단 거창지사,055-940-4510,-,055-600-8201,-,-,-
중앙/지방(기관리스트),국민연금공단,국민연금공단 경기광주지사,지점,보건복지부,준정부기관(기금관리형),경기도 광주시 광주대로 214-1 (송정동) 정민빌딩 2층,031-8026-3031,-,031-798-4021,-,-,-
중앙/지방(기관리스트),국민연금공단,국민연금공단 경산청도지사,지점,보건복지부,준정부기관(기금관리형),경상북도 경산시 경산로 154 (사정동) KT경산지사 6층,053-722-5010,-,053-288-7121,-,-,-
중앙/지방(기관리스트),국민연금공단,국민연금공단 경인지역본부,지점,보건복지부,준정부기관(기금관리형),"경기도 수원시 팔달구 효원로307번길 19 (인계동) 국민연금수원사옥 3,4,9층",031-229-4171,-,031-303-2080,-,-,-
중앙/지방(기관리스트),국민연금공단,국민연금공단 경주영천지사,지점,보건복지부,준정부기관(기금관리형),경상북도 경주시 화랑로 125 (성동동) KT경주지사 4층,054-770-3922,-,054-613-5000,-,-,-
중앙/지방(기관리스트),국민연금공단,국민연금공단 고양덕양지사,지점,보건복지부,준정부기관(기금관리형),경기도 고양시 덕양구 원흥4로 7 (원흥동) 새마을금고5층,031-927-3251,-,031-303-2361,-,-,-
중앙/지방(기관리스트),국민연금공단,국민연금공단 고양일산지사,지점,보건복지부,준정부기관(기금관리형),경기도 고양시 일산동구 중앙로 1228 (마두동) KT프라자 3층,031-920-5402,-,031-303-2000,-,-,-
중앙/지방(기관리스트),국민연금공단,국민연금공단 고흥상담센터,지점,보건복지부,준정부기관(기금관리형),전라남도 고흥군 고흥읍 여산당촌길 23 산림조합 3층,061-833-8410,-,061-900-7028,-,-,-
중앙/지방(기관리스트),국민연금공단,국민연금공단 공주부여지사,지점,보건복지부,준정부기관(기금관리형),충청남도 공주시 한적2길 27-5 (신관동) 국민연금 공주사옥,041-850-3801,-,041-901-5006,-,-,-
중앙/지방(기관리스트),국민연금공단,국민연금공단 관악지사,지점,보건복지부,준정부기관(기금관리형),서울특별시 관악구 남부순환로 1926 (봉천동) 경동제약빌딩 4층,02-6934-2002,-,02-3485-2790,-,-,-
중앙/지방(기관리스트),국민연금공단,국민연금공단 광명지사,지점,보건복지부,준정부기관(기금관리형),경기도 광명시 철산로 5 (철산동) 융창저축은행 3층,02-2610-2831,-,02-3485-2850,-,-,-
중앙/지방(기관리스트),국민연금공단,국민연금공단 광양상담센터,지점,보건복지부,준정부기관(기금관리형),전라남도 광양시 오류로 5 (중동) KT광양지점 1층,061-817-2001,-,061-900-7030,-,-,-
중앙/지방(기관리스트),국민연금공단,국민연금공단 광주지역본부,지점,보건복지부,준정부기관(기금관리형),"광주광역시 광산구 무진대로 251 (우산동) (국민연금광주사옥 1층,3층)",062-958-2029,-,062-455-3003,-,-,-
중앙/지방(기관리스트),국민연금공단,국민연금공단 구로금천지사,지점,보건복지부,준정부기관(기금관리형),서울특별시 금천구 벚꽃로 286 (가산동) 리더스타워 2층,02-2085-1503,-,02-3485-2800,-,-,-
중앙/지방(기관리스트),국민연금공단,국민연금공단 구리남양주지사,지점,보건복지부,준정부기관(기금관리형),경기도 구리시 경춘로 158 (교문동) 한화생명빌딩 14층,031-550-5802,-,031-303-2020,-,-,-
중앙/지방(기관리스트),국민연금공단,국민연금공단 구미지사,지점,보건복지부,준정부기관(기금관리형),경상북도 구미시 송원동로 5 (송정동) 신한금융투자증권 2층,054-450-8530,-,054-613-5020,-,-,-
중앙/지방(기관리스트),국민연금공단,국민연금공단 군산상담센터,지점,보건복지부,준정부기관(기금관리형),전라북도 군산시 대학로 331 (나운동) 한화생명 3층,063-464-5376,-,063-900-3028,-,-,-
중앙/지방(기관리스트),국민연금공단,국민연금공단 군포의왕지사,지점,보건복지부,준정부기관(기금관리형),경기도 군포시 산본로 404 (산본동) 3층,031-390-8001,-,031-303-2040,-,-,-
중앙/지방(기관리스트),국민연금공단,국민연금공단 기장상담센터,지점,보건복지부,준정부기관(기금관리형),부산광역시 기장군 기장읍 읍내로 92 우리은행 2층,051-722-6955,-,051-910-8009,-,-,-
중앙/지방(기관리스트),국민연금공단,국민연금공단 김제상담센터,지점,보건복지부,준정부기관(기금관리형),전라북도 김제시 동서로 198 (요촌동) KT김제지사 1층,063-544-5817,-,063-544-5820,-,-,-
중앙/지방(기관리스트),국민연금공단,국민연금공단 김천성주지사,지점,보건복지부,준정부기관(기금관리형),경상북도 김천시 시청로 137 (신음동) 김천상공회의소 3층,054-420-1616,-,054-613-5123,-,-,-
중앙/지방(기관리스트),국민연금공단,국민연금공단 김포강화지사,지점,보건복지부,준정부기관(기금관리형),인천광역시 강화군 강화읍 강화대로404번길 7 (그랑프리) 207호,031-8048-1303,-,031-303-2340,-,-,-
중앙/지방(기관리스트),국민연금공단,국민연금공단 김해밀양지사,지점,보건복지부,준정부기관(기금관리형),경상남도 김해시 가락로 58 (부원동) 김해 부원우체국 4층,055-320-8313,-,055-600-8220,-,-,-
중앙/지방(기관리스트),국민연금공단,국민연금공단 김해외국인상담센터,지점,보건복지부,준정부기관(기금관리형),경상남도 김해시 가락로 58 (부원동) 3층,055-320-8400,-,055-600-8224,-,-,-
중앙/지방(기관리스트),국민연금공단,국민연금공단 나주지사,지점,보건복지부,준정부기관(기금관리형),전라남도 나주시 나주로 21 (송월동) KT나주빌딩 별관,061-820-0008,-,061-900-7081,-,-,-
중앙/지방(기관리스트),국민연금공단,국민연금공단 남동연수지사,지점,보건복지부,준정부기관(기금관리형),인천광역시 남동구 성말로 20 (구월동) 국민연금인천사옥3층,032-451-0753,-,032-211-7061,-,-,-
중앙/지방(기관리스트),국민연금공단,국민연금공단 남부산지사,지점,보건복지부,준정부기관(기금관리형),부산광역시 수영구 수영로 688 (광안동) 국민연금 수영사옥 1층,051-793-1091,-,051-910-8000,-,-,-
중앙/지방(기관리스트),국민연금공단,국민연금공단 남울산지사,지점,보건복지부,준정부기관(기금관리형),울산광역시 남구 중앙로 179 (신정동) 한화생명빌딩 4층,052-226-2141,-,052-930-7023,-,-,-
중앙/지방(기관리스트),국민연금공단,국민연금공단 남원순창지사,지점,보건복지부,준정부기관(기금관리형),전라북도 남원시 의총로 116 (동충동) 국민연금 남원순창사옥,063-620-3412,-,063-900-3000,-,-,-
중앙/지방(기관리스트),국민연금공단,국민연금공단 남인천지사,지점,보건복지부,준정부기관(기금관리형),인천광역시 미추홀구 경인로 351 (주안동) 한화생명빌딩 7층,032-770-3503,-,032-211-7002,-,-,-
중앙/지방(기관리스트),국민연금공단,국민연금공단 남해상담센터,지점,보건복지부,준정부기관(기금관리형),경상남도 남해군 남해읍 화전로78번길 3 (북변리),055-864-7696,-,055-600-8289,-,-,-
중앙/지방(기관리스트),국민연금공단,국민연금공단 논산상담센터,지점,보건복지부,준정부기관(기금관리형),충청남도 논산시 중앙로 422 (취암동) KB증권빌딩 6층,041-733-8773,-,041-388-2008,-,-,-
중앙/지방(기관리스트),국민연금공단,국민연금공단 당진상담센터,지점,보건복지부,준정부기관(기금관리형),"충청남도 당진시 시청1로 33 (수청동) 4층 (수청동,상야빌딩)",041-430-8801,-,041-901-5068,-,-,-
중앙/지방(기관리스트),국민연금공단,국민연금공단 대구달성고령지사,지점,보건복지부,준정부기관(기금관리형),대구광역시 달성군 현풍읍 현풍동로 13 KT달성빌딩 3층,053-470-1511,-,053-288-7020,-,-,-
중앙/지방(기관리스트),국민연금공단,국민연금공단 대구수성지사,지점,보건복지부,준정부기관(기금관리형),대구광역시 수성구 달구벌대로 2397 (범어동) KB손해보험 대구빌딩 11층,053-750-9193,-,053-288-7000,-,-,-
중앙/지방(기관리스트),국민연금공단,국민연금공단 대구지역본부,지점,보건복지부,준정부기관(기금관리형),대구광역시 달서구 성서로 419 (이곡동) 국민연금대구사옥2층,053-589-4510,-,053-288-7040,-,-,-
중앙/지방(기관리스트),국민연금공단,국민연금공단 대전지역본부,지점,보건복지부,준정부기관(기금관리형),대전광역시 서구 문정로 6 (탄방동) 국민연금대전사옥,042-480-4873,-,042-388-2001,-,-,-
중앙/지방(기관리스트),국민연금공단,국민연금공단 도봉노원지사,지점,보건복지부,준정부기관(기금관리형),서울특별시 노원구 노해로 502 (상계동) KT노원지사빌딩 8층,02-2211-2804,-,02-3485-2730,-,-,-
중앙/지방(기관리스트),국민연금공단,국민연금공단 동광주지사,지점,보건복지부,준정부기관(기금관리형),광주광역시 동구 금남로 154-1 (금남로5가) 아모레퍼시픽빌딩 8층,062-230-0761,-,062-455-3023,-,-,-
중앙/지방(기관리스트),국민연금공단,국민연금공단 동대구지사,지점,보건복지부,준정부기관(기금관리형),대구광역시 동구 동촌로 1 (입석동) 동대구우체국(경북지방우정청) 5층,053-430-7813,-,053-288-7066,-,-,-
중앙/지방(기관리스트),국민연금공단,국민연금공단 동대문중랑지사,지점,보건복지부,준정부기관(기금관리형),서울특별시 동대문구 왕산로 6 (신설동) 경복빌딩 6층,02-920-0511,-,02-3485-2710,-,-,-
중앙/지방(기관리스트),국민연금공단,국민연금공단 동대전지사,지점,보건복지부,준정부기관(기금관리형),"대전광역시 중구 중앙로 119 (선화동) (선화동, 삼성생명빌딩 14층)",042-720-4011,-,042-388-2022,-,-,-
중앙/지방(기관리스트),국민연금공단,국민연금공단 동두천상담센터,지점,보건복지부,준정부기관(기금관리형),경기도 동두천시 중앙로 260 (생연동) ( KT동두천지사 1층),031-868-9540,-,031-868-9545,-,-,-
중앙/지방(기관리스트),국민연금공단,국민연금공단 동래금정지사,지점,보건복지부,준정부기관(기금관리형),"부산광역시 동래구 명륜로 82 (수안동) 동래사옥 1,2층",051-550-7561,-,051-910-8021,-,-,-
중앙/지방(기관리스트),국민연금공단,국민연금공단 동부산지사,지점,보건복지부,준정부기관(기금관리형),부산광역시 해운대구 센텀남대로 50 (우동) 센텀임페리얼타워 7층,051-610-6313,-,051-910-8141,-,-,-
중앙/지방(기관리스트),국민연금공단,국민연금공단 동울산지사,지점,보건복지부,준정부기관(기금관리형),울산광역시 중구 번영로 470 (반구동) MG새마을금고빌딩 5층 (반구2동 62-2),052-290-6114,-,052-930-7003,-,-,-
중앙/지방(기관리스트),국민연금공단,국민연금공단 동작지사,지점,보건복지부,준정부기관(기금관리형),서울특별시 동작구 노량진로 100 (노량진동) CTS 멀티미디어센터빌딩 8층,02-6935-8403,-,02-3485-2910,-,-,-
중앙/지방(기관리스트),국민연금공단,국민연금공단 마산지사,지점,보건복지부,준정부기관(기금관리형),경상남도 창원시 마산회원구 3·15대로 700 (석전동) 한화생명빌딩 11층,055-290-4522,-,055-600-8241,-,-,-
중앙/지방(기관리스트),국민연금공단,국민연금공단 목포지사,지점,보건복지부,준정부기관(기금관리형),전라남도 목포시 영산로 118 (호남동) KT목포지사 6층,061-240-3311,-,061-900-7002,-,-,-
중앙/지방(기관리스트),국민연금공단,국민연금공단 무안상담센터,지점,보건복지부,준정부기관(기금관리형),전라남도 무안군 무안읍 무안로 435 KT 1층,061-876-7060,-,061-900-7011,-,-,-
중앙/지방(기관리스트),국민연금공단,국민연금공단 문경지사,지점,보건복지부,준정부기관(기금관리형),경상북도 문경시 매봉로 45 (모전동) 국민연금 문경회관,054-550-3301,-,054-613-5040,-,-,-
중앙/지방(기관리스트),국민연금공단,국민연금공단 밀양상담센터,지점,보건복지부,준정부기관(기금관리형),경상남도 밀양시 중앙로 413 (내이동) 4층,055-356-3801,-,055-600-8228,-,-,-
중앙/지방(기관리스트),국민연금공단,국민연금공단 보령지사,지점,보건복지부,준정부기관(기금관리형),충청남도 보령시 동현로 27 (동대동) 국민연금사옥,041-930-6602,-,041-901-5028,-,-,-
중앙/지방(기관리스트),국민연금공단,국민연금공단 봉담상담센터,지점,보건복지부,준정부기관(기금관리형),경기도 화성시 봉담읍 삼천병마로 1268 4층 (황현빌딩),031-354-4663,-,031-303-2268,-,-,-
중앙/지방(기관리스트),국민연금공단,국민연금공단 부산사상지사,지점,보건복지부,준정부기관(기금관리형),부산광역시 사상구 사상로181번길 10 (괘법동) 하이에어코리아빌딩 2층,051-792-5311,-,051-910-8060,-,-,-
중앙/지방(기관리스트),국민연금공단,국민연금공단 부산지역본부,지점,보건복지부,준정부기관(기금관리형),"부산광역시 연제구 중앙대로 1000 (연산동) (연산동, 국민연금 부산사옥 4층)",051-797-7091,-,051-910-8050,-,-,-
중앙/지방(기관리스트),국민연금공단,국민연금공단 부여상담센터,지점,보건복지부,준정부기관(기금관리형),충청남도 부여군 부여읍 부장대로 64 (구아리) 부여신협 2층,041-833-3870,-,041-901-5008,-,-,-
중앙/지방(기관리스트),국민연금공단,국민연금공단 부천지사,지점,보건복지부,준정부기관(기금관리형),경기도 부천시 신흥로 179 (중동) 한화생명빌딩 12층 (중1동) 국민연금 부천지사,032-610-2302,-,032-211-7083,-,-,-
중앙/지방(기관리스트),국민연금공단,국민연금공단 부평계양지사,지점,보건복지부,준정부기관(기금관리형),"인천광역시 부평구 부평대로 75 (부평동) 한화생명빌딩 15층 (구, 대한생명)",032-500-8103,-,032-211-7021,-,-,-
중앙/지방(기관리스트),국민연금공단,국민연금공단 북광주지사,지점,보건복지부,준정부기관(기금관리형),광주광역시 북구 무등로 239 (중흥동) 한국시멘트빌딩 10층,062-520-8134,-,062-455-3040,-,-,-
중앙/지방(기관리스트),국민연금공단,국민연금공단 북대전지사,지점,보건복지부,준정부기관(기금관리형),대전광역시 대덕구 한밭대로 1027 (오정동) 우성빌딩 4층,042-670-1002,-,042-388-2040,-,-,-
중앙/지방(기관리스트),국민연금공단,국민연금공단 북부산지사,지점,보건복지부,준정부기관(기금관리형),부산광역시 북구 기찰로 12 (덕천동) 이수타워 4층 (북구 덕천2동 396-4 ),051-603-1103,-,051-910-8060,-,-,-
중앙/지방(기관리스트),국민연금공단,국민연금공단 북수원지사,지점,보건복지부,준정부기관(기금관리형),경기도 수원시 장안구 수성로350번길 30 (영화동) KT수원지사 빌딩 별관 2층,031-8007-2203,-,031-303-2321,-,-,-
중앙/지방(기관리스트),국민연금공단,국민연금공단 사천남해지사,지점,보건복지부,준정부기관(기금관리형),경상남도 사천시 용현면 대밭담로 13 사천남해지사,055-830-0815,-,055-600-8340,-,-,-
중앙/지방(기관리스트),국민연금공단,국민연금공단 삼척지사,지점,보건복지부,준정부기관(기금관리형),강원도 삼척시 하실길 58 (교동) 삼척지사,033-571-2128,-,033-249-8123,-,-,-
중앙/지방(기관리스트),국민연금공단,국민연금공단 상주상담센터,지점,보건복지부,준정부기관(기금관리형),경상북도 상주시 삼백로 147 (서성동) 대웅빌딩 2층,054-533-7193,-,054-613-5044,-,-,-
중앙/지방(기관리스트),국민연금공단,국민연금공단 서귀포지사,지점,보건복지부,준정부기관(기금관리형),제주특별자치도 서귀포시 일주동로 8532 (동홍동) 서귀포시농협(축협 )5층,064-800-4516,-,064-720-5721,-,-,-
중앙/지방(기관리스트),국민연금공단,국민연금공단 서대구지사,지점,보건복지부,준정부기관(기금관리형),대구광역시 북구 고성로 141 (고성동3가) (KT 북대구지사 1~2층) 국민연금공단 서대구지사,053-380-3011,-,053-288-7080,-,-,-
중앙/지방(기관리스트),국민연금공단,국민연금공단 서부산지사,지점,보건복지부,준정부기관(기금관리형),부산광역시 사하구 낙동남로 1427 (하단동) (삼성전자빌딩 10층),051-290-3515,-,051-910-8080,-,-,-
중앙/지방(기관리스트),국민연금공단,국민연금공단 서산태안지사,지점,보건복지부,준정부기관(기금관리형),충청남도 서산시 호수공원3로 60 (예천동) 동일타워 4층,041-419-3011,-,041-901-5081,-,-,-
중앙/지방(기관리스트),국민연금공단,국민연금공단 서울남부지역본부,지점,보건복지부,준정부기관(기금관리형),서울특별시 강남구 도산대로 128 (논현동) 국민연금강남사옥 1~3층,02-3416-6010,-,02-3485-2770,-,-,-
중앙/지방(기관리스트),국민연금공단,국민연금공단 서울북부지역본부,지점,보건복지부,준정부기관(기금관리형),서울특별시 서대문구 충정로 36 (충정로3가) 국민연금 충정로사옥 9층,02-2176-9902,-,02-3485-2840,-,-,-
중앙/지방(기관리스트),국민연금공단,국민연금공단 서인천지사,지점,보건복지부,준정부기관(기금관리형),인천광역시 서구 서곶로 284 (심곡동) 3층,032-560-0502,-,032-211-7040,-,-,-
중앙/지방(기관리스트),국민연금공단,국민연금공단 서천상담센터,지점,보건복지부,준정부기관(기금관리형),충청남도 서천군 서천읍 사곡안길 1 (사곡리) KT서천빌딩 1층,041-951-9581,-,041-901-5029,-,-,-
중앙/지방(기관리스트),국민연금공단,국민연금공단 서초지사,지점,보건복지부,준정부기관(기금관리형),서울특별시 서초구 강남대로 213 (양재동) 엘타워 3층,02-3415-0302,-,02-3485-2703,-,-,-
중앙/지방(기관리스트),국민연금공단,국민연금공단 성남지사,지점,보건복지부,준정부기관(기금관리형),경기도 성남시 분당구 양현로 322 (야탑동) 코리아디자인센터 4층,031-778-0302,-,031-303-2060,-,-,-
중앙/지방(기관리스트),국민연금공단,국민연금공단 성동광진지사,지점,보건복지부,준정부기관(기금관리형),서울특별시 광진구 아차산로 563 (광장동) 대한제지사옥 3층,02-3408-6703,-,02-3485-2741,-,-,-
중앙/지방(기관리스트),국민연금공단,국민연금공단 성북강북지사,지점,보건복지부,준정부기관(기금관리형),"서울특별시 강북구 도봉로 314 (번동) 삼성화재빌딩 6,7층",02-901-2805,-,02-3485-2720,-,-,-
중앙/지방(기관리스트),국민연금공단,국민연금공단 성주상담센터,지점,보건복지부,준정부기관(기금관리형),경상북도 성주군 성주읍 성산3길 7 가톨릭정형외과 3층,054-931-8172,-,054-613-5125,-,-,-
중앙/지방(기관리스트),국민연금공단,국민연금공단 세종지사,지점,보건복지부,준정부기관(기금관리형),세종특별자치시 한누리대로 486 (어진동) NH농협 세종통합센터 3층,044-715-1612,-,044-715-1001,-,-,-
중앙/지방(기관리스트),국민연금공단,국민연금공단 속초상담센터,지점,보건복지부,준정부기관(기금관리형),강원도 속초시 동해대로 4024 (조양동) 제일프라자 505호,033-637-8121,-,031-249-8119,-,-,-
중앙/지방(기관리스트),국민연금공단,국민연금공단 송파지사,지점,보건복지부,준정부기관(기금관리형),서울특별시 송파구 올림픽로35다길 13 (신천동) 국민연금 잠실사옥 6층,02-3433-5813,-,02-3485-2750,-,-,-
중앙/지방(기관리스트),국민연금공단,국민연금공단 수지상담센터,지점,보건복지부,준정부기관(기금관리형),경기도 용인시 수지구 문정로 40 (풍덕천동) 성보빌딩 4층,031-276-6456,-,031-276-6460,-,-,-
중앙/지방(기관리스트),국민연금공단,국민연금공단 순천지사,지점,보건복지부,준정부기관(기금관리형),전라남도 순천시 팔마로 334 (연향동) 국민연금공단 순천지사,061-729-3002,-,061-900-7020,-,-,-
중앙/지방(기관리스트),국민연금공단,국민연금공단 시흥지사,지점,보건복지부,준정부기관(기금관리형),경기도 시흥시 정왕대로 188 (정왕동) 한국산업은행 5층,031-488-2711,-,031-303-2100,-,-,-
중앙/지방(기관리스트),국민연금공단,국민연금공단 아산지사,지점,보건복지부,준정부기관(기금관리형),"충청남도 아산시 충무로 22 (온천동) 유엘시티 2,3층",041-420-2315,-,041-901-5100,-,-,-
중앙/지방(기관리스트),국민연금공단,국민연금공단 안동지사,지점,보건복지부,준정부기관(기금관리형),경상북도 안동시 광명로 211 (옥동) 국민연금안동사옥,054-850-9010,-,054-613-5060,-,-,-
중앙/지방(기관리스트),국민연금공단,국민연금공단 안산외국인상담센터,지점,보건복지부,준정부기관(기금관리형),경기도 안산시 단원구 광덕대로 258 (고잔동) 3층,031-365-3082,-,031-303-2135,-,-,-
중앙/지방(기관리스트),국민연금공단,국민연금공단 안산지사,지점,보건복지부,준정부기관(기금관리형),경기도 안산시 단원구 광덕대로 259 (고잔동) 삼성화재 2층,031-481-7703,-,031-303-2120,-,-,-
중앙/지방(기관리스트),국민연금공단,국민연금공단 안성상담센터,지점,보건복지부,준정부기관(기금관리형),경기도 안성시 중앙로411번길 8 (영동) (성민빌딩 6층),031-671-6917,-,031-671-6920,-,-,-
중앙/지방(기관리스트),국민연금공단,국민연금공단 안양과천지사,지점,보건복지부,준정부기관(기금관리형),경기도 안양시 동안구 시민대로 180 (호계동) 지스퀘어 20층,031-420-2002,-,031-303-2143,-,-,-
중앙/지방(기관리스트),국민연금공단,국민연금공단 양산지사,지점,보건복지부,준정부기관(기금관리형),"경상남도 양산시 물금읍 청운로 358 (국민연금 양산사옥) 1,3층",055-371-1562,-,055-600-8260,-,-,-
중앙/지방(기관리스트),국민연금공단,국민연금공단 양천지사,지점,보건복지부,준정부기관(기금관리형),서울특별시 양천구 목동동로 81 (신정동) 해누리타운 9층,02-6345-9002,-,02-3485-2857,-,-,-
중앙/지방(기관리스트),국민연금공단,국민연금공단 양평상담센터,지점,보건복지부,준정부기관(기금관리형),경기도 양평군 양평읍 양근로 177 1층,031-775-5701,-,031-303-2039,-,-,-
중앙/지방(기관리스트),국민연금공단,국민연금공단 여수지사,지점,보건복지부,준정부기관(기금관리형),전라남도 여수시 공화북2길 24 (공화동) 국민연금 여수회관,061-660-5531,-,061-900-7045,-,-,-
중앙/지방(기관리스트),국민연금공단,국민연금공단 여주상담센터,지점,보건복지부,준정부기관(기금관리형),경기도 여주시 세종로 31 (홍문동) (동부빌딩 4층),031-886-8171,-,031-303-2218,-,-,-
중앙/지방(기관리스트),국민연금공단,국민연금공단 영광상담센터,지점,보건복지부,준정부기관(기금관리형),전라남도 영광군 영광읍 신남로 221 중앙빌딩 2층,061-352-9607,-,061-352-9605,-,-,-
중앙/지방(기관리스트),국민연금공단,국민연금공단 영등포지사,지점,보건복지부,준정부기관(기금관리형),서울특별시 영등포구 국회대로 543 (당산동4가) 동양타워 5층,02-2629-2304,-,02-3485-2810,-,-,-
중앙/지방(기관리스트),국민연금공단,국민연금공단 영월상담센터,지점,보건복지부,준정부기관(기금관리형),강원도 영월군 영월읍 하송로 68 청령프라자 3층,033-372-8452,-,031-249-8148,-,-,-
중앙/지방(기관리스트),국민연금공단,국민연금공단 영주봉화지사,지점,보건복지부,준정부기관(기금관리형),경상북도 영주시 선비로 182 (영주동) 2~4층,054-639-8021,-,054-613-5080,-,-,-
중앙/지방(기관리스트),국민연금공단,국민연금공단 영천상담센터,지점,보건복지부,준정부기관(기금관리형),경상북도 영천시 금완로 63 (완산동) 영천상공회의소 2층,054-333-7455,-,054-613-5008,-,-,-
중앙/지방(기관리스트),국민연금공단,국민연금공단 옥천지사,지점,보건복지부,준정부기관(기금관리형),충청북도 옥천군 옥천읍 문장로 96 하나로타워 4층,043-730-2711,-,043-730-2740,-,-,-
중앙/지방(기관리스트),국민연금공단,국민연금공단 완도상담센터,지점,보건복지부,준정부기관(기금관리형),전라남도 완도군 완도읍 군내3번길 24-1 2층,061-555-1083,-,061-900-7068,-,-,-
중앙/지방(기관리스트),국민연금공단,국민연금공단 용산지사,지점,보건복지부,준정부기관(기금관리형),서울특별시 용산구 한강대로 92 (한강로2가) LS용산타워 4층,02-6220-2203,-,02-3485-2871,-,-,-
중앙/지방(기관리스트),국민연금공단,국민연금공단 용인지사,지점,보건복지부,준정부기관(기금관리형),경기도 용인시 처인구 명지로16번길 9-21 (역북동) 용인사옥,031-288-1303,-,031-303-2160,-,-,-
중앙/지방(기관리스트),국민연금공단,국민연금공단 울릉상담센터,지점,보건복지부,준정부기관(기금관리형),경상북도 울릉군 울릉읍 도동길 193 KT 2층,054-791-9660,-,054-613-5110,-,-,-
중앙/지방(기관리스트),국민연금공단,국민연금공단 울주상담센터,지점,보건복지부,준정부기관(기금관리형),"울산광역시 울주군 언양읍 반구대로 813 (남부리121-1, 구 언양파출소 옆)",052-254-1760,-,052-254-1763,-,-,-
중앙/지방(기관리스트),국민연금공단,국민연금공단 울진상담센터,지점,보건복지부,준정부기관(기금관리형),경상북도 울진군 울진읍 읍내8길 25 (KT  3층),054-782-2383,-,054-613-5108,-,-,-
중앙/지방(기관리스트),국민연금공단,국민연금공단 원주지사,지점,보건복지부,준정부기관(기금관리형),강원도 원주시 시청로 32 (무실동) 원주지사,033-749-8403,-,033-249-8140,-,-,-
중앙/지방(기관리스트),국민연금공단,국민연금공단 은평지사,지점,보건복지부,준정부기관(기금관리형),서울특별시 은평구 통일로 742 (불광동) 한화생명빌딩 3층,02-350-5504,-,02-3485-2830,-,-,-
중앙/지방(기관리스트),국민연금공단,국민연금공단 의성상담센터,지점,보건복지부,준정부기관(기금관리형),경상북도 의성군 의성읍 홍술로 172 (주)KT 의성사옥 2층,054-834-9400,-,054-613-5068,-,-,-
중앙/지방(기관리스트),국민연금공단,국민연금공단 의정부지사,지점,보건복지부,준정부기관(기금관리형),경기도 의정부시 시민로 62 (의정부동) 삼성생명빌딩 2층,031-828-3603,-,031-303-2181,-,-,-
중앙/지방(기관리스트),국민연금공단,국민연금공단 이천여주지사,지점,보건복지부,준정부기관(기금관리형),경기도 이천시 이섭대천로 1203 (중리동) 하나빌딩 5층,031-630-7903,-,031-303-2200,-,-,-
중앙/지방(기관리스트),국민연금공단,국민연금공단 익산군산지사,지점,보건복지부,준정부기관(기금관리형),전라북도 익산시 인북로12길 42 (주현동) 국민연금 익산사옥,063-850-0381,-,063-900-3020,-,-,-
중앙/지방(기관리스트),국민연금공단,국민연금공단 인천공항상담센터,지점,보건복지부,준정부기관(기금관리형),인천광역시 중구 공항로 272 (운서동) 1층 입국장 2번 출구,032-743-5005,-,02-3485-9806,-,-,-
중앙/지방(기관리스트),국민연금공단,국민연금공단 임실상담센터,지점,보건복지부,준정부기관(기금관리형),전라북도 임실군 임실읍 운수로 50 삼일빌딩 2층,063-644-1355,-,063-900-3099,-,-,-
중앙/지방(기관리스트),국민연금공단,국민연금공단 전주완주지사,지점,보건복지부,준정부기관(기금관리형),"전라북도 전주시 완산구 온고을로 13 (서신동) 국민연금 전주사옥 1, 3층",063-270-5313,-,063-900-3040,-,-,-
중앙/지방(기관리스트),국민연금공단,국민연금공단 정읍지사,지점,보건복지부,준정부기관(기금관리형),전라북도 정읍시 충정로 97 (상동) 국민연금 정읍사옥,063-530-5812,-,063-900-3060,-,-,-
중앙/지방(기관리스트),국민연금공단,국민연금공단 제주지사,지점,보건복지부,준정부기관(기금관리형),제주특별자치도 제주시 청사로3길 11-1 (도남동) 국민연금 제주지사,064-720-4110,-,064-720-5700,-,-,-
중앙/지방(기관리스트),국민연금공단,국민연금공단 제천상담센터,지점,보건복지부,준정부기관(기금관리형),충청북도 제천시 풍양로 65 (의림동) KT제천지점 2층,043-652-9370,-,043-901-5059,-,-,-
중앙/지방(기관리스트),국민연금공단,국민연금공단 종로중구지사,지점,보건복지부,준정부기관(기금관리형),서울특별시 중구 퇴계로 173 (충무로3가) 남산스퀘어빌딩(구 극동빌딩) 15층,02-397-9524,-,02-3485-2700,-,-,-
중앙/지방(기관리스트),국민연금공단,국민연금공단 중구상담센터,지점,보건복지부,준정부기관(기금관리형),인천광역시 중구 신포로 8 (사동) 경신빌딩 1층,032-773-7561,-,032-211-7008,-,-,-
중앙/지방(기관리스트),국민연금공단,국민연금공단 중부산지사,지점,보건복지부,준정부기관(기금관리형),부산광역시 중구 충장대로 7 (중앙동4가) (교보생명빌딩 3층),051-660-3211,-,051-910-8100,-,-,-
중앙/지방(기관리스트),국민연금공단,국민연금공단 증평지사,지점,보건복지부,준정부기관(기금관리형),"충청북도 증평군 증평읍 중앙로 233 (교동리) KT건물 1,3 층",043-820-7114,-,043-901-5060,-,-,-
중앙/지방(기관리스트),국민연금공단,국민연금공단 진안지사,지점,보건복지부,준정부기관(기금관리형),전라북도 진안군 진안읍 학천변길 25 국민연금 진안사옥,063-430-3502,-,063-900-3080,-,-,-
중앙/지방(기관리스트),국민연금공단,국민연금공단 진주지사,지점,보건복지부,준정부기관(기금관리형),경상남도 진주시 진양호로 356 (신안동) 국민연금공단 진주지사,055-760-0630,-,055-600-8280,-,-,-
중앙/지방(기관리스트),국민연금공단,국민연금공단 진해상담센터,지점,보건복지부,준정부기관(기금관리형),경상남도 창원시 진해구 진해대로 742 (석동) 석동H빌딩 406호,055-716-9891,-,055-600-8010,-,-,-
중앙/지방(기관리스트),국민연금공단,국민연금공단 창원지사,지점,보건복지부,준정부기관(기금관리형),"경상남도 창원시 의창구 중앙대로250번길 4 (신월동) 국민연금창원사옥1층, 4층",055-278-9002,-,055-600-8301,-,-,-
중앙/지방(기관리스트),국민연금공단,국민연금공단 천안지사,지점,보건복지부,준정부기관(기금관리형),충청남도 천안시 동남구 청수6로 60 (청당동) 국민연금공단 천안지사,041-550-8919,-,041-901-5040,-,-,-
중앙/지방(기관리스트),국민연금공단,국민연금공단 청도상담센터,지점,보건복지부,준정부기관(기금관리형),경상북도 청도군 청도읍 고수서4길 15 KT청도지사 3층,054-516-7002,-,054-288-7130,-,-,-
중앙/지방(기관리스트),국민연금공단,국민연금공단 청주지사,지점,보건복지부,준정부기관(기금관리형),충청북도 청주시 상당구 사직대로362번길 20 (서문동) 국민연금청주사옥,043-251-5100,-,043-901-5000,-,-,-
중앙/지방(기관리스트),국민연금공단,국민연금공단 춘천지사,지점,보건복지부,준정부기관(기금관리형),"강원도 춘천시 남춘로 20 (퇴계동) (퇴계동, 국민연금 춘천사옥 5,6층)",033-259-7721,-,033-249-8163,-,-,-
중앙/지방(기관리스트),국민연금공단,국민연금공단 충주지사,지점,보건복지부,준정부기관(기금관리형),충청북도 충주시 국원대로 242 (금릉동) 국민연금충주사옥,043-840-0772,-,043-901-5043,-,-,-
중앙/지방(기관리스트),국민연금공단,국민연금공단 태백상담센터,지점,보건복지부,준정부기관(기금관리형),강원도 태백시 황지로 97 (황지동) 태백상담센터,033-552-6471,-,031-249-8139,-,-,-
중앙/지방(기관리스트),국민연금공단,국민연금공단 통영지사,지점,보건복지부,준정부기관(기금관리형),경상남도 통영시 광도면 신죽3길 16 국민연금 통영사옥,055-650-8503,-,055-600-8320,-,-,-
중앙/지방(기관리스트),국민연금공단,국민연금공단 파주지사,지점,보건복지부,준정부기관(기금관리형),경기도 파주시 새꽃로 1 (금촌동) 파주우체국 3층,031-956-3636,-,031-303-2226,-,-,-
중앙/지방(기관리스트),국민연금공단,국민연금공단 평택안성지사,지점,보건복지부,준정부기관(기금관리형),경기도 평택시 평택2로 34 (평택동) 삼성생명빌딩 5층,031-659-0802,-,031-303-2240,-,-,-
중앙/지방(기관리스트),국민연금공단,국민연금공단 포천철원지사,지점,보건복지부,준정부기관(기금관리형),경기도 포천시 소흘읍 송우로 62 송우웰빙타운 5층,031-540-8012,-,031-303-2284,-,-,-
중앙/지방(기관리스트),국민연금공단,국민연금공단 포항지사,지점,보건복지부,준정부기관(기금관리형),경상북도 포항시 남구 포스코대로 346 (대도동) 국민연금 포항지사(대도동 135-19번지),054-280-0801,-,054-613-5101,-,-,-
중앙/지방(기관리스트),국민연금공단,국민연금공단 합천상담센터,지점,보건복지부,준정부기관(기금관리형),경상남도 합천군 합천읍 대야로 867 4층,055-932-0911,-,055-600-8208,-,-,-
중앙/지방(기관리스트),국민연금공단,국민연금공단 해남지사,지점,보건복지부,준정부기관(기금관리형),전라남도 해남군 해남읍 교육청길 16-16 국민연금 해남사옥,061-530-2303,-,061-900-7060,-,-,-
중앙/지방(기관리스트),국민연금공단,국민연금공단 홍성지사,지점,보건복지부,준정부기관(기금관리형),강원도 홍천군 홍천읍 홍천로 364 (KT홍천사옥 3층) 국민연금홍천지사,041-630-8111,-,041-901-5060,-,-,-
중앙/지방(기관리스트),국민연금공단,국민연금공단 홍천지사,지점,보건복지부,준정부기관(기금관리형),강원도 홍천군 홍천읍 홍천로 364 KT홍천사옥 3층,033-439-5416,-,033-249-8180,-,-,-
중앙/지방(기관리스트),국민연금공단,국민연금공단 화성오산지사,지점,보건복지부,준정부기관(기금관리형),경기도 화성시 병점2로 6 (병점동) 금강빌딩 5층,031-229-6002,-,031-303-2264,-,-,-
중앙/지방(기관리스트),국민연금공단,국민연금공단 횡성상담센터,지점,보건복지부,준정부기관(기금관리형),강원도 횡성군 횡성읍 횡성로 402 (구)횡성축협 3층,033-345-7791,-,031-345-7793,-,-,-
중앙/지방(기관리스트),국방과학연구소,국방과학연구소,본점,방위사업청,기타공공기관,대전광역시 유성구 유성우체국 사서함 35 국방과학연구소,042-822-4271,-,-,-,-,-
중앙/지방(기관리스트),국방기술진흥연구소,국방기술진흥연구소,본점,방위사업청,기타공공기관,경상남도 진주시 사들로123번길 40 (충무공동) 국방기술진흥연구소,055-1326-5428,-,055-751-7600,-,-,-
중앙/지방(기관리스트),국방기술품질원,(부설)국방기술진흥연구소,지점,방위사업청,기타공공기관,경상남도 진주시 사들로123번길 40 (충무공동) 국방기술진흥연구소,055-751-5114,-,-,-,-,-
중앙/지방(기관리스트),국방기술품질원,국방기술품질원,본점,방위사업청,기타공공기관,경상남도 진주시 동진로 420(충무공동) 국방기술품질원,055-751-5114,-,055-751-5266,-,-,-
중앙/지방(기관리스트),국방기술품질원,국방신뢰성연구센터·첨단미래기술센터,지점,방위사업청,기타공공기관,대전광역시 대덕구 산업단지로 70 (상서동) 국방신뢰성시험센터,055-751-5114,-,-,-,-,-
중앙/지방(기관리스트),국방기술품질원,국방종합시험센터,지점,방위사업청,기타공공기관,강원특별자치도 인제군 서화면 천도로 58 국방기술품질원 국방종합시험센터,055-751-5114,-,-,-,-,-
중앙/지방(기관리스트),국방기술품질원,기동화력센터,지점,방위사업청,기타공공기관,경상남도 창원시 성산구 창원대로1137번길 9 (삼정자동) 국방기술품질원 기동화력센터,055-751-5114,-,-,-,-,-
중앙/지방(기관리스트),국방기술품질원,방위산업기술보호센터,지점,방위사업청,기타공공기관,대전광역시 서구 한밭대로 797 (둔산동) 국방기술품질원 방위산업기술보호센터,055-751-5114,-,-,-,-,-
중앙/지방(기관리스트),국방기술품질원,유도탄약센터,지점,방위사업청,기타공공기관,대전광역시 서구 혜천로 72 (복수동) 국방기술품질원 유도탄약센터,055-751-5114,-,-,-,-,-
중앙/지방(기관리스트),국방기술품질원,지휘정찰센터,지점,방위사업청,기타공공기관,대구광역시 수성구 동원로28길 52-8 (만촌동) 국방기술품질원 지휘정찰센터,055-751-5114,-,-,-,-,-
중앙/지방(기관리스트),국방기술품질원,함정센터,지점,방위사업청,기타공공기관,부산광역시 수영구 광일로67번길 46 (광안동) 국방기술품질원 함정센터,055-751-5114,-,-,-,-,-
중앙/지방(기관리스트),국방기술품질원,항공센터·감항인증연구센터,지점,방위사업청,기타공공기관,경상남도 진주시 동진로 420 (충무공동) 국방기술품질원 항공센터/감항인증연구센터,055-751-5114,-,-,-,-,-
중앙/지방(기관리스트),국방전직교육원,국방전직교육원,본점,국방부,기타공공기관,경기도 성남시 수정구 위례대로 83 (창곡동) 국방전직교육원,031-760-9400,-,031-760-9498,moti@moti.or.kr,-,-
중앙/지방(기관리스트),국악방송,국악방송,본점,문화체육관광부,기타공공기관,"서울특별시 마포구 월드컵북로54길 12 (상암동) 7층, 10~12층 국악방송",02-300-9990,-,02-300-9907,-,-,-
중앙/지방(기관리스트),국제방송교류재단,국제방송교류재단,본점,문화체육관광부,기타공공기관,서울특별시 서초구 남부순환로 2351(서초동) 아리랑타워,02-3475-5000,-,-,help@arirang.com,-,-
중앙/지방(기관리스트),국제식물검역인증원,국제식물검역인증원,본점,농림축산식품부,기타공공기관,부산광역시 남구 문현금융로 40 (문현동) 903호,051-600-8008,-,051-600-8080,iyahihu@ipab.or.kr,-,-
중앙/지방(기관리스트),국제식물검역인증원,국제식물검역인증원 광양사무소,지점,농림축산식품부,기타공공기관,"전라남도 광양시 시청로 62 (중동, e편한세상 광양) 101동 204호",061-795-8831,-,061-795-8832,ipab57@ipab.or.kr,-,-
중앙/지방(기관리스트),국제식물검역인증원,국제식물검역인증원 군산사무소,지점,농림축산식품부,기타공공기관,전라북도 군산시 수송로 326 (미장동) 2층,063-464-6170,-,063-464-6171,ipab57@ipab.or.kr,-,-
중앙/지방(기관리스트),국제식물검역인증원,국제식물검역인증원 동해사무소,지점,농림축산식품부,기타공공기관,강원특별자치도 동해시 감추6길 17 (천곡동) 동아빌딩 3층,033-533-3384,-,033-533-3385,ipab57@ipab.or.kr,-,-
중앙/지방(기관리스트),국제식물검역인증원,국제식물검역인증원 부산사무소,지점,농림축산식품부,기타공공기관,부산광역시 사하구 낙동남로 1400 (하단동) 7층,051-464-0750,-,051-464-0751,ipab57@ipab.or.kr,-,-
중앙/지방(기관리스트),국제식물검역인증원,국제식물검역인증원 부산신항사무소,지점,농림축산식품부,기타공공기관,부산광역시 사하구 낙동남로 1400 (하단동) 7층,051-293-0751,-,051-464-0751,ipab57@ipab.or.kr,-,-
중앙/지방(기관리스트),국제식물검역인증원,국제식물검역인증원 울산사무소,지점,농림축산식품부,기타공공기관,"울산광역시 남구 삼산로67번길 32 (달동, 달동 천지 아파트) 2층",052-271-0350,-,052-271-0351,ipab57@ipab.or.kr,-,-
중앙/지방(기관리스트),국제식물검역인증원,국제식물검역인증원 인천사무소,지점,농림축산식품부,기타공공기관,인천광역시 미추홀구 아암대로 101 (용현동) 넥스빌 402호,032-886-9901,-,032-886-9902,ipab57@ipab.or.kr,-,-
중앙/지방(기관리스트),국제식물검역인증원,국제식물검역인증원 평택사무소,지점,농림축산식품부,기타공공기관,경기도 평택시 경기대로 1194 (이충동) 302호,031-663-3378,-,031-665-3379,ipab57@ipab.or.kr,-,-
중앙/지방(기관리스트),국제식물검역인증원,국제식물검역인증원 포항사무소,지점,농림축산식품부,기타공공기관,경상북도 포항시 남구 대이로63번길 3 (대잠동) 2층,054-283-7600,-,054-283-7601,ipab57@ipab.or.kr,-,-
중앙/지방(기관리스트),국토교통과학기술진흥원,국토교통과학기술진흥원,본점,국토교통부,기타공공기관,경기도 안양시 동안구 시민대로 286 (관양동) 송백빌딩 국토교통과학기술진흥원,031-389-6313,-,-,-,-,-
중앙/지방(기관리스트),국토안전관리원,강원지역본부,지점,국토교통부,준정부기관(위탁집행형),강원도 춘천시 춘천로 201 (효자동) 대림프라자 2~5층,1588-8788,-,-,-,-,-
중앙/지방(기관리스트),국토안전관리원,국토안전관리원,본점,국토교통부,준정부기관(위탁집행형),경상남도 진주시 에나로128번길 24 (충무공동) 국토안전관리원,1588-8788,1588-8788,-,-,-,-
중앙/지방(기관리스트),국토안전관리원,국토안전관리원 특수시설관리실 노량분소,지점,국토교통부,준정부기관(위탁집행형),경상남도 하동군 금남면 섬진강대로 61 노량사무소,1588-8788,-,-,-,-,-
중앙/지방(기관리스트),국토안전관리원,국토안전관리원 호남지사 특수교관리실 고흥분소,지점,국토교통부,준정부기관(위탁집행형),전라남도 여수시 화정면 적금뒷등길 45-23 고흥분소,1588-8788,-,-,-,-,-
중앙/지방(기관리스트),국토안전관리원,국토안전관리원 호남지사 특수교관리실 군산분소,지점,국토교통부,준정부기관(위탁집행형),전라북도 군산시 옥도면 고군산로 456 군산분소,1588-8788,-,-,-,-,-
중앙/지방(기관리스트),국토안전관리원,국토안전관리원 호남지사 특수교관리실 목포분소,지점,국토교통부,준정부기관(위탁집행형),전라남도 목포시 고하대로597번길 73 (죽교동) 목포사무소,1588-8788,-,-,-,-,-
중앙/지방(기관리스트),국토안전관리원,국토안전관리원 호남지사 특수교관리실 여수분소,지점,국토교통부,준정부기관(위탁집행형),전라남도 여수시 돌산읍 돌산로 3139 여수사무소,1588-8788,-,-,-,-,-
중앙/지방(기관리스트),국토안전관리원,국토안전관리원 호남지사 특수교관리실 진도분소,지점,국토교통부,준정부기관(위탁집행형),전라남도 해남군 문내면 관광레저로 6 진도분소,1588-8788,-,-,-,-,-
중앙/지방(기관리스트),국토안전관리원,수도권지역본부,지점,국토교통부,준정부기관(위탁집행형),경기도 고양시 일산서구 고양대로 315 (대화동) 국토안전관리원,1588-8788,-,-,-,-,-
중앙/지방(기관리스트),국토안전관리원,영남지역본부,지점,국토교통부,준정부기관(위탁집행형),경상북도 김천시 혁신2로 40 (율곡동) 경복산학연유치지원센터 4층,1588-8788,-,-,-,-,-
중앙/지방(기관리스트),국토안전관리원,충청지역본부,지점,국토교통부,준정부기관(위탁집행형),충청북도 청주시 상당구 상당로 195 (북문로3가) 한화생명보험 청주사옥 2~4층,1588-8788,-,-,-,-,-
중앙/지방(기관리스트),국토안전관리원,호남지역본부,지점,국토교통부,준정부기관(위탁집행형),광주광역시 남구 봉선로 1 (봉선동) 광주남구종합청사 3층,1588-8788,-,-,-,-,-
중앙/지방(기관리스트),국토연구원,국토연구원,본점,국무조정실,기타공공기관,세종특별자치시 국책연구원로 5 (반곡동) 국토연구원,044-960-0114,-,044-211-4760,admin@krihs.re.kr,-,-
중앙/지방(기관리스트),국토연구원,국토연구원 건축도시공간연구소(부설),지점,국무조정실,기타공공기관,세종특별자치시 절재로 194 (어진동) 701호 건축도시공간연구소,044-417-9600,-,044-417-9608,webmaster@auri.re.kr,-,-
중앙/지방(기관리스트),그랜드코리아레저(주),그랜드코리아레저(주),본점,문화체육관광부,공기업(준시장형),서울특별시 강남구 삼성로 610 (삼성동) GKL,02-6421-6000,-,02-6421-6101,prteam@7luck.com,-,-
중앙/지방(기관리스트),그랜드코리아레저(주),그랜드코리아레저(주) 강남코엑스점,지점,문화체육관광부,공기업(준시장형),서울특별시 강남구 테헤란로87길 58 (삼성동) 컨벤션별관,02-3466-6100,-,02-3466-6710,-,-,-
중앙/지방(기관리스트),그랜드코리아레저(주),그랜드코리아레저(주) 부산롯데점,지점,문화체육관광부,공기업(준시장형),부산광역시 부산진구 가야대로 772 (부전동) 부산롯데호텔,051-665-6000,-,051-665-6529,-,-,-
중앙/지방(기관리스트),그랜드코리아레저(주),그랜드코리아레저(주) 서울드래곤시티점,지점,문화체육관광부,공기업(준시장형),서울특별시 용산구 청파로20길 95 (한강로3가) 서울드래곤시티호텔,02-2021-6000,-,02-2021-6129,-,-,-
중앙/지방(기관리스트),극지연구소,극지연구소,본점,해양수산부,기타공공기관,인천광역시 연수구 송도미래로 26 (송도동) 극지연구소,032-770-8400,-,-,-,-,-
중앙/지방(기관리스트),근로복지공단,경인특수형태근로종사자센터,지점,고용노동부,준정부기관(기금관리형),인천광역시 부평구 길주로 635(삼산동) 501호,032-712-0500,-,0502-451-1102,-,-,-
중앙/지방(기관리스트),근로복지공단,근로복지공단,본점,고용노동부,준정부기관(기금관리형),울산광역시 중구 종가로 340 (교동) (교동 131),052-704-7607,1588-0075,0502-267-1130,-,-,-
중앙/지방(기관리스트),근로복지공단,근로복지공단 강릉지사,지점,고용노동부,준정부기관(기금관리형),강원도 강릉시 강릉대로 317 (포남동) 3층,033-640-9141,-,0502-330-1100,-,-,-
중앙/지방(기관리스트),근로복지공단,근로복지공단 경기요양병원,지점,고용노동부,준정부기관(기금관리형),경기도 화성시 우정읍 쌍봉로 465-4 (화수리 40-17),031-351-3083,-,031-351-3086,-,-,-
중앙/지방(기관리스트),근로복지공단,근로복지공단 경산지사,지점,고용노동부,준정부기관(기금관리형),경상북도 경산시 경안로 233 (중방동) 6층,053-819-2111,-,0502-819-1100,-,-,-
중앙/지방(기관리스트),근로복지공단,근로복지공단 경인업무상질병판정위원회,지점,고용노동부,준정부기관(기금관리형),인천광역시 부평구 무네미로 478 (구산동) 3층,032-540-4911,-,0502-110-3355,-,-,-
중앙/지방(기관리스트),근로복지공단,근로복지공단 경인지역본부,지점,고용노동부,준정부기관(기금관리형),인천광역시 남동구 미래로 16 (구월동) 9층,032-451-9112,-,0502-451-1101,-,-,-
중앙/지방(기관리스트),근로복지공단,근로복지공단 고양지사,지점,고용노동부,준정부기관(기금관리형),경기도 고양시 일산동구 중앙로 1228 (마두동) 4층,031-931-0910,-,0502-810-1100,-,-,-
중앙/지방(기관리스트),근로복지공단,근로복지공단 광산지사,지점,고용노동부,준정부기관(기금관리형),광주광역시 광산구 무진대로 246 (우산동) 10층,062-608-0404,-,0502-702-1102,-,-,-
중앙/지방(기관리스트),근로복지공단,근로복지공단 광주업무상질병판정위원회,지점,고용노동부,준정부기관(기금관리형),광주광역시 북구 삼소로 141 (대촌동) 1층,062-975-0500,-,0502-163-8116,-,-,-
중앙/지방(기관리스트),근로복지공단,근로복지공단 광주지역본부,지점,고용노동부,준정부기관(기금관리형),광주광역시 서구 천변좌로 268 (양동) 9층,062-608-0314,-,0502-608-1100,-,-,-
중앙/지방(기관리스트),근로복지공단,근로복지공단 구미지사,지점,고용노동부,준정부기관(기금관리형),경상북도 구미시 백산로 112 (송정동) 3층,054-479-9181,-,0502-479-1100,-,-,-
중앙/지방(기관리스트),근로복지공단,근로복지공단 군산지사,지점,고용노동부,준정부기관(기금관리형),전라북도 군산시 해망로 178 (장미동) 3층,063-450-0112,-,0502-450-1100,-,-,-
중앙/지방(기관리스트),근로복지공단,근로복지공단 근로복지연구원,지점,고용노동부,준정부기관(기금관리형),서울특별시 영등포구 버드나루로2길 8 (영등포동2가) 306호,02-2670-0444,-,0502-267-0430,-,-,-
중앙/지방(기관리스트),근로복지공단,근로복지공단 김해지사,지점,고용노동부,준정부기관(기금관리형),경상남도 김해시 김해대로 2466 (삼정동) .,055-723-8012,-,0505-173-1102,-,-,-
중앙/지방(기관리스트),근로복지공단,근로복지공단 남양주지사,지점,고용노동부,준정부기관(기금관리형),"경기도 남양주시 다산지금로16번길 43 (다산동) 7층(다산동, 다산타임프라자)",031-524-7010,-,0502-828-1105,-,-,-
중앙/지방(기관리스트),근로복지공단,근로복지공단 대구병원,지점,고용노동부,준정부기관(기금관리형),대구광역시 북구 학정로 515 (학정동) (학정동 533),053-715-7575,-,053-715-7722,-,-,-
중앙/지방(기관리스트),근로복지공단,근로복지공단 대구북부지사,지점,고용노동부,준정부기관(기금관리형),대구광역시 북구 원대로 130 (침산동) 3층~4층,053-607-4510,-,0502-607-1100,-,-,-
중앙/지방(기관리스트),근로복지공단,근로복지공단 대구서부지사,지점,고용노동부,준정부기관(기금관리형),대구광역시 달서구 달구벌대로 1680 (두류동) 8~9층,053-609-5315,-,0502-609-1100,-,-,-
중앙/지방(기관리스트),근로복지공단,근로복지공단 대구업무상질병판정위원회,지점,고용노동부,준정부기관(기금관리형),대구광역시 남구 중앙대로 200 (대명동) 12층,053-601-7151,-,0502-011-1313,-,-,-
중앙/지방(기관리스트),근로복지공단,근로복지공단 대구지역본부,지점,고용노동부,준정부기관(기금관리형),대구광역시 중구 달구벌대로 2195 (삼덕동2가) 3층,053-601-7205,-,0502-601-1100,-,-,-
중앙/지방(기관리스트),근로복지공단,근로복지공단 대전병원,지점,고용노동부,준정부기관(기금관리형),대전광역시 대덕구 계족로 637 (법동) (법동 285-3),042- 6705-114,-,042-631-8250,-,-,-
중앙/지방(기관리스트),근로복지공단,근로복지공단 대전업무상질병판정위원회,지점,고용노동부,준정부기관(기금관리형),대전광역시 서구 한밭대로 809 (둔산동) 9층,042-870-9584,-,0502-163-9911,-,-,-
중앙/지방(기관리스트),근로복지공단,근로복지공단 대전지역본부,지점,고용노동부,준정부기관(기금관리형),대전광역시 서구 한밭대로 809 (둔산동) 8층,042-870-9201,-,0502-870-1101,-,-,-
중앙/지방(기관리스트),근로복지공단,근로복지공단 동해병원,지점,고용노동부,준정부기관(기금관리형),강원도 동해시 하평로 11 (평릉동) 본관3층,033-5303-100,-,033-532-3136,-,-,-
중앙/지방(기관리스트),근로복지공단,근로복지공단 목포지사,지점,고용노동부,준정부기관(기금관리형),전라남도 목포시 영산로 118 (호남동) 5층,061-240-0140,-,0502-240-1100,-,-,-
중앙/지방(기관리스트),근로복지공단,근로복지공단 보령지사,지점,고용노동부,준정부기관(기금관리형),충청남도 보령시 한내로 27 (동대동) 1~3층,041-939-2256,-,0502-849-1100,-,-,-
중앙/지방(기관리스트),근로복지공단,근로복지공단 부산동부지사,지점,고용노동부,준정부기관(기금관리형),부산광역시 금정구 중앙대로1763번길 26 (부곡동) 1~3층,051-550-3262,-,0502-550-1101,-,-,-
중앙/지방(기관리스트),근로복지공단,근로복지공단 부산북부지사,지점,고용노동부,준정부기관(기금관리형),부산광역시 북구 기찰로 12 (덕천동) 7층,051-320-8150,-,0502-318-1101,-,-,-
중앙/지방(기관리스트),근로복지공단,근로복지공단 부산업무상질병판정위원회,지점,고용노동부,준정부기관(기금관리형),부산광역시 동구 중앙대로 314 (초량동) 7층,051-469-2079,-,0502-005-3113,-,-,-
중앙/지방(기관리스트),근로복지공단,근로복지공단 부산중부지사,지점,고용노동부,준정부기관(기금관리형),부산광역시 부산진구 중앙대로 766 (부전동) 12층,051-801-4165,-,0502-801-1100,-,-,-
중앙/지방(기관리스트),근로복지공단,근로복지공단 부산지역본부,지점,고용노동부,준정부기관(기금관리형),부산광역시 동구 중앙대로 276 (초량동) 5~9층,051-661-0104,-,0502-661-1101,-,-,-
중앙/지방(기관리스트),근로복지공단,근로복지공단 부천지사,지점,고용노동부,준정부기관(기금관리형),경기도 부천시 상일로 124 (상동) 7층,032-650-0357,-,0502-650-1100,-,-,-
중앙/지방(기관리스트),근로복지공단,근로복지공단 서산지사,지점,고용노동부,준정부기관(기금관리형),충청남도 서산시 남부순환로 1035 (예천동) 2층~3층,041-419-8102,-,0502-849-1101,-,-,-
중앙/지방(기관리스트),근로복지공단,근로복지공단 서울강남지사,지점,고용노동부,준정부기관(기금관리형),서울특별시 강남구 테헤란로 418 (대치동) 8~10층,02-3459-7182,-,0502-345-1103,-,-,-
중앙/지방(기관리스트),근로복지공단,근로복지공단 서울관악지사,지점,고용노동부,준정부기관(기금관리형),서울특별시 구로구 디지털로32길 29 (구로동) 11층,02-2109-2320,-,0502-210-1101,-,-,-
중앙/지방(기관리스트),근로복지공단,근로복지공단 서울남부지사,지점,고용노동부,준정부기관(기금관리형),서울특별시 영등포구 버드나루로2길 8 (영등포동2가) 3층,02-2165-3100,-,0502-216-1101,-,-,-
중앙/지방(기관리스트),근로복지공단,근로복지공단 서울동부지사,지점,고용노동부,준정부기관(기금관리형),서울특별시 송파구 송파대로 558 (신천동) 14층,02-3433-1370,-,0502-343-1100,-,-,-
중앙/지방(기관리스트),근로복지공단,근로복지공단 서울북부지사,지점,고용노동부,준정부기관(기금관리형),서울특별시 중랑구 망우로 307 (상봉동) 6층,02-944-8222,-,0502-844-1101,-,-,-
중앙/지방(기관리스트),근로복지공단,근로복지공단 서울서부지사,지점,고용노동부,준정부기관(기금관리형),서울특별시 마포구 백범로 23 (신수동) 11층,02-2077-0150,-,0502-207-1101,-,-,-
중앙/지방(기관리스트),근로복지공단,근로복지공단 서울서초지사,지점,고용노동부,준정부기관(기금관리형),서울특별시 서초구 효령로 304 (서초동) 16층,02-6250-7203,-,0502-217-1100,-,-,-
중앙/지방(기관리스트),근로복지공단,근로복지공단 서울성동지사,지점,고용노동부,준정부기관(기금관리형),서울특별시 성동구 성수일로 48 (성수동2가) 4층,02-460-3541,-,0502-460-1100,-,-,-
중앙/지방(기관리스트),근로복지공단,근로복지공단 서울업무상질병판정위원회,지점,고용노동부,준정부기관(기금관리형),서울특별시 영등포구 버드나루로2길 8 (영등포동2가) 1층,02-2280-2616,-,0502-287-7777,-,-,-
중앙/지방(기관리스트),근로복지공단,근로복지공단 서울지역본부,지점,고용노동부,준정부기관(기금관리형),서울특별시 중구 퇴계로 173 (충무로3가) 19층,02-2230-9789,-,0502-223-1201,-,-,-
중앙/지방(기관리스트),근로복지공단,근로복지공단 성남지사,지점,고용노동부,준정부기관(기금관리형),경기도 성남시 중원구 도촌로8번길 14 (도촌동) 6층,031-720-1240,-,0502-719-1100,-,-,-
중앙/지방(기관리스트),근로복지공단,근로복지공단 수원지사,지점,고용노동부,준정부기관(기금관리형),경기도 수원시 장안구 수성로 311 (정자동) 4층,031-231-4210,-,0502-231-1100,-,-,-
중앙/지방(기관리스트),근로복지공단,근로복지공단 순천병원,지점,고용노동부,준정부기관(기금관리형),전라남도 순천시 조례1길 24 (조례동) (조례동 544),061-7207-114,-,061-721-2713,-,-,-
중앙/지방(기관리스트),근로복지공단,근로복지공단 순천지사,지점,고용노동부,준정부기관(기금관리형),전라남도 순천시 조례1길 10-27 (조례동) 2층,061-805-0220,-,0502-680-4100,-,-,-
중앙/지방(기관리스트),근로복지공단,근로복지공단 안동지사,지점,고용노동부,준정부기관(기금관리형),경상북도 안동시 경동로 841 (용상동) 2층,054-850-5460,-,0502-850-1100,-,-,-
중앙/지방(기관리스트),근로복지공단,근로복지공단 안산병원,지점,고용노동부,준정부기관(기금관리형),경기도 안산시 상록구 구룡로 87 (일동) (일동 95),031-5001-114,-,031-506-8001,-,-,-
중앙/지방(기관리스트),근로복지공단,근로복지공단 안산지사,지점,고용노동부,준정부기관(기금관리형),경기도 안산시 상록구 용신로 347 (본오동) 3층,031-481-4119,-,0502-481-1100,-,-,-
중앙/지방(기관리스트),근로복지공단,근로복지공단 안양지사,지점,고용노동부,준정부기관(기금관리형),경기도 안양시 만안구 안양로 331 (안양동) 9층,031-463-0557,-,0502-463-1101,-,-,-
중앙/지방(기관리스트),근로복지공단,근로복지공단 양산지사,지점,고용노동부,준정부기관(기금관리형),경상남도 양산시 동면 남양산2길 51 (석산리),055-380-8466,-,0502-380-1101,-,-,-
중앙/지방(기관리스트),근로복지공단,근로복지공단 여수지사,지점,고용노동부,준정부기관(기금관리형),전라남도 여수시 문수로 125 (문수동) (문수동 111-1),061-680-0150,-,0502-680-1100,-,-,-
중앙/지방(기관리스트),근로복지공단,근로복지공단 영월지사,지점,고용노동부,준정부기관(기금관리형),강원도 영월군 영월읍 단종로33번길 30 3층,033-371-6134,-,0502-371-1100,-,-,-
중앙/지방(기관리스트),근로복지공단,근로복지공단 영주지사,지점,고용노동부,준정부기관(기금관리형),경상북도 영주시 대학로 13 (휴천동) 9층,054-639-0140,-,0502-639-1100,-,-,-
중앙/지방(기관리스트),근로복지공단,근로복지공단 용인지사,지점,고용노동부,준정부기관(기금관리형),경기도 용인시 기흥구 용구대로 2354 (마북동) (마북동 360-9),031-547-3704,-,0502-719-1103,-,-,-
중앙/지방(기관리스트),근로복지공단,근로복지공단 울산지사,지점,고용노동부,준정부기관(기금관리형),울산광역시 남구 문수로 330 (옥동) 3층,052-226-4251,-,0502-226-1100,-,-,-
중앙/지방(기관리스트),근로복지공단,근로복지공단 원주지사,지점,고용노동부,준정부기관(기금관리형),강원도 원주시 만대로 59-1 (무실동) 2층,033-749-2315,-,0502-340-1100,-,-,-
중앙/지방(기관리스트),근로복지공단,근로복지공단 유성지사,지점,고용노동부,준정부기관(기금관리형),대전광역시 유성구 반석로 9 (반석동) 8층,042-820-5447,-,0502-820-1100,-,-,-
중앙/지방(기관리스트),근로복지공단,근로복지공단 의정부지사,지점,고용노동부,준정부기관(기금관리형),경기도 의정부시 호국로1519번길 2-57 (금오동) (금오동 138-2),031-828-3184,-,0502-828-1100,-,-,-
중앙/지방(기관리스트),근로복지공단,근로복지공단 익산지사,지점,고용노동부,준정부기관(기금관리형),전라북도 익산시 하나로 478 (어양동) (어양동 626-1),063-839-0131,-,0502-839-1100,-,-,-
중앙/지방(기관리스트),근로복지공단,근로복지공단 인재개발원,지점,고용노동부,준정부기관(기금관리형),충청북도 진천군 광혜원면 구암길 64-13 (광혜원리 1081),043-539-5507,-,0502-640-1206,-,-,-
중앙/지방(기관리스트),근로복지공단,근로복지공단 인천병원,지점,고용노동부,준정부기관(기금관리형),인천광역시 부평구 무네미로 446 (구산동) (구산동 47-3),032-5000-114,-,032-518-0549,-,-,-
중앙/지방(기관리스트),근로복지공단,근로복지공단 인천북부지사,지점,고용노동부,준정부기관(기금관리형),인천광역시 부평구 무네미로 478 (구산동) 4층,032-540-4521,-,0502-540-1100,-,-,-
중앙/지방(기관리스트),근로복지공단,근로복지공단 재활공학연구소,지점,고용노동부,준정부기관(기금관리형),인천광역시 부평구 경인로10번길 26 (구산동) (구산동 9-15),032-509-5300,-,032-512-9794,-,-,-
중앙/지방(기관리스트),근로복지공단,근로복지공단 전주지사,지점,고용노동부,준정부기관(기금관리형),전라북도 전주시 덕진구 건산로 251 (인후동1가) 5층,063-240-8113,-,0502-600-1101,-,-,-
중앙/지방(기관리스트),근로복지공단,근로복지공단 정선병원,지점,고용노동부,준정부기관(기금관리형),강원도 정선군 정선읍 봉양1길 145 (봉양리 430),033-5607-100,-,033-562-8110,-,-,-
중앙/지방(기관리스트),근로복지공단,근로복지공단 제주지사,지점,고용노동부,준정부기관(기금관리형),제주특별자치도 제주시 연신로 14 (이도이동) 2층,064-754-6707,-,0502-710-1100,-,-,-
중앙/지방(기관리스트),근로복지공단,근로복지공단 직업환경연구원,지점,고용노동부,준정부기관(기금관리형),인천광역시 부평구 무네미로 478 (구산동) 본관2층,032-540-4981,-,032-540-4997,-,-,-
중앙/지방(기관리스트),근로복지공단,근로복지공단 진주지사,지점,고용노동부,준정부기관(기금관리형),경상남도 진주시 진주대로 888 (칠암동) 8층,055-760-0153,-,0502-760-1100,-,-,-
중앙/지방(기관리스트),근로복지공단,근로복지공단 창원병원,지점,고용노동부,준정부기관(기금관리형),"경상남도 창원시 성산구 창원대로 721 (중앙동, 창원병원) (중앙동 104-1)",055-280-7777,-,055-282-5681,-,-,-
중앙/지방(기관리스트),근로복지공단,근로복지공단 창원지사,지점,고용노동부,준정부기관(기금관리형),경상남도 창원시 의창구 중앙대로250번길 4 (신월동) 3층,055-268-0103,-,0502-268-1100,-,-,-
중앙/지방(기관리스트),근로복지공단,근로복지공단 천안지사,지점,고용노동부,준정부기관(기금관리형),충청남도 천안시 서북구 광장로 215 (불당동) 6층,041-629-5171,-,0502-629-1101,-,-,-
중앙/지방(기관리스트),근로복지공단,근로복지공단 청주지사,지점,고용노동부,준정부기관(기금관리형),충청북도 청주시 청원구 향군로136번길 21 (내덕동) (내덕동 657-3),043-229-5090,-,0502-229-1101,-,-,-
중앙/지방(기관리스트),근로복지공단,근로복지공단 춘천지사,지점,고용노동부,준정부기관(기금관리형),강원도 춘천시 퇴계농공로 9 (석사동) 7층,033-240-6182,-,0502-301-1102,-,-,-
중앙/지방(기관리스트),근로복지공단,근로복지공단 충주지사,지점,고용노동부,준정부기관(기금관리형),충청북도 충주시 중원대로 3434 (봉방동) 3층,043-840-0342,-,0502-840-1101,-,-,-
중앙/지방(기관리스트),근로복지공단,근로복지공단 콜센터,지점,고용노동부,준정부기관(기금관리형),울산광역시 중구 종가로 305 (우정동) 9층,052-704-7679,-,0502-210-1205,-,-,-
중앙/지방(기관리스트),근로복지공단,근로복지공단 태백병원,지점,고용노동부,준정부기관(기금관리형),강원도 태백시 보드미길 8 (장성동) (장성동 195),033-5803-114,-,033-581-8547,-,-,-
중앙/지방(기관리스트),근로복지공단,근로복지공단 태백지사,지점,고용노동부,준정부기관(기금관리형),강원도 태백시 황지로 181 (황지동) 3층,033-550-0585,-,0502-311-1101,-,-,-
중앙/지방(기관리스트),근로복지공단,근로복지공단 통영지사,지점,고용노동부,준정부기관(기금관리형),경상남도 통영시 광도면 죽림2로 49-10 6~7층,055-640-7106,-,0502-640-1100,-,-,-
중앙/지방(기관리스트),근로복지공단,근로복지공단 평택지사,지점,고용노동부,준정부기관(기금관리형),경기도 평택시 경기대로 1375 (서정동) 9층,031-669-8680,-,0502-669-1101,-,-,-
중앙/지방(기관리스트),근로복지공단,근로복지공단 포항지사,지점,고용노동부,준정부기관(기금관리형),경상북도 포항시 남구 대이로 23 (대잠동) 2층,054-288-5220,-,0502-288-1106,-,-,-
중앙/지방(기관리스트),근로복지공단,근로복지공단 화성지사,지점,고용노동부,준정부기관(기금관리형),"경기도 화성시 봉담읍 동화길 85 8, 9층(이원타워)",031-547-4704,-,0502-231-1103,-,-,-
중앙/지방(기관리스트),근로복지공단,대전특수형태근로종사자센터,지점,고용노동부,준정부기관(기금관리형),대전광역시 서구 문예로 137(둔산동) 7층,042-718-0600,-,0502-870-1102,-,-,-
중앙/지방(기관리스트),근로복지공단,부산특수형태근로종사자센터,지점,고용노동부,준정부기관(기금관리형),부산광역시 동구 중앙대로 276(초량동) 10층,051-790-0300,-,0502-661-1102,-,-,-
중앙/지방(기관리스트),근로복지공단,서울특수형태근로종사자센터,지점,고용노동부,준정부기관(기금관리형),서울특별시 종로구 율곡로2길 25(수송동) 11층,02-6946-0500,-,0502-223-3102,-,-,-
중앙/지방(기관리스트),기술보증기금,기술보증기금,본점,중소벤처기업부,준정부기관(기금관리형),부산광역시 남구 문현금융로 33 (문현동) 기술보증기금,1544-1120,1544-1120,-,webmaster@kibo.or.kr,-,-
중앙/지방(기관리스트),기술보증기금,기술보증기금 가산지점,지점,중소벤처기업부,준정부기관(기금관리형),서울특별시 금천구 가산디지털1로 128 (가산동) STX V-TOWER 1906호,02-818-4300,-,0505-020-5118,-,-,-
중앙/지방(기관리스트),기술보증기금,기술보증기금 강남지점,지점,중소벤처기업부,준정부기관(기금관리형),서울특별시 강남구 테헤란로 328 (역삼동) 5층,02-2016-1300,-,0505-020-5102,-,-,-
중앙/지방(기관리스트),기술보증기금,기술보증기금 강릉지점,지점,중소벤처기업부,준정부기관(기금관리형),강원도 강릉시 경강로 2110 (임당동) 동아빌딩 8층,033-640-8700,-,0505-020-5704,-,-,-
중앙/지방(기관리스트),기술보증기금,기술보증기금 경기광주지점,지점,중소벤처기업부,준정부기관(기금관리형),경기도 광주시 초월읍 경충대로 1052 2층,031-724-5200,-,0505-020-5329,-,-,-
중앙/지방(기관리스트),기술보증기금,기술보증기금 경기기술혁신센터,지점,중소벤처기업부,준정부기관(기금관리형),경기도 수원시 팔달구 권광로 199 (인계동) 세영빌딩 8층,031-8006-1570,-,0505-020-5325,-,-,-
중앙/지방(기관리스트),기술보증기금,기술보증기금 경기문화콘텐츠금융센터,지점,중소벤처기업부,준정부기관(기금관리형),경기도 성남시 분당구 판교역로 182 (삼평동) 한국반도체산업협회 5층,031-725-7857,-,0505-020-5326,-,-,-
중앙/지방(기관리스트),기술보증기금,기술보증기금 경기지역본부,지점,중소벤처기업부,준정부기관(기금관리형),경기도 수원시 팔달구 권광로 199 (인계동) 세영빌딩 9층,031-8006-1590,-,0505-020-5390,-,-,-
중앙/지방(기관리스트),기술보증기금,기술보증기금 경산지점,지점,중소벤처기업부,준정부기관(기금관리형),경상북도 경산시 삼풍로 27 (삼풍동) 경북테크노파크 본부동 1층,053-859-9000,-,0505-020-5415,-,-,-
중앙/지방(기관리스트),기술보증기금,기술보증기금 광주기술혁신센터,지점,중소벤처기업부,준정부기관(기금관리형),광주광역시 서구 죽봉대로 80 (농성동) 무등산타워 6층,062-360-4654,-,0505-020-5509,-,-,-
중앙/지방(기관리스트),기술보증기금,기술보증기금 광주북지점,지점,중소벤처기업부,준정부기관(기금관리형),"광주광역시 북구 첨단과기로208번길 43-22(오룡동) B동 803, 804, 805호",062-570-7300,-,-,-,-,-
중앙/지방(기관리스트),기술보증기금,기술보증기금 광주서지점,지점,중소벤처기업부,준정부기관(기금관리형),광주광역시 광산구 무진대로 240 (우산동) 중소기업은행 광산지점 3층,062-970-9200,-,0505-020-5507,-,-,-
중앙/지방(기관리스트),기술보증기금,기술보증기금 광주지점,지점,중소벤처기업부,준정부기관(기금관리형),광주광역시 서구 죽봉대로 80 (농성동) 무등산타워 6층,062-360-4600,-,0505-020-5501,-,-,-
중앙/지방(기관리스트),기술보증기금,기술보증기금 구로지점,지점,중소벤처기업부,준정부기관(기금관리형),서울특별시 구로구 디지털로26길 111 (구로동) JNK 디지털타워 1801호,02-6124-6400,-,0505-020-5103,-,-,-
중앙/지방(기관리스트),기술보증기금,기술보증기금 구미지점,지점,중소벤처기업부,준정부기관(기금관리형),경상북도 구미시 수출대로 124 (공단동) 3층,054-440-0730,-,0505-020-5404,-,-,-
중앙/지방(기관리스트),기술보증기금,기술보증기금 군산영업소,지점,중소벤처기업부,준정부기관(기금관리형),전라북도 군산시 대학로 35 (중앙로1가) 교보빌딩 2층,063-460-2800,-,063-460-2860,-,-,-
중앙/지방(기관리스트),기술보증기금,기술보증기금 김포지점,지점,중소벤처기업부,준정부기관(기금관리형),경기도 김포시 김포한강4로 113 (장기동) 신한프라자 805호,031-980-8600,-,0505-020-5321,-,-,-
중앙/지방(기관리스트),기술보증기금,기술보증기금 김해지점,지점,중소벤처기업부,준정부기관(기금관리형),경상남도 김해시 김해대로 2342 (부원동) 아이스퀘어몰 씨1002호,055-330-2100,-,0505-020-5408,-,-,-
중앙/지방(기관리스트),기술보증기금,기술보증기금 녹산지점,지점,중소벤처기업부,준정부기관(기금관리형),부산광역시 강서구 녹산산단335로 20 (송정동) 하나은행 녹산공단점 3층,051-970-0600,-,0505-020-5209,-,-,-
중앙/지방(기관리스트),기술보증기금,기술보증기금 달성지점,지점,중소벤처기업부,준정부기관(기금관리형),대구광역시 달성군 화원읍 비슬로 2555 4층,053-610-4000,-,0505-020-5418,-,-,-
중앙/지방(기관리스트),기술보증기금,기술보증기금 대구기술혁신센터,지점,중소벤처기업부,준정부기관(기금관리형),대구광역시 달서구 용산로 141 (용산동) 그랜드M타워 12층,053-550-1450,-,0505-020-5417,-,-,-
중앙/지방(기관리스트),기술보증기금,기술보증기금 대구북지점,지점,중소벤처기업부,준정부기관(기금관리형),대구광역시 북구 원대로 130 (침산동) 화성빌딩 5층,053-350-9500,-,0505-020-5409,-,-,-
중앙/지방(기관리스트),기술보증기금,기술보증기금 대구서지점,지점,중소벤처기업부,준정부기관(기금관리형),대구광역시 달서구 용산로 141 (용산동) 그랜드M타워 12층,053-550-1400,-,0505-020-5407,-,-,-
중앙/지방(기관리스트),기술보증기금,기술보증기금 대구지역본부,지점,중소벤처기업부,준정부기관(기금관리형),대구광역시 수성구 달구벌대로 2598 (만촌동) S큐브빌딩 10층,053-251-5672,-,0505-020-5690,-,-,-
중앙/지방(기관리스트),기술보증기금,기술보증기금 대구지점,지점,중소벤처기업부,준정부기관(기금관리형),대구광역시 수성구 달구벌대로 2598 (만촌동) S큐브빌딩 10층,053-251-5600,-,0505-020-5401,-,-,-
중앙/지방(기관리스트),기술보증기금,기술보증기금 대전기술혁신센터,지점,중소벤처기업부,준정부기관(기금관리형),대전광역시 서구 둔산서로 141 (둔산동) 기보빌딩 3층,042-610-2279,-,0505-020-5609,-,-,-
중앙/지방(기관리스트),기술보증기금,기술보증기금 대전동지점,지점,중소벤처기업부,준정부기관(기금관리형),대전광역시 중구 대종로 540 (선화동) 유안타증권 2층,042-250-0700,-,0505-020-5605,-,-,-
중앙/지방(기관리스트),기술보증기금,기술보증기금 대전지점,지점,중소벤처기업부,준정부기관(기금관리형),대전광역시 서구 둔산서로 141 (둔산동) 기술보증기금 1층,042-610-2200,-,0505-020-5601,-,-,-
중앙/지방(기관리스트),기술보증기금,기술보증기금 동래지점,지점,중소벤처기업부,준정부기관(기금관리형),부산광역시 금정구 중앙대로 1925 (구서동) 금정타워 10층,051-510-6900,-,0505-020-5203,-,-,-
중앙/지방(기관리스트),기술보증기금,기술보증기금 마산지점,지점,중소벤처기업부,준정부기관(기금관리형),경상남도 창원시 마산합포구 해안대로 323 (신포동2가) 중소기업은행 마산지점 2층,055-249-9799,-,0505-020-5416,-,-,-
중앙/지방(기관리스트),기술보증기금,기술보증기금 목포지점,지점,중소벤처기업부,준정부기관(기금관리형),전라남도 목포시 옥암로 25 (상동) 중소기업은행 목포지점 2층,061-288-1500,-,0505-020-5504,-,-,-
중앙/지방(기관리스트),기술보증기금,기술보증기금 벤처투자센터,지점,중소벤처기업부,준정부기관(기금관리형),서울특별시 종로구 새문안로3길 30 (내수동) 2층,02-2280-4800,-,0505-020-5123,-,-,-
중앙/지방(기관리스트),기술보증기금,기술보증기금 부산기술혁신센터,지점,중소벤처기업부,준정부기관(기금관리형),부산광역시 남구 문현금융로 33 (문현동) 기술보증기금 별관2층,051-606-6561,-,0505-020-5211,-,-,-
중앙/지방(기관리스트),기술보증기금,기술보증기금 부산문화콘텐츠금융센터,지점,중소벤처기업부,준정부기관(기금관리형),부산광역시 해운대구 센텀서로 39 (우동) 영상산업센터 11층,051-726-1300,-,0505-020-5213,-,-,-
중앙/지방(기관리스트),기술보증기금,기술보증기금 부산지역본부,지점,중소벤처기업부,준정부기관(기금관리형),부산광역시 남구 문현금융로 33 (문현동) 기술보증기금 별관2층,051-606-6591,-,0505-020-5290,-,-,-
중앙/지방(기관리스트),기술보증기금,기술보증기금 부산지점,지점,중소벤처기업부,준정부기관(기금관리형),부산광역시 남구 문현금융로 33 (문현동) 기술보증기금 별관 1층,051-606-6500,-,0505-020-5201,-,-,-
중앙/지방(기관리스트),기술보증기금,기술보증기금 부천지점,지점,중소벤처기업부,준정부기관(기금관리형),경기도 부천시 소향로 217 (중동) 농협은행 부천시지부 4층,032-620-8800,-,0505-020-5306,-,-,-
중앙/지방(기관리스트),기술보증기금,기술보증기금 부평지점,지점,중소벤처기업부,준정부기관(기금관리형),인천광역시 부평구 부흥로 353 (부평동) 중소기업은행 2층,032-509-1700,-,0505-020-5307,-,-,-
중앙/지방(기관리스트),기술보증기금,기술보증기금 사상지점,지점,중소벤처기업부,준정부기관(기금관리형),부산광역시 사상구 학감대로 257 (감전동) 보생빌딩 2층,051-320-3400,-,0505-020-5202,-,-,-
중앙/지방(기관리스트),기술보증기금,기술보증기금 사하지점,지점,중소벤처기업부,준정부기관(기금관리형),부산광역시 사하구 낙동남로 1422 (하단동) 청경빌딩 10층,051-250-7808,-,0505-020-5204,-,-,-
중앙/지방(기관리스트),기술보증기금,기술보증기금 서울동부기술혁신센터,지점,중소벤처기업부,준정부기관(기금관리형),서울특별시 서초구 매헌로 16 (양재동) 하이브랜드 리빙관 11층,02-2155-3662,-,0505-020-5119,-,-,-
중앙/지방(기관리스트),기술보증기금,기술보증기금 서울문화콘텐츠금융센터,지점,중소벤처기업부,준정부기관(기금관리형),서울특별시 영등포구 63로 50 (여의도동) 63빌딩 41층(여의도동),02-3215-5971,-,0505-020-5122,-,-,-
중앙/지방(기관리스트),기술보증기금,기술보증기금 서울서부기술혁신센터,지점,중소벤처기업부,준정부기관(기금관리형),서울특별시 구로구 디지털로26길 111 (구로동) JNK디지털타워 1807호,02-6124-6930,-,0505-020-5125,-,-,-
중앙/지방(기관리스트),기술보증기금,기술보증기금 서울지역본부,지점,중소벤처기업부,준정부기관(기금관리형),서울특별시 영등포구 63로 50 (여의도동) 63빌딩 41층,02-3215-5915,-,0505-020-5190,-,-,-
중앙/지방(기관리스트),기술보증기금,기술보증기금 서울지점,지점,중소벤처기업부,준정부기관(기금관리형),서울특별시 영등포구 63로 50 (여의도동) 63빌딩 41층,02-3215-5900,-,0505-020-5101,-,-,-
중앙/지방(기관리스트),기술보증기금,기술보증기금 서초지점,지점,중소벤처기업부,준정부기관(기금관리형),서울특별시 서초구 방배로 131 (방배동) 1층,02-2224-3100,-,0505-020-5108,-,-,-
중앙/지방(기관리스트),기술보증기금,기술보증기금 성남지점,지점,중소벤처기업부,준정부기관(기금관리형),경기도 성남시 분당구 황새울로 346 (서현동) 5층,031-750-4800,-,0505-020-5303,-,-,-
중앙/지방(기관리스트),기술보증기금,기술보증기금 세종지점,지점,중소벤처기업부,준정부기관(기금관리형),세종특별자치시 세종로 1219 (고운동) 세종중앙타워 401호~403호,044-850-1800,-,0505-020-5612,-,-,-
중앙/지방(기관리스트),기술보증기금,기술보증기금 소셜벤처가치평가센터,지점,중소벤처기업부,준정부기관(기금관리형),서울특별시 성동구 성수이로 89 (성수동2가) 5층(엠지빌딩),02-3407-2900,-,0505-020-5124,-,-,-
중앙/지방(기관리스트),기술보증기금,기술보증기금 송파지점,지점,중소벤처기업부,준정부기관(기금관리형),서울특별시 송파구 중대로 135 (가락동) IT벤처타워 동관 601호,02-3400-7900,-,0505-020-5106,-,-,-
중앙/지방(기관리스트),기술보증기금,기술보증기금 수원지점,지점,중소벤처기업부,준정부기관(기금관리형),경기도 수원시 팔달구 권광로 199 (인계동) 세영빌딩 8층,031-8006-1500,-,0505-020-5302,-,-,-
중앙/지방(기관리스트),기술보증기금,기술보증기금 순천지점,지점,중소벤처기업부,준정부기관(기금관리형),전라남도 순천시 충효로 152 (연향동) 중소기업은행 6층,061-729-9333,-,0505-020-5503,-,-,-
중앙/지방(기관리스트),기술보증기금,기술보증기금 시화지점,지점,중소벤처기업부,준정부기관(기금관리형),경기도 시흥시 옥구공원로 361 (정왕동) KTG 안산지사 3층,031-496-5911,-,0505-020-5318,-,-,-
중앙/지방(기관리스트),기술보증기금,기술보증기금 아산지점,지점,중소벤처기업부,준정부기관(기금관리형),충청남도 아산시 배방읍 배방로 25 장호빌딩 3층,041-538-5900,-,0505-020-5606,-,-,-
중앙/지방(기관리스트),기술보증기금,기술보증기금 안산지점,지점,중소벤처기업부,준정부기관(기금관리형),경기도 안산시 단원구 화랑로 366 (고잔동) 교보빌딩 9층,031-8084-5300,-,0505-020-5304,-,-,-
중앙/지방(기관리스트),기술보증기금,기술보증기금 안양지점,지점,중소벤처기업부,준정부기관(기금관리형),경기도 안양시 동안구 부림로169번길 42 (관양동) 산업은행 3층,031-450-1600,-,0505-020-5308,-,-,-
중앙/지방(기관리스트),기술보증기금,기술보증기금 양산지점,지점,중소벤처기업부,준정부기관(기금관리형),경상남도 양산시 중앙로 216 (북부동) 3층,055-370-4700,-,0505-020-5410,-,-,-
중앙/지방(기관리스트),기술보증기금,기술보증기금 오산지점,지점,중소벤처기업부,준정부기관(기금관리형),경기도 오산시 내삼미로79번길 19 (수청동) 4층,031-369-5500,-,0505-020-5328,-,-,-
중앙/지방(기관리스트),기술보증기금,기술보증기금 용인지점,지점,중소벤처기업부,준정부기관(기금관리형),경기도 용인시 기흥구 동백5로 22 (중동) 쥬네브문월드 302호,031-8020-4000,-,0505-020-5322,-,-,-
중앙/지방(기관리스트),기술보증기금,기술보증기금 울산지점,지점,중소벤처기업부,준정부기관(기금관리형),울산광역시 북구 산업로 915 (연암동) 울산경제진흥원 2층,052-220-7900,-,0505-020-5403,-,-,-
중앙/지방(기관리스트),기술보증기금,기술보증기금 원주지점,지점,중소벤처기업부,준정부기관(기금관리형),강원도 원주시 원일로 115 (일산동) 농협은행 원일로지점 3층,033-730-8300,-,0505-020-5701,-,-,-
중앙/지방(기관리스트),기술보증기금,기술보증기금 의정부지점,지점,중소벤처기업부,준정부기관(기금관리형),경기도 의정부시 의정로 44 (의정부동) 석천빌딩 4층,031-820-0300,-,0505-020-5305,-,-,-
중앙/지방(기관리스트),기술보증기금,기술보증기금 익산지점,지점,중소벤처기업부,준정부기관(기금관리형),전라북도 익산시 익산대로16길 39 (창인동1가) SK빌딩 7층,063-840-3100,-,0505-020-5502,-,-,-
중앙/지방(기관리스트),기술보증기금,기술보증기금 인천기술혁신센터,지점,중소벤처기업부,준정부기관(기금관리형),인천광역시 남동구 예술로152번길 30 (구월동) 4층,032-420-3560,-,0505-020-5330,-,-,-
중앙/지방(기관리스트),기술보증기금,기술보증기금 인천중앙지점,지점,중소벤처기업부,준정부기관(기금관리형),인천광역시 남동구 예술로152번길 30 (구월동) 기술보증기금 1층,032-420-3500,-,0505-020-5309,-,-,-
중앙/지방(기관리스트),기술보증기금,기술보증기금 인천지역본부,지점,중소벤처기업부,준정부기관(기금관리형),인천광역시 연수구 인천타워대로 323 (송도동) 송도센트로드 B동 10층,032-830-5600,-,0505-020-5490,-,-,-
중앙/지방(기관리스트),기술보증기금,기술보증기금 인천지점,지점,중소벤처기업부,준정부기관(기금관리형),인천광역시 연수구 인천타워대로 323 (송도동) 제B동 10층,032-830-5600,-,0505-020-5301,-,-,-
중앙/지방(기관리스트),기술보증기금,기술보증기금 일산지점,지점,중소벤처기업부,준정부기관(기금관리형),경기도 고양시 일산동구 백마로 195 (장항동) 엠시티타워 섹션동 15층,031-931-7200,-,0505-020-5313,-,-,-
중앙/지방(기관리스트),기술보증기금,기술보증기금 전주지점,지점,중소벤처기업부,준정부기관(기금관리형),전라북도 전주시 덕진구 백제대로 566 (금암동) 전북은행빌딩 11층,063-270-9800,-,0505-020-5505,-,-,-
중앙/지방(기관리스트),기술보증기금,기술보증기금 제주영업소,지점,중소벤처기업부,준정부기관(기금관리형),제주특별자치도 제주시 연삼로 473 (이도이동) 중소기업종합지원센터 3층,064-727-0271,-,064-727-0276,-,-,-
중앙/지방(기관리스트),기술보증기금,기술보증기금 종로지점,지점,중소벤처기업부,준정부기관(기금관리형),"서울특별시 종로구 새문안로3길 30 (내수동) 2층(내수동, 대우프라자빌딩)",02-2280-4800,-,0505-020-5115,-,-,-
중앙/지방(기관리스트),기술보증기금,기술보증기금 중앙평가원,지점,중소벤처기업부,준정부기관(기금관리형),서울특별시 서초구 매헌로 16 (양재동) 하이브랜드빌딩 11층,02-2155-3777,-,0505-020-5117,-,-,-
중앙/지방(기관리스트),기술보증기금,기술보증기금 지식재산공제운영센터,지점,중소벤처기업부,준정부기관(기금관리형),"서울특별시 강남구 테헤란로 419 (삼성동) 10층(삼성동, 강남파이앤스플라자)",02-3484-8901,-,0505-020-0996,kalif@kibo.or.kr,-,-
중앙/지방(기관리스트),기술보증기금,기술보증기금 진주지점,지점,중소벤처기업부,준정부기관(기금관리형),경상남도 진주시 대신로 310 (상대동) 중소기업은행 상평지점 4층,055-750-1111,-,0505-020-5405,-,-,-
중앙/지방(기관리스트),기술보증기금,기술보증기금 진천지점,지점,중소벤처기업부,준정부기관(기금관리형),충청북도 진천군 진천읍 문화로 356 대명빌딩 3층,043-251-1500,-,0505-020-5611,-,-,-
중앙/지방(기관리스트),기술보증기금,기술보증기금 창원지점,지점,중소벤처기업부,준정부기관(기금관리형),경상남도 창원시 성산구 용지로 38 (중앙동) 중소기업은행 창원지점 3층,055-210-4099,-,0505-020-5402,-,-,-
중앙/지방(기관리스트),기술보증기금,기술보증기금 천안지점,지점,중소벤처기업부,준정부기관(기금관리형),충청남도 천안시 서북구 광장로 215 (불당동) 충남경제종합지원센터,041-629-5911,-,0505-020-5603,-,-,-
중앙/지방(기관리스트),기술보증기금,기술보증기금 청주지점,지점,중소벤처기업부,준정부기관(기금관리형),충청북도 청주시 서원구 산남로 76 (산남동) 인템프라자 6층,043-290-9513,-,0505-020-5602,-,-,-
중앙/지방(기관리스트),기술보증기금,기술보증기금 춘천지점,지점,중소벤처기업부,준정부기관(기금관리형),강원도 춘천시 금강로 45 (요선동) 5층,033-240-2800,-,0505-020-5703,-,-,-
중앙/지방(기관리스트),기술보증기금,기술보증기금 충주지점,지점,중소벤처기업부,준정부기관(기금관리형),충청북도 충주시 애향로 10 (봉방동) 현대자동차 4층,043-849-8600,-,0505-020-5604,-,-,-
중앙/지방(기관리스트),기술보증기금,기술보증기금 충청지역본부,지점,중소벤처기업부,준정부기관(기금관리형),대전광역시 서구 둔산서로 141 (둔산동) 기술보증기금 2층,042-610-2232,-,0505-020-5590,-,-,-
중앙/지방(기관리스트),기술보증기금,기술보증기금 판교지점,지점,중소벤처기업부,준정부기관(기금관리형),경기도 성남시 분당구 판교역로 182 (삼평동) 5층,031-725-7800,-,0505-020-5327,-,-,-
중앙/지방(기관리스트),기술보증기금,기술보증기금 평택지점,지점,중소벤처기업부,준정부기관(기금관리형),경기도 평택시 평택1로 48 (비전동) 비전프라자 3층,031-659-8700,-,0505-020-5310,-,-,-
중앙/지방(기관리스트),기술보증기금,기술보증기금 포항지점,지점,중소벤처기업부,준정부기관(기금관리형),경상북도 포항시 남구 포스코대로 369 (대도동) 기업은행 3층,054-271-4900,-,0505-020-5406,-,-,-
중앙/지방(기관리스트),기술보증기금,기술보증기금 호남지역본부,지점,중소벤처기업부,준정부기관(기금관리형),광주광역시 서구 죽봉대로 80 (농성동) 무등산타워 6층,062-360-4662,-,0505-020-5591,-,-,-
중앙/지방(기관리스트),기술보증기금,기술보증기금 화성동지점,지점,중소벤처기업부,준정부기관(기금관리형),경기도 화성시 봉담읍 동화길 51 5131호(프리미엄원회캐슬봉담),031-8047-4723,-,0505-020-0936,ilho@kibo.or.kr,-,-
중앙/지방(기관리스트),기술보증기금,기술보증기금 화성지점,지점,중소벤처기업부,준정부기관(기금관리형),경기도 화성시 팔탄면 시청로 934-4 우리들유통타운C동 2F,031-299-8200,-,0505-020-5319,-,-,-
중앙/지방(기관리스트),기초과학연구원,기초과학연구원,본점,과학기술정보통신부,기타공공기관,대전광역시 유성구 엑스포로 55 (도룡동) 기초과학연구원,042-878-8114,-,-,webmaster@ibs.re.kr,-,-
중앙/지방(기관리스트),기초과학연구원,기초과학연구원 RNA 연구단,지점,과학기술정보통신부,기타공공기관,서울특별시 관악구 관악로 1 (신림동) 자연과학대학 생명과학부 504동 RNA 연구단,02-887-5343,-,02-887-0244,-,-,-
중앙/지방(기관리스트),기초과학연구원,기초과학연구원 강상관계물질 연구단,지점,과학기술정보통신부,기타공공기관,서울특별시 관악구 관악로 1 (신림동) 18동 4층 강상관계물질 연구단,02-877-8108,-,02-875-1222,iksong@snu.ac.kr,-,-
중앙/지방(기관리스트),기초과학연구원,기초과학연구원 기하학 수리물리 연구단,지점,과학기술정보통신부,기타공공기관,경상북도 포항시 남구 청암로 77 (지곡동) 기초과학연구원 POSTECH 캠퍼스 기하학 수리물리 연구단,054-279-9901,-,054-279-9909,-,-,-
중앙/지방(기관리스트),기초과학연구원,기초과학연구원 기후물리연구단,지점,과학기술정보통신부,기타공공기관,"부산광역시 금정구 부산대학로63번길 2 (장전동) 통합기계관 10층,11층 기후물리연구단",051-510-7753,-,051-510-7694,ibsclimate@pusan.ac.kr,-,-
중앙/지방(기관리스트),기초과학연구원,기초과학연구원 나노구조물리연구단,지점,과학기술정보통신부,기타공공기관,"경기도 수원시 장안구 서부로 2066 (천천동) N Center, 86371호 나노구조물리 연구단",031-299-6504,-,031-299-6505,kangoj@skku.edu,-,-
중앙/지방(기관리스트),기초과학연구원,기초과학연구원 나노의학연구단,지점,과학기술정보통신부,기타공공기관,서울특별시 서대문구 연세로 50 (신촌동) IBS관 나노의학 연구단,02-2123-4743,-,02-2123-8710,y-ibs@yonsei.ac.kr,-,-
중앙/지방(기관리스트),기초과학연구원,기초과학연구원 나노입자 연구단,지점,과학기술정보통신부,기타공공기관,서울특별시 관악구 관악로 1 (신림동) 나노입자공정신기술연구소 311동 나노입자 연구단,02-880-7436,-,02-886-8457,-,-,-
중앙/지방(기관리스트),기초과학연구원,기초과학연구원 뇌과학 이미징 연구단,지점,과학기술정보통신부,기타공공기관,"경기도 수원시 장안구 서부로 2066 (천천동) N Center, 86364호  뇌과학 이미징 연구단",031-299-4354,-,031-299-4506,-,-,-
중앙/지방(기관리스트),기초과학연구원,기초과학연구원 다차원 탄소재료 연구단,지점,과학기술정보통신부,기타공공기관,울산광역시 울주군 언양읍 유니스트길 50 101동 다차원 탄소재료 연구단,052-217-5756,-,052-217-5759,cmcm@ibs.re.kr,-,-
중앙/지방(기관리스트),기초과학연구원,기초과학연구원 반데르발스 양자 물질 연구단,지점,과학기술정보통신부,기타공공기관,경상북도 포항시 남구 청암로 77 (지곡동) 기초과학연구원 POSTECH 캠퍼스 반데르발스 양자 물질 연구단,054-279-8602,-,-,-,-,-
중앙/지방(기관리스트),기초과학연구원,기초과학연구원 복잡계이론물리연구단,지점,과학기술정보통신부,기타공공기관,대전광역시 유성구 엑스포로 55 (도룡동) 복잡계이론물리연구단,042-878-8631,-,042-878-8699,pcs@ibs.re.kr,-,-
중앙/지방(기관리스트),기초과학연구원,기초과학연구원 분자 분광학 및 동력학 연구단,지점,과학기술정보통신부,기타공공기관,서울특별시 성북구 안암로 145 (안암동5가) KU R&D 센터 분자 분광학 및 동력학 연구단,02-3290-4747,-,-,-,-,-
중앙/지방(기관리스트),기초과학연구원,기초과학연구원 분자활성 촉매반응 연구단,지점,과학기술정보통신부,기타공공기관,대전광역시 유성구 대학로 291 (구성동) 기초과학연구원 KAIST 캠퍼스(E22) 분자활성 촉매반응 연구단,042-350-8123,-,042-350-8180,cchf@ibs.re.kr,-,-
중앙/지방(기관리스트),기초과학연구원,기초과학연구원 순수물리이론 연구단(우주물리 및 중력이론 그룹),지점,과학기술정보통신부,기타공공기관,대전광역시 유성구 엑스포로 55 (도룡동) 순수물리이론 연구단,042-878-8437,-,-,-,-,-
중앙/지방(기관리스트),기초과학연구원,기초과학연구원 순수물리이론 연구단(입자이론 및 우주론 그룹),지점,과학기술정보통신부,기타공공기관,대전광역시 유성구 엑스포로 55 (도룡동) 순수물리이론 연구단,042-878-8401,-,042-878-8499,-,-,-
중앙/지방(기관리스트),기초과학연구원,기초과학연구원 시냅스 뇌질환 연구단,지점,과학기술정보통신부,기타공공기관,대전광역시 유성구 대학로 291 (구성동) 기초과학연구원 KAIST 캠퍼스(E22) 시냅스 뇌질환 연구단,042-350-8125,-,042-350-8127,-,-,-
중앙/지방(기관리스트),기초과학연구원,기초과학연구원 액시온 및 극한상호작용 연구단,지점,과학기술정보통신부,기타공공기관,대전광역시 유성구 문지로 193 (문지동) 창조관 C301호 액시온 및 극한상호작용 연구단,042-350-8166,-,042-350-8167,-,-,-
중앙/지방(기관리스트),기초과학연구원,기초과학연구원 양자나노과학 연구단,지점,과학기술정보통신부,기타공공기관,서울특별시 서대문구 이화여대길 53 (대현동) 연구협력관 양자나노과학 연구단,02-3277-4743,-,-,-,-,-
중앙/지방(기관리스트),기초과학연구원,기초과학연구원 원자제어 저차원 전자계 연구단,지점,과학기술정보통신부,기타공공기관,경상북도 포항시 남구 청암로 77 (지곡동) 기초과학연구원 POSTECH 캠퍼스 원자제어 저차원 전자계 연구단,054-279-9882,-,054-279-9889,aja@ibs.re.kr,-,-
중앙/지방(기관리스트),기초과학연구원,기초과학연구원 유전체 교정 연구단,지점,과학기술정보통신부,기타공공기관,대전광역시 유성구 엑스포로 55 (도룡동) 유전체 교정 연구단,042-878-8320,-,042-878-8330,-,-,-
중앙/지방(기관리스트),기초과학연구원,기초과학연구원 유전체 항상성 연구단,지점,과학기술정보통신부,기타공공기관,울산광역시 울주군 언양읍 유니스트길 50 103동 유전체 항상성 연구단,052-217-5514,-,-,-,-,-
중앙/지방(기관리스트),기초과학연구원,기초과학연구원 인지 및 사회성 연구단(인지 교세포 과학그룹),지점,과학기술정보통신부,기타공공기관,대전광역시 유성구 엑스포로 55 (도룡동) 인지 및 사회성 연구단,042-861-9155,-,042-861-9151,yangj@ibs.re.kr,-,-
중앙/지방(기관리스트),기초과학연구원,기초과학연구원 인지 및 사회성 연구단(학습 및 기억 연구그룹),지점,과학기술정보통신부,기타공공기관,대전광역시 유성구 엑스포로 55 (도룡동) 인지 및 사회성 연구단,042-861-7012,-,042-861-7060,yangj@ibs.re.kr,-,-
중앙/지방(기관리스트),기초과학연구원,기초과학연구원 중이온가속기연구소,지점,과학기술정보통신부,기타공공기관,대전광역시 유성구 국제과학로 1 (신동) 중이온가속기연구소,042-878-8701,-,042-878-8866,risp@ibs.re.kr,-,-
중앙/지방(기관리스트),기초과학연구원,기초과학연구원 지하실험 연구단,지점,과학기술정보통신부,기타공공기관,대전광역시 유성구 엑스포로 55 (도룡동) 지하실험 연구단,042-878-8510,-,042-878-8509,-,-,-
중앙/지방(기관리스트),기초과학연구원,기초과학연구원 첨단 반응동역학 연구단,지점,과학기술정보통신부,기타공공기관,대전광역시 유성구 대학로 291 (구성동) 기초과학연구원 KAIST 캠퍼스(E22) 첨단 반응동역학 연구단,042-350-8149,-,-,-,-,-
중앙/지방(기관리스트),기초과학연구원,기초과학연구원 첨단연성물질연구단,지점,과학기술정보통신부,기타공공기관,울산광역시 울주군 언양읍 유니스트길 50 103동 첨단연성물질 연구단,052-217-5507,-,052-217-5509,sgranick@ibs.re.kr,-,-
중앙/지방(기관리스트),기초과학연구원,기초과학연구원 초강력레이저과학연구단,지점,과학기술정보통신부,기타공공기관,광주광역시 북구 첨단과기로 123 (오룡동) 극초단 광양자빔 특수연구동 201호 초강력 레이저과학 연구단,062-715-4703,-,062-715-4705,corels@ibs.re.kr,-,-
중앙/지방(기관리스트),기초과학연구원,기초과학연구원 행정조직,지점,과학기술정보통신부,기타공공기관,대전광역시 유성구 엑스포로 55 (도룡동) 본원,042-878-8114,-,042-878-8079,-,-,-
중앙/지방(기관리스트),기초과학연구원,기초과학연구원 혈관연구단,지점,과학기술정보통신부,기타공공기관,대전광역시 유성구 대학로 291 (구성동) 기초과학연구원 KAIST 캠퍼스(E22) 혈관연구단,042-350-5638,-,042-350-4251,behonest@ibs.re.kr,-,-
중앙/지방(기관리스트),노사발전재단,노사발전재단,본점,고용노동부,기타공공기관,"서울특별시 마포구 마포대로 130 (공덕동) 6,8,10층",02-6021-1000,-,-,-,-,-
중앙/지방(기관리스트),농림수산식품교육문화정보원,농림수산식품교육문화정보원,본점,농림축산식품부,기타공공기관,세종특별자치시 국책연구원5로 19(반곡동) 농림수산식품교육문화정보원,044-861-8888,-,044-861-8542,admin@epis.or.kr,-,-
중앙/지방(기관리스트),농림수산식품교육문화정보원,농림수산식품교육문화정보원 귀농귀촌종합센터,지점,농림축산식품부,기타공공기관,서울특별시 서초구 강남대로 27 (양재동) aT센터 4층,02-2058-2072,-,02-2058-2074,returnfarm@epis.or.kr,-,-
중앙/지방(기관리스트),농림식품기술기획평가원,농림식품기술기획평가원,본점,농림축산식품부,기타공공기관,전라남도 나주시 교육길 45 (빛가람동) .,061-338-9700,-,031-338-9739,-,-,-
중앙/지방(기관리스트),농림식품기술기획평가원,농림식품기술기획평가원 한가람평가장,지점,농림축산식품부,기타공공기관,서울특별시 용산구 서빙고로 17 (한강로3가) (용산 센트럴파크 해링턴스퀘어) 업무시설동 15층 1501~1504호,061-338-9700,-,-,-,-,-
중앙/지방(기관리스트),농업정책보험금융원,농업정책보험금융원,본점,농림축산식품부,기타공공기관,서울특별시 영등포구 여의공원로 101 (여의도동) 2층,02-3775-6700,-,-,-,-,-
중앙/지방(기관리스트),대구경북첨단의료산업진흥재단,대구경북첨단의료산업진흥재단,본점,보건복지부,기타공공기관,"대구광역시 동구 동내로 88 (동내동) 본부동, 연구동",053-790-5110,-,053-790-5199,chanmi@kmedihub.re.kr,-,-
중앙/지방(기관리스트),대외경제정책연구원,대외경제정책연구원,본점,국무조정실,기타공공기관,세종특별자치시 시청대로 370 (반곡동) 세종국책연구단지 경제정책동,044-414-1114,-,-,-,-,-
중앙/지방(기관리스트),대한무역투자진흥공사,대한무역투자진흥공사,본점,산업통상부,준정부기관(위탁집행형),서울특별시 서초구 헌릉로 13(염곡동) 대한무역투자진흥공사,1600-7119,1600-7119,-,-,-,-
중앙/지방(기관리스트),대한무역투자진흥공사,대한무역투자진흥공사 강원KOTRA지원단,지점,산업통상부,준정부기관(위탁집행형),강원도 춘천시 안마산로 262(퇴계동) 강원KOTRA지원단,033-261-5312,-,033-261-5313,-,-,-
중앙/지방(기관리스트),대한무역투자진흥공사,대한무역투자진흥공사 경기KOTRA지원단,지점,산업통상부,준정부기관(위탁집행형),경기도 수원시 영통구 반달로 87(영통동) 경기지방중소기업청 1층 경기KOTRA지원단,031-273-6032~6,-,031-273-6906,-,-,-
중앙/지방(기관리스트),대한무역투자진흥공사,대한무역투자진흥공사 경기북부KOTRA지원단,지점,산업통상부,준정부기관(위탁집행형),경기도 양주시 평화로 1215(산북동) 경기섬유종합지원센터 310-311호,070-7931-0744,-,070-7931-0447,-,-,-
중앙/지방(기관리스트),대한무역투자진흥공사,대한무역투자진흥공사 경남KOTRA지원단,지점,산업통상부,준정부기관(위탁집행형),경상남도 창원시 의창구 창이대로532번길 50(신월동) 경남KOTRA지원단,055-290-0601~2,-,055-260-0629,-,-,-
중앙/지방(기관리스트),대한무역투자진흥공사,대한무역투자진흥공사 광주전남KOTRA지원단,지점,산업통상부,준정부기관(위탁집행형),광주광역시 서구 경열로17번길 12(농성동) 광주전남KOTRA지원단,062-369-9053,-,062-369-9056,-,-,-
중앙/지방(기관리스트),대한무역투자진흥공사,대한무역투자진흥공사 대구경북KOTRA지원단,지점,산업통상부,준정부기관(위탁집행형),대구광역시 달서구 성서4차첨단로 122-11(월암동) 대구경북KOTRA지원단,053-585-3400,-,053-584-9009,-,-,-
중앙/지방(기관리스트),대한무역투자진흥공사,대한무역투자진흥공사 대전충남KOTRA지원단,지점,산업통상부,준정부기관(위탁집행형),대전광역시 유성구 가정북로 104(장동) 대전충남KOTRA지원단,042-862-8311~6,-,042-862-8317,-,-,-
중앙/지방(기관리스트),대한무역투자진흥공사,대한무역투자진흥공사 부산KOTRA지원단,지점,산업통상부,준정부기관(위탁집행형),부산광역시 해운대구 APEC로 55(우동) 제2전시장 3층 부산KOTRA지원단,051-740-4150~6,-,051-740-4157,-,-,-
중앙/지방(기관리스트),대한무역투자진흥공사,대한무역투자진흥공사 울산KOTRA지원단,지점,산업통상부,준정부기관(위탁집행형),울산광역시 북구 산업로 915(연암동) 울산KOTRA지원단,052-289-4651~2,-,070-7931-0765,-,-,-
중앙/지방(기관리스트),대한무역투자진흥공사,대한무역투자진흥공사 인천KOTRA지원단,지점,산업통상부,준정부기관(위탁집행형),인천광역시 남동구 은봉로 82(논현동) 인천KOTRA지원단,032-822-9360~2,-,032-822-9359,-,-,-
중앙/지방(기관리스트),대한무역투자진흥공사,대한무역투자진흥공사 전북KOTRA지원단,지점,산업통상부,준정부기관(위탁집행형),전라북도 전주시 완산구 서원로 77(효자동2가) 전북KOTRA지원단,070-7931-0801,-,070-7931-0815,-,-,-
중앙/지방(기관리스트),대한무역투자진흥공사,대한무역투자진흥공사 충북KOTRA지원단,지점,산업통상부,준정부기관(위탁집행형),충청북도 청주시 청원구 오창읍 중심상업2로 48 충북KOTRA지원단,043-217-0016,-,043-217-0018,-,-,-
중앙/지방(기관리스트),대한법률구조공단,대한법률구조공단,본점,법무부,기타공공기관,경상북도 김천시 혁신2로 26 (율곡동) 대한법률구조공단,054-810-0132,132,054-810-8003,webmaster@klac.or.kr,-,-
중앙/지방(기관리스트),대한법률구조공단,대한법률구조공단 광주지부,지점,법무부,기타공공기관,광주광역시 동구 준법로 3 (지산동) 2층,062-224-7806,-,-,-,-,-
중앙/지방(기관리스트),대한법률구조공단,대한법률구조공단 대구지부,지점,법무부,기타공공기관,"대구광역시 수성구 동대구로 345 (범어동, 범어역우방유쉘) 범어역 우방 유쉘메디치 5층 501호",053-743-1321,-,-,-,-,-
중앙/지방(기관리스트),대한법률구조공단,대한법률구조공단 대전지부,지점,법무부,기타공공기관,대전광역시 서구 둔산북로 121 (둔산동) 아너스빌 3층 308호,042-472-9061,-,-,-,-,-
중앙/지방(기관리스트),대한법률구조공단,대한법률구조공단 부산지부,지점,법무부,기타공공기관,"부산광역시 연제구 법원로 20 (거제동) 로제스티(동주)빌딩 2층, 3층",051-505-1648,-,-,-,-,-
중앙/지방(기관리스트),대한법률구조공단,대한법률구조공단 서울남부지부,지점,법무부,기타공공기관,서울특별시 양천구 신월로 366 (신정동) 승소빌딩 2층,02-2646-6117,-,02-2645-6115,-,-,-
중앙/지방(기관리스트),대한법률구조공단,대한법률구조공단 서울동부지부,지점,법무부,기타공공기관,서울특별시 송파구 법원로 114 (문정동) 엠스테이트 비동 317호,02-453-0708,-,02-453-6611,-,-,-
중앙/지방(기관리스트),대한법률구조공단,대한법률구조공단 서울북부지부,지점,법무부,기타공공기관,서울특별시 도봉구 도봉로 801 (도봉동) 제일정형외과 5층,02-978-4240,-,02-977-1666,-,-,-
중앙/지방(기관리스트),대한법률구조공단,대한법률구조공단 서울서부지부,지점,법무부,기타공공기관,서울특별시 마포구 마포대로 180 (공덕동) 마포법조빌딩 4층,02-713-6039,-,02-707-3749,-,-,-
중앙/지방(기관리스트),대한법률구조공단,대한법률구조공단 서울중앙지부,지점,법무부,기타공공기관,서울특별시 서초구 법원로4길 17 (서초동) 대한법률구조공단 서울중앙지부,02-3440-9503,-,02-3482-0511,-,-,-
중앙/지방(기관리스트),대한법률구조공단,대한법률구조공단 울산지부,지점,법무부,기타공공기관,울산광역시 남구 법대로14번길 31 (옥동) 울산법조빌딩 2층 201호,052-257-4676,-,-,-,-,-
중앙/지방(기관리스트),대한법률구조공단,대한법률구조공단 인천지부,지점,법무부,기타공공기관,인천광역시 미추홀구 소성로 171 (학익동) 대흥빌딩 7층 701호~704호 706호~707호,032-874-3374,-,-,-,-,-
중앙/지방(기관리스트),대한법률구조공단,대한법률구조공단 전주지부,지점,법무부,기타공공기관,전라북도 전주시 덕진구 기린대로 486-1 (덕진동1가) 한경빌딩 4~5층,063-251-4034,-,-,-,-,-
중앙/지방(기관리스트),대한법률구조공단,대한법률구조공단 제주지부,지점,법무부,기타공공기관,제주특별자치도 제주시 중앙로 359 (이도이동) 신해빌딩 2층,064-753-9955,-,-,-,-,-
중앙/지방(기관리스트),대한법률구조공단,대한법률구조공단 창원지부,지점,법무부,기타공공기관,경상남도 창원시 성산구 창이대로689번길 4-32 (사파동) 4층(오션타워),055-266-3381,-,-,-,-,-
중앙/지방(기관리스트),대한법률구조공단,대한법률구조공단 청주지부,지점,법무부,기타공공기관,"충청북도 청주시 서원구 산남로70번길 18 (산남동) 602호(산남동,뉴월드프라자)",043-284-7777,-,-,-,-,-
중앙/지방(기관리스트),대한법률구조공단,대한법률구조공단 춘천지부,지점,법무부,기타공공기관,강원도 춘천시 공지로 293 (효자동) 화남빌딩 3층,033-251-8301,-,033-244-8301,-,-,-
중앙/지방(기관리스트),대한석탄공사,대한석탄공사,본점,산업통상부,기타공공기관,강원도 원주시 배울로 85(반곡동) 대한석탄공사,033-749-0600,-,033-749-0651,-,-,-
중앙/지방(기관리스트),대한석탄공사,대한석탄공사 도계광업소,지점,산업통상부,기타공공기관,강원도 삼척시 도계읍 도계로 225 도계광업소,033-540-2114,-,033-541-2817,-,-,-
중앙/지방(기관리스트),대한석탄공사,대한석탄공사 석항사무지소,지점,산업통상부,기타공공기관,강원도 정선군 신동읍 의림로 10 석항사무지소,033-378-5173,-,033-378-6944,-,-,-
중앙/지방(기관리스트),대한석탄공사,대한석탄공사 연구소,지점,산업통상부,기타공공기관,강원도 원주시 배울로 85(반곡동) 연구소,033-749-0600,-,033-749-0756,-,-,-
중앙/지방(기관리스트),대한석탄공사,대한석탄공사 인천사무지소,지점,산업통상부,기타공공기관,인천광역시 서구 건지로 156(가좌동) 인천사무지소,032-582-6425,-,032-582-6426,-,-,-
중앙/지방(기관리스트),대한석탄공사,대한석탄공사 장성광업소,지점,산업통상부,기타공공기관,강원도 태백시 태백로 1889(장성동) 장성광업소,033-580-2000,-,033-581-6608,-,-,-
중앙/지방(기관리스트),대한석탄공사,대한석탄공사 호남사무지소,지점,산업통상부,기타공공기관,전라북도 김제시 용지면 와룡2길 17-25 호남사무지소,063-542-9302,-,063-543-7594,-,-,-
중앙/지방(기관리스트),대한석탄공사,대한석탄공사 화순광업소,지점,산업통상부,기타공공기관,전라남도 화순군 동면 충의로 1064 화순광업소,061-370-2222,-,061-372-5812,-,-,-
중앙/지방(기관리스트),대한장애인체육회,대한장애인체육회,본점,문화체육관광부,기타공공기관,서울특별시 송파구 올림픽로 424 (방이동) 올림픽회관 신관 1층,02-3434-4500,-,02-3434-4599,webmaster@koreanpc.kr,-,-
중앙/지방(기관리스트),대한장애인체육회,대한장애인체육회 강원도장애인체육회,지점,문화체육관광부,기타공공기관,nan,033-816-1000,-,033-816-1099,-,-,-
중앙/지방(기관리스트),대한장애인체육회,대한장애인체육회 경기도장애인체육회,지점,문화체육관광부,기타공공기관,nan,031-248-0255,-,031-248-0257,-,-,-
중앙/지방(기관리스트),대한장애인체육회,대한장애인체육회 경상남도장애인체육회,지점,문화체육관광부,기타공공기관,nan,055-282-2891,-,055-282-2892,-,-,-
중앙/지방(기관리스트),대한장애인체육회,대한장애인체육회 경상북도장애인체육회,지점,문화체육관광부,기타공공기관,nan,053-812-2100,-,053-812-2322,webmaster@gb.kosad.kr,-,-
중앙/지방(기관리스트),대한장애인체육회,대한장애인체육회 광주광역시장애인체육회,지점,문화체육관광부,기타공공기관,nan,062-600-3900,-,062-384-5543,-,-,-
중앙/지방(기관리스트),대한장애인체육회,대한장애인체육회 대구광역시장애인체육회,지점,문화체육관광부,기타공공기관,nan,053-592-8030,-,053-592-8037,-,-,-
중앙/지방(기관리스트),대한장애인체육회,대한장애인체육회 대전광역시장애인체육회,지점,문화체육관광부,기타공공기관,nan,042-537-5811,-,042-537-5813,-,-,-
중앙/지방(기관리스트),대한장애인체육회,대한장애인체육회 대한장애인골볼협회,지점,문화체육관광부,기타공공기관,nan,02-400-7234,-,02-400-7235,kbgf@koreanpc.kr,-,-
중앙/지방(기관리스트),대한장애인체육회,대한장애인체육회 대한장애인골프협회,지점,문화체육관광부,기타공공기관,nan,070-7712-6700,-,02-412-6702,kdpga6700@hanmail.net,-,-
중앙/지방(기관리스트),대한장애인체육회,대한장애인체육회 대한장애인노르딕스키연맹,지점,문화체육관광부,기타공공기관,nan,070-8711-0336,-,070-8711-0335,nordicskiing@koreanpc.kr,-,-
중앙/지방(기관리스트),대한장애인체육회,대한장애인체육회 대한장애인농구협회,지점,문화체육관광부,기타공공기관,nan,02-3432-0031,-,02-3432-0032,kwbf10@hanmail.net,-,-
중앙/지방(기관리스트),대한장애인체육회,대한장애인체육회 대한장애인당구협회,지점,문화체육관광부,기타공공기관,nan,070-8672-6396,-,070-4369-8554,kobad3@naver.com,-,-
중앙/지방(기관리스트),대한장애인체육회,대한장애인체육회 대한장애인댄스스포츠연맹,지점,문화체육관광부,기타공공기관,nan,02-838-4552,-,02-854-4552,kdsfd0427@hanmail.net,-,-
중앙/지방(기관리스트),대한장애인체육회,대한장애인체육회 대한장애인럭비협회,지점,문화체육관광부,기타공공기관,nan,02-447-3717,-,02-447-3704,koreawheelrug@hanmail.net,-,-
중앙/지방(기관리스트),대한장애인체육회,대한장애인체육회 대한장애인론볼연맹,지점,문화체육관광부,기타공공기관,nan,032-466-2108,-,032-466-2158,kbd082@naver.com,-,-
중앙/지방(기관리스트),대한장애인체육회,대한장애인체육회 대한장애인배구협회,지점,문화체육관광부,기타공공기관,nan,053-746-0592,-,053-746-0593,kovad@hanmail.net,-,-
중앙/지방(기관리스트),대한장애인체육회,대한장애인체육회 대한장애인배드민턴협회,지점,문화체육관광부,기타공공기관,nan,02-453-2430,-,02-453-2460,kbad@hanmail.net,-,-
중앙/지방(기관리스트),대한장애인체육회,대한장애인체육회 대한장애인보치아연맹,지점,문화체육관광부,기타공공기관,nan,02-930-8180,-,02-930-8280,koreaboccia@gmail.com,-,-
중앙/지방(기관리스트),대한장애인체육회,대한장애인체육회 대한장애인볼링협회,지점,문화체육관광부,기타공공기관,nan,02-456-8910,-,02-456-8911,nbk48@nate.com,-,-
중앙/지방(기관리스트),대한장애인체육회,대한장애인체육회 대한장애인사격연맹,지점,문화체육관광부,기타공공기관,nan,02-972-5391,-,02-948-9851,ksfd@hanmail.net,-,-
중앙/지방(기관리스트),대한장애인체육회,대한장애인체육회 대한장애인사이클연맹,지점,문화체육관광부,기타공공기관,nan,02-2202-9990,-,02-413-8685,kisjudo@hanmail.net,-,-
중앙/지방(기관리스트),대한장애인체육회,대한장애인체육회 대한장애인수영연맹,지점,문화체육관광부,기타공공기관,nan,02-595-4461,-,02-595-4465,swimmingkosad@hanmail.net,-,-
중앙/지방(기관리스트),대한장애인체육회,대한장애인체육회 대한장애인스키협회,지점,문화체육관광부,기타공공기관,nan,02-3453-6442,-,02-3453-6445,ksfdcom@daum.net,-,-
중앙/지방(기관리스트),대한장애인체육회,대한장애인체육회 대한장애인승마협회,지점,문화체육관광부,기타공공기관,nan,063-547-2001,-,063-547-3549,kead_12@daum.net,-,-
중앙/지방(기관리스트),대한장애인체육회,대한장애인체육회 대한장애인아이스하키협회,지점,문화체육관광부,기타공공기관,nan,02-416-7725,-,02-416-7729,paraicehockey@naver.com,-,-
중앙/지방(기관리스트),대한장애인체육회,대한장애인체육회 대한장애인양궁협회,지점,문화체육관광부,기타공공기관,nan,02-425-4142,-,02-425-4152,karchery@hanmail.net,-,-
중앙/지방(기관리스트),대한장애인체육회,대한장애인체육회 대한장애인역도연맹,지점,문화체육관광부,기타공공기관,nan,02-977-7714,-,02-978-7715,kdpf@naver.com,-,-
중앙/지방(기관리스트),대한장애인체육회,대한장애인체육회 대한장애인요트연맹,지점,문화체육관광부,기타공공기관,nan,051-743-3844,-,051-743-3854,sailing@koreanpc.kr,-,-
중앙/지방(기관리스트),대한장애인체육회,대한장애인체육회 대한장애인유도협회,지점,문화체육관광부,기타공공기관,nan,032-429-3362,-,032-421-0321,kojudo1@hotmail.com,-,-
중앙/지방(기관리스트),대한장애인체육회,대한장애인체육회 대한장애인육상연맹,지점,문화체육관광부,기타공공기관,nan,070-7425-4081,-,02-455-4080,kafdkorea@hanmail.net,-,-
중앙/지방(기관리스트),대한장애인체육회,대한장애인체육회 대한장애인조정연맹,지점,문화체육관광부,기타공공기관,nan,02-786-8466,-,02-786-8477,krad@hanmail.net,-,-
중앙/지방(기관리스트),대한장애인체육회,대한장애인체육회 대한장애인축구협회,지점,문화체육관광부,기타공공기관,nan,02-735-5851,-,02-735-5854,kofad@kosad.or.kr,-,-
중앙/지방(기관리스트),대한장애인체육회,대한장애인체육회 대한장애인컬링협회,지점,문화체육관광부,기타공공기관,nan,031-877-3500,-,031-855-2388,kwca20@gmail.com,-,-
중앙/지방(기관리스트),대한장애인체육회,대한장애인체육회 대한장애인탁구협회,지점,문화체육관광부,기타공공기관,nan,02-477-5446,-,02-477-5447,kttad@hanmail.net,-,-
중앙/지방(기관리스트),대한장애인체육회,대한장애인체육회 대한장애인태권도협회,지점,문화체육관광부,기타공공기관,nan,02-424-5982,-,02-424-5984,kotad@hanmail.net,-,-
중앙/지방(기관리스트),대한장애인체육회,대한장애인체육회 대한장애인테니스협회,지점,문화체육관광부,기타공공기관,nan,02-424-5757,-,02-424-5756,wheelchairkr@daum.net,-,-
중앙/지방(기관리스트),대한장애인체육회,대한장애인체육회 대한장애인펜싱협회,지점,문화체육관광부,기타공공기관,nan,02-999-1074,-,02-999-1064,sincerely016@naver.com,-,-
중앙/지방(기관리스트),대한장애인체육회,대한장애인체육회 부산광역시장애인체육회,지점,문화체육관광부,기타공공기관,nan,051-501-4802,-,051-501-4807,-,-,-
중앙/지방(기관리스트),대한장애인체육회,대한장애인체육회 서울특별시장애인체육회,지점,문화체육관광부,기타공공기관,nan,02-2202-2525,-,02-2202-2602,-,-,-
중앙/지방(기관리스트),대한장애인체육회,대한장애인체육회 세종특별자치시장애인체육회,지점,문화체육관광부,기타공공기관,nan,044-865-1221,-,044-865-1552,-,-,-
중앙/지방(기관리스트),대한장애인체육회,대한장애인체육회 울산광역시장애인체육회,지점,문화체육관광부,기타공공기관,nan,052-292-4212,-,052-292-4204,ulsad052@naver.com,-,-
중앙/지방(기관리스트),대한장애인체육회,대한장애인체육회 인천광역시장애인체육회,지점,문화체육관광부,기타공공기관,nan,032-425-9921,-,032-571-1610,-,-,-
중앙/지방(기관리스트),대한장애인체육회,대한장애인체육회 전라남도장애인체육회,지점,문화체육관광부,기타공공기관,nan,061-288-1372,-,061-288-1361,-,-,-
중앙/지방(기관리스트),대한장애인체육회,대한장애인체육회 전라북도장애인체육회,지점,문화체육관광부,기타공공기관,nan,063-250-8500,-,063-250-8514,-,-,-
중앙/지방(기관리스트),대한장애인체육회,대한장애인체육회 제주특별자치도장애인체육회,지점,문화체육관광부,기타공공기관,nan,064-757-2243,-,064-757-2213,-,-,-
중앙/지방(기관리스트),대한장애인체육회,대한장애인체육회 충청남도장애인체육회,지점,문화체육관광부,기타공공기관,nan,041-635-0080,-,041-635-0099,-,-,-
중앙/지방(기관리스트),대한장애인체육회,대한장애인체육회 충청북도장애인체육회,지점,문화체육관광부,기타공공기관,nan,043-284-3960,-,043-284-3966,-,-,-
중앙/지방(기관리스트),대한적십자사,대한적십자사,본점,보건복지부,기타공공기관,강원도 원주시 혁신로 50 (반곡동) 대한적십자사,033-811-0000,1577-8179,-,-,-,-
중앙/지방(기관리스트),대한적십자사,대한적십자사 강원지사,지점,보건복지부,기타공공기관,강원도 춘천시 중앙로 17 (중앙로1가) 강원지사,033-255-9595,-,033-255-9599,-,-,-
중앙/지방(기관리스트),대한적십자사,대한적십자사 강원혈액원,지점,보건복지부,기타공공기관,강원도 춘천시 퇴계공단1길 8 (퇴계동) 강원혈액원,033-269-1000,-,033-269-1069,-,-,-
중앙/지방(기관리스트),대한적십자사,대한적십자사 거창병원,지점,보건복지부,기타공공기관,경상남도 거창군 거창읍 중앙로 91 거창적십자병원,055-944-3251,-,055-943-2373,-,-,-
중앙/지방(기관리스트),대한적십자사,대한적십자사 경기지사,지점,보건복지부,기타공공기관,경기도 수원시 권선구 권광로 129 (권선동) 경기지사,031-230-1600,-,031-235-9847,-,-,-
중앙/지방(기관리스트),대한적십자사,대한적십자사 경기혈액원,지점,보건복지부,기타공공기관,경기도 수원시 권선구 권광로 129 (권선동) 경기혈액원,031-220-8500,-,031-220-8567,-,-,-
중앙/지방(기관리스트),대한적십자사,대한적십자사 경남지사,지점,보건복지부,기타공공기관,경상남도 창원시 의창구 용지로 226 (용호동) 경남지사,055-278-2780,-,055-278-2781,-,-,-
중앙/지방(기관리스트),대한적십자사,대한적십자사 경남혈액원,지점,보건복지부,기타공공기관,경상남도 창원시 의창구 용지로 226 (용호동) 경남혈액원,055-270-6000,-,055-270-6099,-,-,-
중앙/지방(기관리스트),대한적십자사,대한적십자사 경북지사,지점,보건복지부,기타공공기관,대구광역시 중구 명륜로 16 (남산동) 경북지사,053-250-9800,-,053-254-3254,-,-,-
중앙/지방(기관리스트),대한적십자사,대한적십자사 경인의료재활센터병원,지점,보건복지부,기타공공기관,인천광역시 연수구 원인재로 263 (연수동) 경인의료재활센터병원,032-899-4000,-,032-899-4480,-,-,-
중앙/지방(기관리스트),대한적십자사,대한적십자사 광주전남지사,지점,보건복지부,기타공공기관,광주광역시 북구 매곡로 117 (매곡동) 광주전남지사,062-573-0541,-,062-573-0441,-,-,-
중앙/지방(기관리스트),대한적십자사,대한적십자사 광주전남혈액원,지점,보건복지부,기타공공기관,광주광역시 남구 서문대로 406 (송하동) 광주전남혈액원,062-600-0600,-,062-672-7992,-,-,-
중앙/지방(기관리스트),대한적십자사,대한적십자사 교육원,지점,보건복지부,기타공공기관,강원도 원주시 혁신로 50 (반곡동) 교육원,033-811-0260,-,033-811-0279,-,-,-
중앙/지방(기관리스트),대한적십자사,대한적십자사 남부혈액검사센터,지점,보건복지부,기타공공기관,부산광역시 부산진구 전포대로 168 (전포동) 남부혈액검사센터,051-810-9100,-,051-810-9191,-,-,-
중앙/지방(기관리스트),대한적십자사,대한적십자사 대구경북혈액원,지점,보건복지부,기타공공기관,대구광역시 중구 태평로 7 (달성동) 대구경북혈액원,053-605-5600,-,053-555-3126,-,-,-
중앙/지방(기관리스트),대한적십자사,대한적십자사 대구지사,지점,보건복지부,기타공공기관,대구광역시 중구 태평로 7 (달성동) 대구지사,053-550-7100,-,053-573-2457,-,-,-
중앙/지방(기관리스트),대한적십자사,대한적십자사 대전세종지사,지점,보건복지부,기타공공기관,대전광역시 중구 선화서로 19 (선화동) 대전세종지사,042-220-0100,-,042-220-0107,-,-,-
중앙/지방(기관리스트),대한적십자사,대한적십자사 대전세종충남혈액원,지점,보건복지부,기타공공기관,대전광역시 대덕구 송촌남로 22 (송촌동) 대전세종충남혈액원,042-623-2166,-,042-622-6141,-,-,-
중앙/지방(기관리스트),대한적십자사,대한적십자사 부산지사,지점,보건복지부,기타공공기관,부산광역시 부산진구 동성로 144 (전포동) 부산지사,051-801-4000,-,051-801-4009,-,-,-
중앙/지방(기관리스트),대한적십자사,대한적십자사 부산혈액원,지점,보건복지부,기타공공기관,부산광역시 부산진구 전포대로 168 (전포동) 부산혈액원,051-810-9000,-,051-816-9593,-,-,-
중앙/지방(기관리스트),대한적십자사,대한적십자사 상주병원,지점,보건복지부,기타공공기관,경상북도 상주시 상서문로 53 (남성동) 상주적십자병원,054-534-3501,-,054-530-3000,-,-,-
중앙/지방(기관리스트),대한적십자사,대한적십자사 서울남부혈액원,지점,보건복지부,기타공공기관,서울특별시 강남구 개포로31길 48 (개포동) 서울남부혈액원,02-570-0600,-,02-571-7479,-,-,-
중앙/지방(기관리스트),대한적십자사,대한적십자사 서울동부혈액원,지점,보건복지부,기타공공기관,서울특별시 노원구 동일로 1329 (상계동) 서울동부혈액원,02-952-0322,-,02-952-0329,-,-,-
중앙/지방(기관리스트),대한적십자사,대한적십자사 서울병원,지점,보건복지부,기타공공기관,서울특별시 종로구 새문안로 9 (평동) 서울적십자병원,02-2002-8000,-,02-738-5664,-,-,-
중앙/지방(기관리스트),대한적십자사,대한적십자사 서울사무소,지점,보건복지부,기타공공기관,서울특별시 중구 소파로 145 (남산동3가) 서울사무소,02-3705-3705,-,02-3705-3528,-,-,-
중앙/지방(기관리스트),대한적십자사,대한적십자사 서울중앙혈액원,지점,보건복지부,기타공공기관,서울특별시 강서구 공항대로 591 (염창동) 서울중앙혈액원,02-6711-0114,-,02-319-6629,-,-,-
중앙/지방(기관리스트),대한적십자사,대한적십자사 서울지사,지점,보건복지부,기타공공기관,서울특별시 성동구 고산자로 356 (마장동) 서울지사,02-2290-6600,-,02-2290-6666,-,-,-
중앙/지방(기관리스트),대한적십자사,대한적십자사 영주병원,지점,보건복지부,기타공공기관,경상북도 영주시 대학로 327 (가흥동) 영주병원,054-630-0100,-,054-630-0199,-,-,-
중앙/지방(기관리스트),대한적십자사,대한적십자사 울산지사,지점,보건복지부,기타공공기관,울산광역시 중구 성안8길 71 (성안동) 울산지사,052-210-9595,-,052-210-9599,-,-,-
중앙/지방(기관리스트),대한적십자사,대한적십자사 울산혈액원,지점,보건복지부,기타공공기관,울산광역시 중구 함월10길 25 (성안동) 울산혈액원,052-210-8500,-,052-210-8519,-,-,-
중앙/지방(기관리스트),대한적십자사,대한적십자사 인도법연구소,지점,보건복지부,기타공공기관,강원도 원주시 혁신로 50 (반곡동) 인도법연구소,02-3705-3690,-,02-3705-3528,-,-,-
중앙/지방(기관리스트),대한적십자사,대한적십자사 인천병원,지점,보건복지부,기타공공기관,인천광역시 연수구 원인재로 263 (연수동) 인천적십자병원,032-899-4000,-,032-899-4240,-,-,-
중앙/지방(기관리스트),대한적십자사,대한적십자사 인천지사,지점,보건복지부,기타공공기관,인천광역시 연수구 함박뫼로 220 (연수동) 인천지사,032-815-5015,-,032-810-1319,-,-,-
중앙/지방(기관리스트),대한적십자사,대한적십자사 인천혈액원,지점,보건복지부,기타공공기관,인천광역시 연수구 함박뫼로 220 (연수동) 인천혈액원,032-815-0631,-,032-815-0630,-,-,-
중앙/지방(기관리스트),대한적십자사,대한적십자사 전북지사,지점,보건복지부,기타공공기관,전라북도 전주시 덕진구 혁신로 463 (장동) 전북지사,063-280-5800,-,063-214-9713,-,-,-
중앙/지방(기관리스트),대한적십자사,대한적십자사 전북혈액원,지점,보건복지부,기타공공기관,전라북도 전주시 덕진구 혁신로 463 (장동) 전북혈액원,063-270-5800,-,063-270-5809,-,-,-
중앙/지방(기관리스트),대한적십자사,대한적십자사 제주지사,지점,보건복지부,기타공공기관,제주특별자치도 제주시 전농로 7 (용담일동) 제주지사,064-758-3501,-,064-758-3507,-,-,-
중앙/지방(기관리스트),대한적십자사,대한적십자사 제주특별자치도혈액원,지점,보건복지부,기타공공기관,제주특별자치도 제주시 오남로 45 (도남동) 제주특별자치도혈액원,064-720-7800,-,064-720-7808,-,-,-
중앙/지방(기관리스트),대한적십자사,대한적십자사 중부혈액검사센터,지점,보건복지부,기타공공기관,대전광역시 대덕구 송촌남로 22 (송촌동) 중부혈액검사센터,042-639-9456,-,042-639-8131,-,-,-
중앙/지방(기관리스트),대한적십자사,대한적십자사 중앙혈액검사센터,지점,보건복지부,기타공공기관,서울특별시 강서구 공항대로69길 18 (염창동) 중앙혈액검사센터,02-2657-0000,-,02-2657-0005,-,-,-
중앙/지방(기관리스트),대한적십자사,대한적십자사 충남지사,지점,보건복지부,기타공공기관,충청남도 홍성군 홍북읍 충남대로 118 충남지사,041-640-4800,-,041-640-4805,-,-,-
중앙/지방(기관리스트),대한적십자사,대한적십자사 충북지사,지점,보건복지부,기타공공기관,충청북도 청주시 흥덕구 가로수로 1000 (휴암동) 충북지사,043-230-8600,-,043-230-8669,-,-,-
중앙/지방(기관리스트),대한적십자사,대한적십자사 충북혈액원,지점,보건복지부,기타공공기관,충청북도 청주시 흥덕구 가로수로 1000 (휴암동) 충북혈액원,043-253-2654,-,043-253-2656,-,-,-
중앙/지방(기관리스트),대한적십자사,대한적십자사 통영병원,지점,보건복지부,기타공공기관,경상남도 통영시 중앙로 97 (서호동) 통영적십자병원,055-644-8901,-,055-644-8908,-,-,-
중앙/지방(기관리스트),대한적십자사,대한적십자사 특수복지사업소,지점,보건복지부,기타공공기관,서울특별시 중구 소파로 143 (남산동3가) 특수복지사업소,02-3705-3781,-,02-755-4799,-,-,-
중앙/지방(기관리스트),대한적십자사,대한적십자사 혈액관리본부,지점,보건복지부,기타공공기관,강원도 원주시 혁신로 50 (반곡동) 혈액관리본부,033-811-0000,-,033-811-0046,-,-,-
중앙/지방(기관리스트),대한적십자사,대한적십자사 혈액수혈연구원,지점,보건복지부,기타공공기관,강원도 원주시 혁신로 50 (반곡동) 혈액수혈연구원,033-811-0200,-,033-811-0209,-,-,-
중앙/지방(기관리스트),대한적십자사,대한적십자사 혈장분획센터,지점,보건복지부,기타공공기관,충청북도 음성군 감곡면 대학길232번길 16 혈장분획센터,043-879-1234,-,043-879-1235,-,-,-
중앙/지방(기관리스트),대한체육회,대한체육회,본점,문화체육관광부,기타공공기관,서울특별시 송파구 올림픽로 424 (방이동) 올림픽회관,02-2144-8114,-,02-414-5583,koc@sports.or.kr,-,-
중앙/지방(기관리스트),대한체육회,대한체육회 진천 국가대표선수촌,지점,문화체육관광부,기타공공기관,충청북도 진천군 광혜원면 선수촌로 105 진천선수촌,043-531-0114,-,043-531-0100,-,-,-
중앙/지방(기관리스트),대한체육회,대한체육회 태릉 국가대표선수촌,지점,문화체육관광부,기타공공기관,서울특별시 노원구 화랑로 681(공릉동) 태릉선수촌,02-970-0114,-,02-970-0200,-,-,-
중앙/지방(기관리스트),대한체육회,대한체육회 태백 국가대표선수촌,지점,문화체육관광부,기타공공기관,강원도 태백시 서학로 266(소도동) 태백선수촌,033-554-0501,-,033-554-0504,-,-,-
중앙/지방(기관리스트),독립기념관,독립기념관,본점,국가보훈부,기타공공기관,충청남도 천안시 동남구 목천읍 독립기념관로 1 독립기념관,041-560-0114,-,041-557-8167,webmaster@i815.or.kr,-,-
중앙/지방(기관리스트),동남권원자력의학원,동남권원자력의학원,본점,과학기술정보통신부,기타공공기관,부산광역시 기장군 장안읍 좌동길 40 동남권원자력의학원,051-720-5114,-,051-720-5992,-,-,-
중앙/지방(기관리스트),동북아역사재단,동북아역사재단,본점,교육부,기타공공기관,서울특별시 서대문구 통일로 81(미근동) NH농협생명빌딩 11층 동북아역사재단,02-2012-6000,-,02-2012-6175,-,-,-
중앙/지방(기관리스트),무역안보관리원,무역안보관리원,본점,산업통상부,기타공공기관,서울특별시 강남구 영동대로 511 (삼성동) 트레이드타워 16층,02-6000-6400,-,02-6000-6420,plan@kosti.or.kr,-,-
중앙/지방(기관리스트),민주화운동기념사업회,민주화운동기념사업회,본점,행정안전부,기타공공기관,경기도 의왕시 내손순환로 132(내손동) 민주화운동기념사업회,031-361-9500,-,-,webmaster@kdemo.or.kr,-,-
중앙/지방(기관리스트),부산대학교병원,부산대학교병원,본점,교육부,기타공공기관,부산광역시 서구 구덕로 179(아미동1가) 부산대학교병원,051-240-7000,-,-,-,-,-
중앙/지방(기관리스트),부산대학교병원,부산대학교병원 양산부산대학교병원,지점,교육부,기타공공기관,경상남도 양산시 물금읍 금오로 20 양산부산대학교병원,1577-7512,-,055-360-1129,gat@pnuyh.co.kr,-,-
중앙/지방(기관리스트),부산대학교치과병원,부산대학교치과병원,본점,교육부,기타공공기관,경상남도 양산시 물금읍 금오로 20 부산대학교치과병원,055-360-5114,-,-,-,-,-
중앙/지방(기관리스트),부산항만공사,부산항만공사,본점,해양수산부,기타공공기관,부산광역시 중구 대교로 122 (중앙동6가) 부산항만공사,051-999-3000,-,-,-,-,-
중앙/지방(기관리스트),부산항만공사,부산항만공사 감천사업소,지점,해양수산부,기타공공기관,부산광역시 사하구 감천항로 35 (감천동) 부산항만공사 감천사업소,051-999-2134,-,051-203-3018,-,-,-
중앙/지방(기관리스트),부산항만공사,부산항만공사 서울사무소,지점,해양수산부,기타공공기관,서울특별시 중구 남대문로 117 (다동) 503호(부산항만공사 서울지사),02-779-7255,-,02-779-7259,-,-,-
중앙/지방(기관리스트),부산항만공사,부산항만공사 신항지사,지점,해양수산부,기타공공기관,부산광역시 강서구 신항로 96-87 (성북동) 부산항만공사 신항지사,051-999-2117,-,051-972-6397,-,-,-
중앙/지방(기관리스트),북한이탈주민지원재단,북한이탈주민지원재단,본점,통일부,기타공공기관,서울특별시 마포구 새창로 7(도화동) 4·5·14층,02-3215-5800,1577-6635,-,koreahana@nkrf.or.kr,-,-
중앙/지방(기관리스트),분당서울대학교병원,분당서울대학교병원,본점,교육부,기타공공기관,경기도 성남시 분당구 구미로173번길 82 (구미동) 분당서울대학교병원,031-787-1107,1588-3369,-,-,-,-
중앙/지방(기관리스트),사립학교교직원연금공단,사립학교교직원연금공단,본점,교육부,기타공공기관,전라남도 나주시 문화로 245(빛가람동) 사립학교교직원연금공단,061-338-0000,1588-4110,-,-,-,-
중앙/지방(기관리스트),사립학교교직원연금공단,사립학교교직원연금공단 사학연금 대전센터,지점,교육부,기타공공기관,대전광역시 서구 한밭대로 809 (둔산동) 14층 대전지부,042-538-2371,-,02-2070-1127,-,-,-
중앙/지방(기관리스트),사립학교교직원연금공단,사립학교교직원연금공단 사학연금 부산센터,지점,교육부,기타공공기관,부산광역시 부산진구 범일로 181 (범천동) 7층,051-637-5207,-,02-2070-1128,-,-,-
중앙/지방(기관리스트),사립학교교직원연금공단,사립학교교직원연금공단 사학연금 서울센터,지점,교육부,기타공공기관,서울특별시 영등포구 여의대로 24 (여의도동) 7층,02-769-4115,-,02-2070-1125,-,-,-
중앙/지방(기관리스트),사립학교교직원연금공단,사립학교교직원연금공단 연금dream 콜센터,지점,교육부,기타공공기관,대전광역시 서구 한밭대로 809 (둔산동) 20층,1588-4110,-,042-527-5362,-,-,-
중앙/지방(기관리스트),산업연구원,산업연구원,본점,국무조정실,기타공공기관,세종특별자치시 시청대로 370 (반곡동) 경제정책동 8~12F,044-287-3114,-,044-287-3333,webmaster@kiet.re.kr,-,-
중앙/지방(기관리스트),새만금개발공사,새만금개발공사,본점,국토교통부,기타공공기관,전라북도 군산시 새만금북로 466 (오식도동) 새만금개발공사,063-440-6888,-,063-440-6884,-,-,-
중앙/지방(기관리스트),서민금융진흥원,서민금융진흥원,본점,금융위원회,기타공공기관,"서울특별시 중구 세종대로 14(남대문로5가) 9층,10층,11층,12층,14층",1397,-,-,-,-,-
중앙/지방(기관리스트),서민금융진흥원,서민금융진흥원 강남 서민금융통합지원센터,지점,금융위원회,기타공공기관,서울특별시 강남구 강남대로 450 (역삼동) 한국자산관리공사 1층,1397,-,-,-,-,-
중앙/지방(기관리스트),서민금융진흥원,서민금융진흥원 강릉 서민금융통합지원센터,지점,금융위원회,기타공공기관,강원도 강릉시 강릉대로 33 (홍제동) 강릉시청 15층,1397,-,-,-,-,-
중앙/지방(기관리스트),서민금융진흥원,서민금융진흥원 거제 서민금융통합지원센터,지점,금융위원회,기타공공기관,경상남도 거제시 서문로5길 6(고현동) 우형빌딩 3층,1397,-,-,-,-,-
중앙/지방(기관리스트),서민금융진흥원,서민금융진흥원 경주 서민금융통합지원센터,지점,금융위원회,기타공공기관,경상북도 경주시 원화로 396 (동천동) 경주고용복지플러스센터 3층,1397,-,-,-,-,-
중앙/지방(기관리스트),서민금융진흥원,서민금융진흥원 계양 서민금융통합지원센터,지점,금융위원회,기타공공기관,인천광역시 계양구 장제로 804(계산동) 인천북부고용복지플러스센터 4층,1397,-,-,-,-,-
중앙/지방(기관리스트),서민금융진흥원,서민금융진흥원 고양 서민금융통합지원센터,지점,금융위원회,기타공공기관,경기도 고양시 일산동구 중앙로 1187 (장항동) 흥국생명빌딩 6층,1397,-,-,-,-,-
중앙/지방(기관리스트),서민금융진흥원,서민금융진흥원 관악 서민금융통합지원센터,지점,금융위원회,기타공공기관,서울특별시 관악구 시흥대로 578 (신림동) 광안빌딩 6층,1397,-,-,-,-,-
중앙/지방(기관리스트),서민금융진흥원,서민금융진흥원 광주 서민금융통합지원센터,지점,금융위원회,기타공공기관,광주광역시 동구 금남로 182 (금남로5가) 우리종합금융 6층,1397,-,-,-,-,-
중앙/지방(기관리스트),서민금융진흥원,서민금융진흥원 광진 서민금융통합지원센터,지점,금융위원회,기타공공기관,서울특별시 광진구 광나루로56길 85 (구의동) 테크노마트 5층,1397,-,-,-,-,-
중앙/지방(기관리스트),서민금융진흥원,서민금융진흥원 구리 서민금융통합지원센터,지점,금융위원회,기타공공기관,경기도 구리시 건원대로 44(인창동) 2층,1397,-,-,-,-,-
중앙/지방(기관리스트),서민금융진흥원,서민금융진흥원 구미 서민금융통합지원센터,지점,금융위원회,기타공공기관,경상북도 구미시 송정대로 73 (송정동) KB손해보험빌딩 2층,1397,-,-,-,-,-
중앙/지방(기관리스트),서민금융진흥원,서민금융진흥원 군산 서민금융통합지원센터,지점,금융위원회,기타공공기관,전라북도 군산시 조촌로 62(조촌동) 3층,1397,-,-,-,-,-
중앙/지방(기관리스트),서민금융진흥원,서민금융진흥원 김포 서민금융통합지원센터,지점,금융위원회,기타공공기관,경기도 김포시 김포한강4로 125 (장기동) 월드타워빌딩 2층 제202호,1397,-,-,-,-,-
중앙/지방(기관리스트),서민금융진흥원,서민금융진흥원 노원 서민금융통합지원센터,지점,금융위원회,기타공공기관,서울특별시 노원구 노해로 460(상계동) 3층,1397,-,-,-,-,-
중앙/지방(기관리스트),서민금융진흥원,서민금융진흥원 당진 서민금융통합지원센터,지점,금융위원회,기타공공기관,충청남도 당진시 천변1길 224-14 (대덕동) 2층,1397,-,-,-,-,-
중앙/지방(기관리스트),서민금융진흥원,서민금융진흥원 대구 서민금융통합지원센터,지점,금융위원회,기타공공기관,대구광역시 중구 경상감영길 155 (동문동) SC제일은행 4층,1397,-,-,-,-,-
중앙/지방(기관리스트),서민금융진흥원,서민금융진흥원 대전 서민금융통합지원센터,지점,금융위원회,기타공공기관,대전광역시 중구 중앙로 116(대흥동) 3층,1397,-,-,-,-,-
중앙/지방(기관리스트),서민금융진흥원,서민금융진흥원 목포 서민금융통합지원센터,지점,금융위원회,기타공공기관,전라남도 무안군 삼향읍 오룡3길 2 전남중소기업진흥원 5층,1397,-,-,-,-,-
중앙/지방(기관리스트),서민금융진흥원,서민금융진흥원 부산 서민금융통합지원센터,지점,금융위원회,기타공공기관,부산광역시 연제구 중앙대로 1000 (연산동) 국민연금공단 16층,1397,-,-,-,-,-
중앙/지방(기관리스트),서민금융진흥원,서민금융진흥원 부천 서민금융통합지원센터,지점,금융위원회,기타공공기관,경기도 부천시 송내대로 66 (상동) 용운빌딩 8층,1397,-,-,-,-,-
중앙/지방(기관리스트),서민금융진흥원,서민금융진흥원 북광주 서민금융통합지원센터,지점,금융위원회,기타공공기관,광주광역시 북구 임방울대로 1063(용두동) 6층(1~3호),1397,-,-,-,-,-
중앙/지방(기관리스트),서민금융진흥원,서민금융진흥원 사상 서민금융통합지원센터,지점,금융위원회,기타공공기관,부산광역시 사상구 광장로 76 (괘법동) 송원센터빌딩 10층,1397,-,-,-,-,-
중앙/지방(기관리스트),서민금융진흥원,서민금융진흥원 서대구 서민금융통합지원센터,지점,금융위원회,기타공공기관,대구광역시 달서구 달구벌대로 1780 (두류동) 삼희빌딩 2층,1397,-,-,-,-,-
중앙/지방(기관리스트),서민금융진흥원,서민금융진흥원 성남 서민금융통합지원센터,지점,금융위원회,기타공공기관,경기도 성남시 분당구 황새울로258번길 31(수내동) 2층,1397,-,-,-,-,-
중앙/지방(기관리스트),서민금융진흥원,서민금융진흥원 속초 서민금융통합지원센터,지점,금융위원회,기타공공기관,강원도 속초시 동해대로 4178 (조양동) 속초고용복지플러스센터 3층,1397,-,-,-,-,-
중앙/지방(기관리스트),서민금융진흥원,서민금융진흥원 수원 서민금융통합지원센터,지점,금융위원회,기타공공기관,경기도 수원시 팔달구 매산로 37 (매산로2가) 코스모수원빌딩 8층,1397,-,-,-,-,-
중앙/지방(기관리스트),서민금융진흥원,서민금융진흥원 순천 서민금융통합지원센터,지점,금융위원회,기타공공기관,전라남도 순천시 중앙로 39 (저전동) 동양생명빌딩 6층,1397,-,-,-,-,-
중앙/지방(기관리스트),서민금융진흥원,서민금융진흥원 안동 서민금융통합지원센터,지점,금융위원회,기타공공기관,경상북도 안동시 경동로 400 (태화동) 안동고용복지플러스센터 2층,1397,-,-,-,-,-
중앙/지방(기관리스트),서민금융진흥원,서민금융진흥원 안산 서민금융통합지원센터,지점,금융위원회,기타공공기관,경기도 안산시 단원구 중앙대로 927 (고잔동) 남양빌딩 5층,1397,-,-,-,-,-
중앙/지방(기관리스트),서민금융진흥원,서민금융진흥원 안양 서민금융통합지원센터,지점,금융위원회,기타공공기관,경기도 안양시 만안구 안양로 270 (안양동) 남서울빌딩 7층,1397,-,-,-,-,-
중앙/지방(기관리스트),서민금융진흥원,서민금융진흥원 양산 서민금융통합지원센터,지점,금융위원회,기타공공기관,경상남도 양산시 물금읍 증산역로 135 5층,1397,-,-,-,-,-
중앙/지방(기관리스트),서민금융진흥원,서민금융진흥원 양천 서민금융통합지원센터,지점,금융위원회,기타공공기관,서울특별시 양천구 목동로 177 (신정동) 정동빌딩 7층,1397,-,-,-,-,-
중앙/지방(기관리스트),서민금융진흥원,서민금융진흥원 울산 서민금융통합지원센터,지점,금융위원회,기타공공기관,울산광역시 남구 화합로 138(삼산동) 옥산빌딩 2층,1397,-,-,-,-,-
중앙/지방(기관리스트),서민금융진흥원,서민금융진흥원 원주 서민금융통합지원센터,지점,금융위원회,기타공공기관,강원도 원주시 시청로 36 (무실동) 씨티타워 2층,1397,-,-,-,-,-
중앙/지방(기관리스트),서민금융진흥원,서민금융진흥원 의정부 서민금융통합지원센터,지점,금융위원회,기타공공기관,경기도 의정부시 평화로 516 (의정부동) 한화생명빌딩 4층,1397,-,-,-,-,-
중앙/지방(기관리스트),서민금융진흥원,서민금융진흥원 익산 서민금융통합지원센터,지점,금융위원회,기타공공기관,전라북도 익산시 익산대로16길 39 (창인동1가) SK빌딩 11층,1397,-,-,-,-,-
중앙/지방(기관리스트),서민금융진흥원,서민금융진흥원 인천 서민금융통합지원센터,지점,금융위원회,기타공공기관,인천광역시 남동구 인주대로 611(구월동) 삼성생명빌딩 15층,1397,-,-,-,-,-
중앙/지방(기관리스트),서민금융진흥원,서민금융진흥원 전주 서민금융통합지원센터,지점,금융위원회,기타공공기관,전라북도 전주시 덕진구 기린대로 396(금암동) 세광타워 3층,1397,-,-,-,-,-
중앙/지방(기관리스트),서민금융진흥원,서민금융진흥원 제주 서민금융통합지원센터,지점,금융위원회,기타공공기관,제주특별자치도 제주시 중앙로 165 (이도일동) 제주고용복지플러스센터 3층,1397,-,-,-,-,-
중앙/지방(기관리스트),서민금융진흥원,서민금융진흥원 중앙 서민금융통합지원센터,지점,금융위원회,기타공공기관,서울특별시 중구 세종대로 124 (태평로1가) 프레스빌딩 6층,1397,-,-,-,-,-
중앙/지방(기관리스트),서민금융진흥원,서민금융진흥원 진주 서민금융통합지원센터,지점,금융위원회,기타공공기관,경상남도 진주시 진양호로 563 (장대동) 안성빌딩 진주고용복지플러스센터 3층,1397,-,-,-,-,-
중앙/지방(기관리스트),서민금융진흥원,서민금융진흥원 창원 서민금융통합지원센터,지점,금융위원회,기타공공기관,경상남도 창원시 성산구 중앙대로 82(상남동) 삼성생명빌딩 3층,1397,-,-,-,-,-
중앙/지방(기관리스트),서민금융진흥원,서민금융진흥원 천안 서민금융통합지원센터,지점,금융위원회,기타공공기관,충청남도 천안시 동남구 충절로 17 (신부동) 삼성생명빌딩 9층,1397,-,-,-,-,-
중앙/지방(기관리스트),서민금융진흥원,서민금융진흥원 청주 서민금융통합지원센터,지점,금융위원회,기타공공기관,충청북도 청주시 상당구 상당로81번길 4 (북문로1가) 미리에셋대우증권빌딩 4층,1397,-,-,-,-,-
중앙/지방(기관리스트),서민금융진흥원,서민금융진흥원 춘천 서민금융통합지원센터,지점,금융위원회,기타공공기관,강원도 춘천시 금강로 45 (요선동) 기업은행 춘천지점 2층,1397,-,-,-,-,-
중앙/지방(기관리스트),서민금융진흥원,서민금융진흥원 충주 서민금융통합지원센터,지점,금융위원회,기타공공기관,충청북도 충주시 탄금대로 39 (봉방동) 세일빌딩 2층,1397,-,-,-,-,-
중앙/지방(기관리스트),서민금융진흥원,서민금융진흥원 평택 서민금융통합지원센터,지점,금융위원회,기타공공기관,경기도 평택시 평택로 149(신대동) 2층,1397,-,-,-,-,-
중앙/지방(기관리스트),서민금융진흥원,서민금융진흥원 포항 서민금융통합지원센터,지점,금융위원회,기타공공기관,경상북도 포항시 북구 중흥로 231(죽도동) 동양빌딩 6층,1397,-,-,-,-,-
중앙/지방(기관리스트),서민금융진흥원,서민금융진흥원 하남 서민금융통합지원센터,지점,금융위원회,기타공공기관,경기도 하남시 미사강변대로 52(풍산동) 3층,1397,-,-,-,-,-
중앙/지방(기관리스트),서민금융진흥원,서민금융진흥원 홍성 서민금융통합지원센터,지점,금융위원회,기타공공기관,충청남도 홍성군 홍성읍 조양로 136 충남빌딩 6층 301호,1397,-,-,-,-,-
중앙/지방(기관리스트),서울대학교병원,서울대학교병원,본점,교육부,기타공공기관,서울특별시 종로구 대학로 101(연건동) 서울대학교병원,1588-5700,1588-5700,-,-,-,-
중앙/지방(기관리스트),서울대학교병원,서울대학교병원 강남센터,지점,교육부,기타공공기관,"서울특별시 강남구 테헤란로 152 (역삼동, 강남파이낸스센터) 38~40층 서울대학교병원 강남센터",02-2112-5500,-,-,-,-,-
중앙/지방(기관리스트),서울대학교병원,서울대학교병원 분당서울대학교병원,지점,교육부,기타공공기관,경기도 성남시 분당구 구미로173번길 82 (구미동) 분당서울대학교병원,1588-3369,-,-,-,-,-
중앙/지방(기관리스트),서울대학교병원,서울대학교병원 인재원,지점,교육부,기타공공기관,경상북도 문경시 문경읍 온천강변1길 77 서울대학교병원 인재원,054-559-2200,-,-,-,-,-
중앙/지방(기관리스트),서울대학교치과병원,서울대학교치과병원,본점,교육부,기타공공기관,서울특별시 종로구 대학로 101 (연건동) 서울대학교치과병원,02-6256-3114,1522-2700,-,-,-,-
중앙/지방(기관리스트),서울대학교치과병원,서울대학교치과병원 관악서울대학교치과병원,지점,교육부,기타공공기관,서울특별시 관악구 관악로 1 (신림동) 관악서울대학교치과병원,02-6256-3900,-,02-6256-3927,-,-,-
중앙/지방(기관리스트),서울올림픽기념국민체육진흥공단,서울올림픽기념국민체육진흥공단,본점,문화체육관광부,준정부기관(기금관리형),서울특별시 송파구 올림픽로 424(방이동) 올림픽문화센터,02-410-1114,410-1114,02-410-1219,-,-,-
중앙/지방(기관리스트),서울올림픽기념국민체육진흥공단,서울올림픽기념국민체육진흥공단 강남스피존(경륜·경정),지점,문화체육관광부,준정부기관(기금관리형),서울특별시 강남구 학동로 171 (논현동) 강남스피존,02-549-0072,-,-,-,-,-
중앙/지방(기관리스트),서울올림픽기념국민체육진흥공단,서울올림픽기념국민체육진흥공단 경주사업총괄본부(경륜),지점,문화체육관광부,준정부기관(기금관리형),경기도 광명시 광명로 721 (광명동) 경륜사업본부(광명스피돔),02-2067-5000,-,02-2067-5308,-,-,-
중앙/지방(기관리스트),서울올림픽기념국민체육진흥공단,서울올림픽기념국민체육진흥공단 경주사업총괄본부(경정),지점,문화체육관광부,준정부기관(기금관리형),경기도 하남시 미사대로 505 (신장동) 경정사업본부,031-790-8496,-,031-790-8428,-,-,-
중앙/지방(기관리스트),서울올림픽기념국민체육진흥공단,서울올림픽기념국민체육진흥공단 관악스피존(경륜·경정),지점,문화체육관광부,준정부기관(기금관리형),서울특별시 관악구 신림로59길 23 (신림동) 관악스피존,02-874-4221,-,-,-,-,-
중앙/지방(기관리스트),서울올림픽기념국민체육진흥공단,서울올림픽기념국민체육진흥공단 동대문스피존(경륜·경정),지점,문화체육관광부,준정부기관(기금관리형),서울특별시 중구 장충단로 263 (을지로6가) 동대문스피존,02-2067-6161,-,-,-,-,-
중앙/지방(기관리스트),서울올림픽기념국민체육진흥공단,서울올림픽기념국민체육진흥공단 부천사업소TF(경륜),지점,문화체육관광부,준정부기관(기금관리형),경기도 부천시 부천로 1(심곡본동) 부천사업소TF,032-664-7887,-,-,-,-,-
중앙/지방(기관리스트),서울올림픽기념국민체육진흥공단,서울올림픽기념국민체육진흥공단 분당스피존(경륜·경정),지점,문화체육관광부,준정부기관(기금관리형),경기도 성남시 분당구 성남대로925번길 11 (야탑동) 분당스피존,031-703-5721,-,-,-,-,-
중앙/지방(기관리스트),서울올림픽기념국민체육진흥공단,서울올림픽기념국민체육진흥공단 산본사업소TF(경륜),지점,문화체육관광부,준정부기관(기금관리형),경기도 군포시 번영로 504(산본동) 산본사업소TF,031-399-2781,-,-,-,-,-
중앙/지방(기관리스트),서울올림픽기념국민체육진흥공단,서울올림픽기념국민체육진흥공단 성북스피존(경륜·경정),지점,문화체육관광부,준정부기관(기금관리형),서울특별시 성북구 동소문로 300 (하월곡동) 성북스피존,02-918-0542,-,-,-,-,-
중앙/지방(기관리스트),서울올림픽기념국민체육진흥공단,서울올림픽기념국민체육진흥공단 수원사업소TF(경륜),지점,문화체육관광부,준정부기관(기금관리형),경기도 수원시 팔달구 효원로 288(인계동) 수원사업소TF,031-224-5700,-,-,-,-,-
중앙/지방(기관리스트),서울올림픽기념국민체육진흥공단,서울올림픽기념국민체육진흥공단 시흥스피존(경륜·경정),지점,문화체육관광부,준정부기관(기금관리형),경기도 시흥시 월곶중앙로 38 (월곶동) 시흥스피존,031-404-4500,-,-,-,-,-
중앙/지방(기관리스트),서울올림픽기념국민체육진흥공단,서울올림픽기념국민체육진흥공단 올림픽유스호스텔(서울올림픽파크텔),지점,문화체육관광부,준정부기관(기금관리형),서울특별시 송파구 올림픽로 448 (방이동) 서울올림픽파크텔,02-410-2114,-,02-410-2102,-,-,-
중앙/지방(기관리스트),서울올림픽기념국민체육진흥공단,서울올림픽기념국민체육진흥공단 의정부스피존(경륜·경정),지점,문화체육관광부,준정부기관(기금관리형),경기도 의정부시 시민로 80 (의정부동) 의정부스피존,031-837-9999,-,-,-,-,-
중앙/지방(기관리스트),서울올림픽기념국민체육진흥공단,서울올림픽기념국민체육진흥공단 인천스피존(경륜·경정),지점,문화체육관광부,준정부기관(기금관리형),인천광역시 중구 참외전로 125 (인현동) 인천스피존,032-764-0900,-,-,-,-,-
중앙/지방(기관리스트),서울올림픽기념국민체육진흥공단,서울올림픽기념국민체육진흥공단 장안스피존(경륜·경정),지점,문화체육관광부,준정부기관(기금관리형),서울특별시 동대문구 장한로2길 33 (장안동) 장안스피존,02-2247-3654,-,-,-,-,-
중앙/지방(기관리스트),서울올림픽기념국민체육진흥공단,서울올림픽기념국민체육진흥공단 중랑스피존(경륜·경정),지점,문화체육관광부,준정부기관(기금관리형),서울특별시 중랑구 상봉로 117 (상봉동) 상봉스피존,02-2209-7670,-,-,-,-,-
중앙/지방(기관리스트),서울올림픽기념국민체육진흥공단,서울올림픽기념국민체육진흥공단 천안스피존(경륜·경정),지점,문화체육관광부,준정부기관(기금관리형),충청남도 천안시 서북구 두정로 220 (두정동) 천안스피존,041-566-9999,-,-,-,-,-
중앙/지방(기관리스트),서울올림픽기념국민체육진흥공단,서울올림픽기념국민체육진흥공단 한국스포츠정책과학원,지점,문화체육관광부,준정부기관(기금관리형),서울특별시 노원구 화랑로 727 (공릉동) 한국스포츠정책과학원,02-970-9500,-,02-970-9502,-,-,-
중앙/지방(기관리스트),서울요양원,서울요양원,본점,보건복지부,준정부기관(위탁집행형),서울특별시 강남구 헌릉로590길 50 (세곡동) 국민건강보험공단 서울요양원,02-2160-1000,-,02-6918-0883,-,-,-
중앙/지방(기관리스트),선박해양플랜트연구소,선박해양플랜트연구소,본점,해양수산부,기타공공기관,대전광역시 유성구 유성대로1312번길 32 (장동) 한국해양과학기술원 부설 선박해양플랜트연구소,042-866-3114,-,-,-,-,-
중앙/지방(기관리스트),세종학당재단,세종학당재단,본점,문화체육관광부,기타공공기관,서울특별시 서초구 반포대로 22 (서초동) 서초평화빌딩 11-12층,02-3276-0700,-,-,-,-,-
중앙/지방(기관리스트),소상공인시장진흥공단,소상공인시장진흥공단,본점,중소벤처기업부,준정부기관(기금관리형),대전광역시 유성구 지족로364번길 92 (지족동) 2층 소상공인시장진흥공단,1357-1357,1357-1357,-,-,-,-
중앙/지방(기관리스트),소상공인시장진흥공단,소상공인시장진흥공단 (강원)강릉센터,지점,중소벤처기업부,준정부기관(기금관리형),강원도 강릉시 종합운동장길 88 (교동) 대한상공회의소 3층,033-645-1950,-,033-645-3695,-,-,-
중앙/지방(기관리스트),소상공인시장진흥공단,소상공인시장진흥공단 (강원)삼척센터,지점,중소벤처기업부,준정부기관(기금관리형),강원도 삼척시 중앙로 296 (교동) 삼척시청 1층,033-575-1950,-,033-575-1953,-,-,-
중앙/지방(기관리스트),소상공인시장진흥공단,소상공인시장진흥공단 (강원)원주센터,지점,중소벤처기업부,준정부기관(기금관리형),강원도 원주시 호저로 47 (우산동) 강원도산업경제진흥원 201호,033-746-1950,-,033-746-1990,-,-,-
중앙/지방(기관리스트),소상공인시장진흥공단,소상공인시장진흥공단 (강원)춘천센터,지점,중소벤처기업부,준정부기관(기금관리형),강원도 춘천시 금강로 81 (운교동) 신한은행강원본부 2층,033-243-1950,-,033-244-9164,-,-,-
중앙/지방(기관리스트),소상공인시장진흥공단,소상공인시장진흥공단 (경기)고양센터,지점,중소벤처기업부,준정부기관(기금관리형),경기도 고양시 일산동구 장백로 204 (장항동) 보림빌딩 604호,031-925-4266,-,031-925-4269,-,-,-
중앙/지방(기관리스트),소상공인시장진흥공단,소상공인시장진흥공단 (경기)광명센터,지점,중소벤처기업부,준정부기관(기금관리형),경기도 광명시 오리로 904 (철산동) 영우프라자빌딩 5층 505호,02-2066-6348,-,02-2066-6347,-,-,-
중앙/지방(기관리스트),소상공인시장진흥공단,소상공인시장진흥공단 (경기)부천센터,지점,중소벤처기업부,준정부기관(기금관리형),경기도 부천시 장말로 289 (심곡동) 부천상공회의소 1층,032-655-0381,-,032-655-0383,-,-,-
중앙/지방(기관리스트),소상공인시장진흥공단,소상공인시장진흥공단 (경기)성남센터,지점,중소벤처기업부,준정부기관(기금관리형),경기도 성남시 분당구 황새울로 346 (서현동) 우리은행 건물 4층,031-705-7341,-,031-707-7345,-,-,-
중앙/지방(기관리스트),소상공인시장진흥공단,소상공인시장진흥공단 (경기)수원센터,지점,중소벤처기업부,준정부기관(기금관리형),경기도 수원시 영통구 반달로 87 (영통동) 경기지방중소기업청 1층,031-244-5161,-,031-244-5123,-,-,-
중앙/지방(기관리스트),소상공인시장진흥공단,소상공인시장진흥공단 (경기)안산센터,지점,중소벤처기업부,준정부기관(기금관리형),경기도 안산시 단원구 중앙대로 815 (고잔동) 1층,031-482-2590,-,031-482-2593,-,-,-
중앙/지방(기관리스트),소상공인시장진흥공단,소상공인시장진흥공단 (경기)안양센터,지점,중소벤처기업부,준정부기관(기금관리형),경기도 안양시 동안구 시민대로 278 (관양동) 신한은행평촌지점 3층,031-383-1002,-,031-383-0550,-,-,-
중앙/지방(기관리스트),소상공인시장진흥공단,소상공인시장진흥공단 (경기)의정부센터,지점,중소벤처기업부,준정부기관(기금관리형),경기도 의정부시 신흥로 251 (의정부동) 구성타워 14층,031-876-4384,-,031-876-4386,-,-,-
중앙/지방(기관리스트),소상공인시장진흥공단,소상공인시장진흥공단 (경기)평택센터,지점,중소벤처기업부,준정부기관(기금관리형),경기도 평택시 송탄로 421 (지산동) 송탄농협 중앙지점 3층,031-666-0260,-,031-666-0270,-,-,-
중앙/지방(기관리스트),소상공인시장진흥공단,소상공인시장진흥공단 (경기)화성센터,지점,중소벤처기업부,준정부기관(기금관리형),경기도 화성시 동탄반석로 144 (반송동) 동탄스카이뷰빌딩 503호,031-8015-5301,-,031-8015-5304,-,-,-
중앙/지방(기관리스트),소상공인시장진흥공단,소상공인시장진흥공단 (경남)김해센터,지점,중소벤처기업부,준정부기관(기금관리형),경상남도 김해시 호계로422번길 24 (부원동) 김해상공회의소 1층,055-323-4960,-,055-323-4963,-,-,-
중앙/지방(기관리스트),소상공인시장진흥공단,소상공인시장진흥공단 (경남)진주센터,지점,중소벤처기업부,준정부기관(기금관리형),경상남도 진주시 충의로 26 (충무공동) 경남은행 영업본부 3층,055-758-6701,-,055-758-7102,-,-,-
중앙/지방(기관리스트),소상공인시장진흥공단,소상공인시장진흥공단 (경남)창원센터,지점,중소벤처기업부,준정부기관(기금관리형),경상남도 창원시 성산구 중앙대로 23 (중앙동) 경남은행창원영업부 3층,055-275-3261,-,055-275-3264,-,-,-
중앙/지방(기관리스트),소상공인시장진흥공단,소상공인시장진흥공단 (경남)통영센터,지점,중소벤처기업부,준정부기관(기금관리형),경상남도 통영시 광도면 죽림1로 73 농협은행(한려지점) 3층,061-648-2107,-,061-648-2109,-,-,-
중앙/지방(기관리스트),소상공인시장진흥공단,소상공인시장진흥공단 (경북)경주센터,지점,중소벤처기업부,준정부기관(기금관리형),경상북도 경주시 북문로 125-5 (성동동) 한국외식업중앙회 경주시지부 3층,054-776-8343,-,054-776-8346,-,-,-
중앙/지방(기관리스트),소상공인시장진흥공단,소상공인시장진흥공단 (경북)구미센터,지점,중소벤처기업부,준정부기관(기금관리형),경상북도 구미시 구미대로 350-27 (신평동) 구미시종합비즈니스지원센터 4층 408호,054-475-5682,-,054-475-5681,-,-,-
중앙/지방(기관리스트),소상공인시장진흥공단,소상공인시장진흥공단 (경북)안동센터,지점,중소벤처기업부,준정부기관(기금관리형),경상북도 안동시 경동로 661 (남부동) 남부빌딩 2층,054-854-3281,-,054-854-3284,-,-,-
중앙/지방(기관리스트),소상공인시장진흥공단,소상공인시장진흥공단 (경북)포항센터,지점,중소벤처기업부,준정부기관(기금관리형),경상북도 포항시 북구 포스코대로 299 (죽도동) 신한은행 4층,054-231-4363,-,054-231-4364,-,-,-
중앙/지방(기관리스트),소상공인시장진흥공단,소상공인시장진흥공단 (광주)남부센터,지점,중소벤처기업부,준정부기관(기금관리형),광주광역시 서구 천변좌로 268 (양동) 21층,062-366-2122,-,062-366-2136,-,-,-
중앙/지방(기관리스트),소상공인시장진흥공단,소상공인시장진흥공단 (광주)북부센터,지점,중소벤처기업부,준정부기관(기금관리형),광주광역시 북구 동문대로 193 (두암동) 동광주빌딩 2층,062-525-2724,-,062-525-2726,-,-,-
중앙/지방(기관리스트),소상공인시장진흥공단,소상공인시장진흥공단 (광주)서부센터,지점,중소벤처기업부,준정부기관(기금관리형),광주광역시 광산구 하남산단8번로 177 (도천동) 광주광역시경제고용진흥원 7층,062-954-2084,-,062-954-2085,-,-,-
중앙/지방(기관리스트),소상공인시장진흥공단,소상공인시장진흥공단 (대구)남부센터,지점,중소벤처기업부,준정부기관(기금관리형),대구광역시 중구 국채보상로102길 2 (동산동) 우리은행(동산동지점) 3층,053-629-4200,-,053-628-4314,-,-,-
중앙/지방(기관리스트),소상공인시장진흥공단,소상공인시장진흥공단 (대구)북부센터,지점,중소벤처기업부,준정부기관(기금관리형),대구광역시 북구 옥산로17길 14 (칠성동2가) 리치프라자 2층,053-341-1500,-,053-341-3900,-,-,-
중앙/지방(기관리스트),소상공인시장진흥공단,소상공인시장진흥공단 (대전)남부센터,지점,중소벤처기업부,준정부기관(기금관리형),대전광역시 중구 중앙로 76 (대흥동) 영민빌딩 3층 303호(하나은행 대흥동지점 3층),042-223-5301,-,042-223-0665,-,-,-
중앙/지방(기관리스트),소상공인시장진흥공단,소상공인시장진흥공단 (대전)북부센터,지점,중소벤처기업부,준정부기관(기금관리형),대전광역시 유성구 가정북로 96 (장동) 102호,042-864-1602,-,042-864-1606,-,-,-
중앙/지방(기관리스트),소상공인시장진흥공단,소상공인시장진흥공단 (부산)남부센터,지점,중소벤처기업부,준정부기관(기금관리형),부산광역시 연제구 중앙대로 1090 (연산동) 프라임시티 6층,051-633-6562,-,051-633-0675,-,-,-
중앙/지방(기관리스트),소상공인시장진흥공단,소상공인시장진흥공단 (부산)동부센터,지점,중소벤처기업부,준정부기관(기금관리형),부산광역시 수영구 수영로 591 (광안동) 부산은행 광안동지점 2층,051-761-2561,-,051-761-2564,-,-,-
중앙/지방(기관리스트),소상공인시장진흥공단,소상공인시장진흥공단 (부산)북부센터,지점,중소벤처기업부,준정부기관(기금관리형),부산광역시 북구 만덕대로27번길 3 (덕천동) 대흥빌딩 8층,051-341-8052,-,051-342-8175,-,-,-
중앙/지방(기관리스트),소상공인시장진흥공단,소상공인시장진흥공단 (부산)중부센터,지점,중소벤처기업부,준정부기관(기금관리형),부산광역시 중구 중앙대로 63 (중앙동3가) 부산우체국 12층,051-469-1644,-,051-469-3286,-,-,-
중앙/지방(기관리스트),소상공인시장진흥공단,소상공인시장진흥공단 (서울)남부센터,지점,중소벤처기업부,준정부기관(기금관리형),서울특별시 서초구 서초중앙로 117 (서초동) 훈민타워 4층,02-585-8622,-,02-585-8626,-,-,-
중앙/지방(기관리스트),소상공인시장진흥공단,소상공인시장진흥공단 (서울)동부센터,지점,중소벤처기업부,준정부기관(기금관리형),서울특별시 광진구 자양로 142 (구의동) 청양빌딩 4층,02-2215-0981,-,02-2215-0984,-,-,-
중앙/지방(기관리스트),소상공인시장진흥공단,소상공인시장진흥공단 (서울)북부센터,지점,중소벤처기업부,준정부기관(기금관리형),서울특별시 강북구 도봉로 186 (미아동) 제이슨빌딩 5층,02-990-9101,-,02-990-9104,-,-,-
중앙/지방(기관리스트),소상공인시장진흥공단,소상공인시장진흥공단 (서울)서부센터,지점,중소벤처기업부,준정부기관(기금관리형),서울특별시 영등포구 영등포로 33 (양평동2가) 목동비즈타워 604호,02-839-8311,-,02-839-8730,-,-,-
중앙/지방(기관리스트),소상공인시장진흥공단,소상공인시장진흥공단 (서울)중부센터,지점,중소벤처기업부,준정부기관(기금관리형),서울특별시 종로구 삼봉로 95 (견지동) 대성스카이렉스 102동 2층,02-720-4711,-,02-730-9360,-,-,-
중앙/지방(기관리스트),소상공인시장진흥공단,소상공인시장진흥공단 (울산)울산센터,지점,중소벤처기업부,준정부기관(기금관리형),울산광역시 남구 돋질로 97 (신정동) 울산상공회의소 5층,052-260-6388,-,052-260-2472,-,-,-
중앙/지방(기관리스트),소상공인시장진흥공단,소상공인시장진흥공단 (인천)남부센터,지점,중소벤처기업부,준정부기관(기금관리형),인천광역시 미추홀구 인주대로 416 (주안동) 삼원빌딩 2층,032-437-3570,-,032-437-3574,-,-,-
중앙/지방(기관리스트),소상공인시장진흥공단,소상공인시장진흥공단 (인천)북부센터,지점,중소벤처기업부,준정부기관(기금관리형),인천광역시 부평구 부흥로 337 (부평동) 부흥오거리 신한은행건물 5층,032-514-4010,-,032-514-4014,-,-,-
중앙/지방(기관리스트),소상공인시장진흥공단,소상공인시장진흥공단 (전남)나주센터,지점,중소벤처기업부,준정부기관(기금관리형),전라남도 나주시 빛가람로 685 (빛가람동) 비전타워 306호,061-332-5302,-,061-332-5309,-,-,-
중앙/지방(기관리스트),소상공인시장진흥공단,소상공인시장진흥공단 (전남)목포센터,지점,중소벤처기업부,준정부기관(기금관리형),전라남도 무안군 삼향읍 오룡3길 2 전남중소기업종합지원센터 5층 內,061-285-6347,-,061-285-6349,-,-,-
중앙/지방(기관리스트),소상공인시장진흥공단,소상공인시장진흥공단 (전남)순천센터,지점,중소벤처기업부,준정부기관(기금관리형),전라남도 순천시 해룡면 향매로 109 5층,061-741-4153,-,061-741-4159,-,-,-
중앙/지방(기관리스트),소상공인시장진흥공단,소상공인시장진흥공단 (전남)여수센터,지점,중소벤처기업부,준정부기관(기금관리형),전라남도 여수시 좌수영로 55 (광무동) 여수상공회의소 4층,061-665-3600,-,061-665-3607,-,-,-
중앙/지방(기관리스트),소상공인시장진흥공단,소상공인시장진흥공단 (전북)군산센터,지점,중소벤처기업부,준정부기관(기금관리형),전라북도 군산시 중앙로 124 (중앙로2가) 흥국생명빌딩 301호,063-445-6317,-,063-445-6316,-,-,-
중앙/지방(기관리스트),소상공인시장진흥공단,소상공인시장진흥공단 (전북)남원센터,지점,중소벤처기업부,준정부기관(기금관리형),전라북도 남원시 향단로 83 (동충동) KT빌딩 1층,063-626-0371,-,063-626-0372,-,-,-
중앙/지방(기관리스트),소상공인시장진흥공단,소상공인시장진흥공단 (전북)익산센터,지점,중소벤처기업부,준정부기관(기금관리형),전라북도 익산시 인북로 187 (남중동) 상공회의소 3층,063-853-4411,-,063-853-4413,-,-,-
중앙/지방(기관리스트),소상공인시장진흥공단,소상공인시장진흥공단 (전북)전주센터,지점,중소벤처기업부,준정부기관(기금관리형),전라북도 전주시 완산구 홍산로 276 (효자동3가) 전주상공회의소 4층,063-231-8110,-,063-231-8112,-,-,-
중앙/지방(기관리스트),소상공인시장진흥공단,소상공인시장진흥공단 (전북)정읍센터,지점,중소벤처기업부,준정부기관(기금관리형),전라북도 정읍시 중앙로 72 (연지동) 기업은행 3층,063-533-1781,-,063-533-1783,-,-,-
중앙/지방(기관리스트),소상공인시장진흥공단,소상공인시장진흥공단 (제주)제주센터,지점,중소벤처기업부,준정부기관(기금관리형),제주특별자치도 제주시 연삼로 473 (이도이동) 제주도중소기업종합지원센터 4층,064-751-2101,-,064-751-2103,-,-,-
중앙/지방(기관리스트),소상공인시장진흥공단,소상공인시장진흥공단 (충남)공주센터,지점,중소벤처기업부,준정부기관(기금관리형),충청남도 공주시 무령로 204 (반죽동) 금성빌딩 3층,041-852-1183,-,041-852-1186,-,-,-
중앙/지방(기관리스트),소상공인시장진흥공단,소상공인시장진흥공단 (충남)논산센터,지점,중소벤처기업부,준정부기관(기금관리형),충청남도 논산시 중앙로410번길 6 (취암동) 문경빌딩 3층 구 황산빌딩,041-733-5064,-,041-733-5067,-,-,-
중앙/지방(기관리스트),소상공인시장진흥공단,소상공인시장진흥공단 (충남)서산센터,지점,중소벤처기업부,준정부기관(기금관리형),충청남도 서산시 고운로 177 (동문동) 2호,041-663-4981,-,041-663-4980,-,-,-
중앙/지방(기관리스트),소상공인시장진흥공단,소상공인시장진흥공단 (충남)천안아산센터,지점,중소벤처기업부,준정부기관(기금관리형),충청남도 천안시 서북구 광장로 215 (불당동) 소상공인시장진흥공단 천안아산센터,041-567-5302,-,041-567-5308,-,-,-
중앙/지방(기관리스트),소상공인시장진흥공단,소상공인시장진흥공단 (충북)옥천센터,지점,중소벤처기업부,준정부기관(기금관리형),충청북도 옥천군 옥천읍 동부로 15 읍사무소 3층(문정리 439),043-731-0924,-,043-731-0926,-,-,-
중앙/지방(기관리스트),소상공인시장진흥공단,소상공인시장진흥공단 (충북)음성센터,지점,중소벤처기업부,준정부기관(기금관리형),충청북도 음성군 음성읍 중앙로 173 소상공인시장진흥공단 음성센터,043-873-1811,-,043-873-1814,-,-,-
중앙/지방(기관리스트),소상공인시장진흥공단,소상공인시장진흥공단 (충북)제천센터,지점,중소벤처기업부,준정부기관(기금관리형),충청북도 제천시 의림대로6길 32 (화산동) 문화회관 2층,043-652-1781,-,043-652-1784,-,-,-
중앙/지방(기관리스트),소상공인시장진흥공단,소상공인시장진흥공단 (충북)청주센터,지점,중소벤처기업부,준정부기관(기금관리형),충청북도 청주시 흥덕구 2순환로1219번길 37 (가경동) 3층,043-234-1095,-,043-234-1091,-,-,-
중앙/지방(기관리스트),소상공인시장진흥공단,소상공인시장진흥공단 (충북)충주센터,지점,중소벤처기업부,준정부기관(기금관리형),충청북도 충주시 으뜸로 21 (금릉동) 충주시청 11층,043-854-3616,-,043-854-3619,-,-,-
중앙/지방(기관리스트),소프트웨어정책연구소,소프트웨어정책연구소,본점,과학기술정보통신부,기타공공기관,경기도 성남시 분당구 대왕판교로712번길 22 (삼평동) 글로벌R&D센터 연구동(A) 4층,031-739-7300,-,031-739-7199,-,-,-
중앙/지방(기관리스트),수도권매립지관리공사,수도권매립지관리공사,본점,기후에너지환경부,기타공공기관,인천광역시 서구 자원순환로 170 (백석동) 수도권매립지관리공사,032-560-9300,-,-,kwh098@slc.or.kr,-,-
중앙/지방(기관리스트),스포츠윤리센터,스포츠윤리센터,본점,문화체육관광부,기타공공기관,"서울특별시 마포구 마포대로 78 (도화동) 자람빌딩 2층, 7층",1670-2876,-,02-6256-1094,-,-,-
중앙/지방(기관리스트),시청자미디어재단,시청자미디어재단,본점,방송미디어통신위원회,기타공공기관,서울특별시 영등포구 국회대로74길 4 (여의도동) KC타워 3~5층,02-6900-8300,-,02-6900-8398,cmf@kcmf.or.kr,-,-
중앙/지방(기관리스트),시청자미디어재단,시청자미디어재단 강원시청자미디어센터,지점,방송미디어통신위원회,기타공공기관,강원도 춘천시 서면 박사로 882 강원시청자미디어센터,033-240-2345,-,033-240-2398,-,-,-
중앙/지방(기관리스트),시청자미디어재단,시청자미디어재단 경기시청자미디어센터,지점,방송미디어통신위원회,기타공공기관,경기도 남양주시 다산중앙로82번안길 146 (다산동) 경기시청자미디어센터,031-560-7200,-,031-551-7199,-,-,-
중앙/지방(기관리스트),시청자미디어재단,시청자미디어재단 경남시청자미디어센터,지점,방송미디어통신위원회,기타공공기관,경상남도 창원시 의창구 평산로 202 (중동) 경남시청자미디어센터,055-603-0600,-,-,-,-,-
중앙/지방(기관리스트),시청자미디어재단,시청자미디어재단 광주시청자미디어센터,지점,방송미디어통신위원회,기타공공기관,광주광역시 서구 회재로 905 (금호동) 광주시청자미디어센터,062-650-0300,-,062-655-5352,-,-,-
중앙/지방(기관리스트),시청자미디어재단,시청자미디어재단 대구시청자미디어센터,지점,방송미디어통신위원회,기타공공기관,대구광역시 수성구 유니버시아드로 140 (대흥동) 대구스타디움몰 1층,053-247-3010,-,053-247-3020,-,-,-
중앙/지방(기관리스트),시청자미디어재단,시청자미디어재단 대전시청자미디어센터,지점,방송미디어통신위원회,기타공공기관,대전광역시 유성구 대덕대로512번길 20 (도룡동) 대전시청자미디어센터,042-865-3700,-,042-865-3730,-,-,-
중앙/지방(기관리스트),시청자미디어재단,시청자미디어재단 부산시청자미디어센터,지점,방송미디어통신위원회,기타공공기관,부산광역시 해운대구 센텀중앙로 42 (우동) 부산시청자미디어센터,051-749-9520,-,051-749-9556,-,-,-
중앙/지방(기관리스트),시청자미디어재단,시청자미디어재단 서울시청자미디어센터,지점,방송미디어통신위원회,기타공공기관,서울특별시 성북구 보문로 171 (삼선동5가) 2층 서울시청자미디어센터,02-922-9970,-,02-922-9976,-,-,-
중앙/지방(기관리스트),시청자미디어재단,시청자미디어재단 세종시청자미디어센터,지점,방송미디어통신위원회,기타공공기관,세종특별자치시 다솜1로 31(어진동) 3층 세종시청자미디어센터,044-860-8600,-,044-860-8686,-,-,-
중앙/지방(기관리스트),시청자미디어재단,시청자미디어재단 울산시청자미디어센터,지점,방송미디어통신위원회,기타공공기관,울산광역시 북구 명촌10길 78 (명촌동) 울산시청자미디어센터,052-960-7000,-,052-960-7099,-,-,-
중앙/지방(기관리스트),시청자미디어재단,시청자미디어재단 인천시청자미디어센터,지점,방송미디어통신위원회,기타공공기관,인천광역시 연수구 인천타워대로54번길 19 (송도동) 인천시청자미디어센터,032-722-7900,-,032-722-7990,-,-,-
중앙/지방(기관리스트),시청자미디어재단,시청자미디어재단 충북시청자미디어센터,지점,방송미디어통신위원회,기타공공기관,충청북도 청주시 청원구 상당로 314 (내덕동) 문화제조창 5층,043-290-9200,-,043-290-9299,-,-,-
중앙/지방(기관리스트),식품안전정보원,식품안전정보원,본점,식품의약품안전처,기타공공기관,"서울특별시 중구 소공로 70 (충무로1가) A코어 12,13층",02-744-8200,-,02-6020-8203,nfsi@foodinfo.or.kr,-,-
중앙/지방(기관리스트),신용보증기금,신용보증기금,본점,금융위원회,준정부기관(기금관리형),대구광역시 동구 첨단로 7 (신서동) 신용보증기금 본점,1588-6565,1588-6565,-,-,-,-
중앙/지방(기관리스트),신용보증기금,신용보증기금 가산디지털지점,지점,금융위원회,준정부기관(기금관리형),서울특별시 금천구 가산디지털2로 53 한라시그마밸리 1909호,02-2109-4700,-,02-2109-4717,-,-,-
중앙/지방(기관리스트),신용보증기금,신용보증기금 강남재기지원단,지점,금융위원회,준정부기관(기금관리형),서울특별시 동작구 동작대로 89 골든시네마타워 15층,02-2182-0114,-,0505-071-8179,-,-,-
중앙/지방(기관리스트),신용보증기금,신용보증기금 강남지점,지점,금융위원회,준정부기관(기금관리형),서울특별시 서초구 서초대로 396 강남빌딩 11층,02-2141-3200,-,02-588-0534,-,-,-
중앙/지방(기관리스트),신용보증기금,신용보증기금 강동지점,지점,금융위원회,준정부기관(기금관리형),서울특별시 강동구 양재대로 1443 동우빌딩 2층,02-2041-9200,-,02-2041-9299,-,-,-
중앙/지방(기관리스트),신용보증기금,신용보증기금 강릉지점,지점,금융위원회,준정부기관(기금관리형),강원도 강릉시 강릉대로 428 신용보증기금 2층,033-650-8023,-,033-650-8080,-,-,-
중앙/지방(기관리스트),신용보증기금,신용보증기금 강북지점,지점,금융위원회,준정부기관(기금관리형),서울특별시 강북구 한천로 1035 우성빌딩 5층,02-3499-7200,-,02-999-1546,-,-,-
중앙/지방(기관리스트),신용보증기금,신용보증기금 강서지점,지점,금융위원회,준정부기관(기금관리형),서울특별시 강서구 공항대로 395 기도빌딩 6층,02-3660-1400,-,02-3661-5856,-,-,-
중앙/지방(기관리스트),신용보증기금,신용보증기금 경기광주지점,지점,금융위원회,준정부기관(기금관리형),경기도 광주시 광주대로 30(경안동) 3층,031-799-0200,-,031-799-0299,-,-,-
중앙/지방(기관리스트),신용보증기금,신용보증기금 경기스타트업지점,지점,금융위원회,준정부기관(기금관리형),경기도 성남시 분당구 판교역로 182 한국반도체산업협회 3층,031-724-3200,-,031-724-3288,-,-,-
중앙/지방(기관리스트),신용보증기금,신용보증기금 경기신용보험센터,지점,금융위원회,준정부기관(기금관리형),경기도 수원시 팔달구 인계로 162 신용보증기금빌딩 4층,031-230-1588,-,031-230-1579,-,-,-
중앙/지방(기관리스트),신용보증기금,신용보증기금 경기영업본부,지점,금융위원회,준정부기관(기금관리형),경기도 수원시 팔달구 인계로 162(인계동) 신용보증기금 3층,031-230-1565,-,031-230-1553,-,-,-
중앙/지방(기관리스트),신용보증기금,신용보증기금 경기채권관리단,지점,금융위원회,준정부기관(기금관리형),경기도 수원시 팔달구 정조로 791(팔달로2가) 4층,031-259-5200,-,031-259-5298,-,-,-
중앙/지방(기관리스트),신용보증기금,신용보증기금 경남재기지원단,지점,금융위원회,준정부기관(기금관리형),경상남도 창원시  성산구 용지로 24 신용보증기금빌딩 2층,055-269-0254,-,051-269-0299,-,-,-
중앙/지방(기관리스트),신용보증기금,신용보증기금 경남채권관리단,지점,금융위원회,준정부기관(기금관리형),경상남도 창원시 성산구 용지로 24(중앙동) 5층,055-269-0272,-,055-262-0288,-,-,-
중앙/지방(기관리스트),신용보증기금,신용보증기금 경산지점,지점,금융위원회,준정부기관(기금관리형),경상북도 경산시  경안로 223 경산상공회의소 3층,053-810-0911,-,053-810-0999,-,-,-
중앙/지방(기관리스트),신용보증기금,신용보증기금 경주지점,지점,금융위원회,준정부기관(기금관리형),경상북도 경주시  화랑로 113 2층,054-778-5700,-,054-778-5799,-,-,-
중앙/지방(기관리스트),신용보증기금,신용보증기금 고양재기지원단,지점,금융위원회,준정부기관(기금관리형),경기도 고양시 일산서구 중앙로 1422 우리은행 일산중앙지점 3층,031-909-6699,-,031-909-6699,-,-,-
중앙/지방(기관리스트),신용보증기금,신용보증기금 고양지점,지점,금융위원회,준정부기관(기금관리형),경기도 고양시 일산동구 중앙로 1165 7층,031-909-6100,-,031-909-6198,-,-,-
중앙/지방(기관리스트),신용보증기금,신용보증기금 광산지점,지점,금융위원회,준정부기관(기금관리형),광주광역시 광산구 무진대로 261(우산동) 4층,062-949-0100,-,062-949-0198,-,-,-
중앙/지방(기관리스트),신용보증기금,신용보증기금 광주스타트업지점,지점,금융위원회,준정부기관(기금관리형),광주광역시 서구 죽봉대로 52 교직원공제회관 6층,062-600-1500,-,062-600-1599,-,-,-
중앙/지방(기관리스트),신용보증기금,신용보증기금 광주신용보험센터,지점,금융위원회,준정부기관(기금관리형),광주광역시 동구 제봉로 218(대인동) 4층,062-607-9265,-,062-607-9279,-,-,-
중앙/지방(기관리스트),신용보증기금,신용보증기금 광주재기지원단,지점,금융위원회,준정부기관(기금관리형),광주광역시 서구 죽봉대로 52 교직원공제회관 6층,062-600-1575,-,062-600-1598,-,-,-
중앙/지방(기관리스트),신용보증기금,신용보증기금 광주지점,지점,금융위원회,준정부기관(기금관리형),광주광역시 동구 제봉로 218(대인동) 1층,062-607-9100,-,062-607-9198,-,-,-
중앙/지방(기관리스트),신용보증기금,신용보증기금 광주채권관리단,지점,금융위원회,준정부기관(기금관리형),광주광역시 동구 제봉로 218(대인동) 3층,062-607-9194,-,062-607-9197,-,-,-
중앙/지방(기관리스트),신용보증기금,신용보증기금 광주첨단지점,지점,금융위원회,준정부기관(기금관리형),광주광역시 북구 첨단연신로91번길 30(신용동) 삼성타워 6층,062-520-2000,-,062-520-2099,-,-,-
중앙/지방(기관리스트),신용보증기금,신용보증기금 광진지점,지점,금융위원회,준정부기관(기금관리형),서울특별시 광진구 광나루로 520 신용보증기금빌딩 2층,02-2204-6214,-,02-2204-6280,-,-,-
중앙/지방(기관리스트),신용보증기금,신용보증기금 구미지점,지점,금융위원회,준정부기관(기금관리형),경상북도 구미시  백산로 94 2층,054-450-2500,-,054-450-2588,-,-,-
중앙/지방(기관리스트),신용보증기금,신용보증기금 군산지점,지점,금융위원회,준정부기관(기금관리형),전라북도 군산시 공단대로 579 1층,063-460-1500,-,063-460-1599,-,-,-
중앙/지방(기관리스트),신용보증기금,신용보증기금 군포지점,지점,금융위원회,준정부기관(기금관리형),경기도 의왕시 오전공업길 13 벽산선영테크노피아 206호,031-450-6400,-,031-455-3050,-,-,-
중앙/지방(기관리스트),신용보증기금,신용보증기금 기업구조조정센터,지점,금융위원회,준정부기관(기금관리형),서울특별시 서대문구 서소문로 21 충정타워 9층,02-2014-0127,-,02-2014-0119,-,-,-
중앙/지방(기관리스트),신용보증기금,신용보증기금 김포지점,지점,금융위원회,준정부기관(기금관리형),경기도 김포시 김포대로 835 e프라자 6층,031-980-4900,-,031-980-4985,-,-,-
중앙/지방(기관리스트),신용보증기금,신용보증기금 김해북지점,지점,금융위원회,준정부기관(기금관리형),경상남도 김해시  가야로 178 블루시티2빌딩 3층,055-310-6400,-,055-310-6499,-,-,-
중앙/지방(기관리스트),신용보증기금,신용보증기금 김해지점,지점,금융위원회,준정부기관(기금관리형),경상남도 김해시 김해대로 2367(부원동) 2층,055-320-2700,-,055-332-5460,-,-,-
중앙/지방(기관리스트),신용보증기금,신용보증기금 남대문지점,지점,금융위원회,준정부기관(기금관리형),서울특별시 중구 서소문로 116(서소문동) 3층,02-3709-7000,-,02-779-7003,-,-,-
중앙/지방(기관리스트),신용보증기금,신용보증기금 남동지점,지점,금융위원회,준정부기관(기금관리형),인천광역시 남동구 남동대로 215번길 30 인천종합비즈니스센터 2층,032-810-5200,-,032-810-5281,-,-,-
중앙/지방(기관리스트),신용보증기금,신용보증기금 남부보험보상센터,지점,금융위원회,준정부기관(기금관리형),대전광역시 서구 둔산서로 45 신용보증기금빌딩 4층,042-539-5689,-,042-539-5669,-,-,-
중앙/지방(기관리스트),신용보증기금,신용보증기금 남양주지점,지점,금융위원회,준정부기관(기금관리형),경기도 남양주시 가운로1길 7 아인스빌 2층,031-560-6600,-,031-560-6699,-,-,-
중앙/지방(기관리스트),신용보증기금,신용보증기금 녹산지점,지점,금융위원회,준정부기관(기금관리형),부산광역시 강서구 명지오션시티9로 36(명지동) 2층,051-974-6619,-,051-974-6699,-,-,-
중앙/지방(기관리스트),신용보증기금,신용보증기금 달성지점,지점,금융위원회,준정부기관(기금관리형),대구광역시 달성군 구지면 달성2차로 125 기업은행 2층,053-610-3500,-,053-610-3599,-,-,-
중앙/지방(기관리스트),신용보증기금,신용보증기금 당진지점,지점,금융위원회,준정부기관(기금관리형),충청남도 당진시 밤절로 160-13(수청동) 3층,041-350-1600,-,041-350-1699,-,-,-
중앙/지방(기관리스트),신용보증기금,신용보증기금 대구경북영업본부,지점,금융위원회,준정부기관(기금관리형),대구광역시 중구 경상감영길 221(동문동) 4층,053-430-8861,-,0505-071-8102,-,-,-
중앙/지방(기관리스트),신용보증기금,신용보증기금 대구서지점,지점,금융위원회,준정부기관(기금관리형),대구광역시 서구 서대구로 376-1(비산동) 5층,053-350-8813,-,053-350-8899,-,-,-
중앙/지방(기관리스트),신용보증기금,신용보증기금 대구스타트업지점,지점,금융위원회,준정부기관(기금관리형),대구광역시 북구  호암로 51 대구삼성창조경제단지 기숙사 F동 2층,053-605-7600,-,053-605-7699,-,-,-
중앙/지방(기관리스트),신용보증기금,신용보증기금 대구신용보험센터,지점,금융위원회,준정부기관(기금관리형),대구광역시 중구 경상감영길 221(동문동) 4층,053-430-8993,-,053-430-8949,-,-,-
중앙/지방(기관리스트),신용보증기금,신용보증기금 대구재기지원단,지점,금융위원회,준정부기관(기금관리형),대구광역시 중구  경상감영길 221 신용보증기금빌딩 5층,053-430-8917,-,053-430-8998,-,-,-
중앙/지방(기관리스트),신용보증기금,신용보증기금 대구지점,지점,금융위원회,준정부기관(기금관리형),대구광역시 중구  경상감영길 221 신용보증기금빌딩 2층,053-430-8800,-,053-430-8899,-,-,-
중앙/지방(기관리스트),신용보증기금,신용보증기금 대구채권관리단,지점,금융위원회,준정부기관(기금관리형),대구광역시 서구 서대구로 9(내당동) 6층,053-560-5000,-,053-560-5099,-,-,-
중앙/지방(기관리스트),신용보증기금,신용보증기금 대구혁신지점,지점,금융위원회,준정부기관(기금관리형),대구광역시 동구  첨단로 7 신용보증기금본점 1층,053-430-4647,-,053-430-4823,-,-,-
중앙/지방(기관리스트),신용보증기금,신용보증기금 대전스타트업지점,지점,금융위원회,준정부기관(기금관리형),대전광역시 대덕구 한밭대로 1027(오정동) 3층,042-620-5300,-,042-628-3543,-,-,-
중앙/지방(기관리스트),신용보증기금,신용보증기금 대전신용보험센터,지점,금융위원회,준정부기관(기금관리형),대전광역시 서구 둔산서로 45 신용보증기금빌딩 3층,042-539-5609,-,042-539-5668,-,-,-
중앙/지방(기관리스트),신용보증기금,신용보증기금 대전재기지원단,지점,금융위원회,준정부기관(기금관리형),대전광역시 동구 대전로 853 3층,042-250-2055,-,042-250-2088,-,-,-
중앙/지방(기관리스트),신용보증기금,신용보증기금 대전중앙지점,지점,금융위원회,준정부기관(기금관리형),대전광역시 서구 둔산서로 45(둔산동) 1층,042-539-5600,-,042-539-5699,-,-,-
중앙/지방(기관리스트),신용보증기금,신용보증기금 대전지점,지점,금융위원회,준정부기관(기금관리형),대전광역시 동구 대전로 853 2층,042-250-2000,-,042-250-2099,-,-,-
중앙/지방(기관리스트),신용보증기금,신용보증기금 대전채권관리단,지점,금융위원회,준정부기관(기금관리형),대전광역시 서구 둔산서로 45 신용보증기금빌딩 4층,042-539-5675,-,042-539-5684,-,-,-
중앙/지방(기관리스트),신용보증기금,신용보증기금 동대문재기지원단,지점,금융위원회,준정부기관(기금관리형),서울특별시 종로구 종로 408 신용보증기금 4층,02-2250-5300,-,02-2250-5359,-,-,-
중앙/지방(기관리스트),신용보증기금,신용보증기금 동대문지점,지점,금융위원회,준정부기관(기금관리형),서울특별시 종로구 종로 408 신용보증기금 3층,02-2250-5240,-,02-2250-5398,-,-,-
중앙/지방(기관리스트),신용보증기금,신용보증기금 동래지점,지점,금융위원회,준정부기관(기금관리형),부산광역시 동래구 명륜로 83(수안동) 6층,051-580-4200,-,051-558-4224,-,-,-
중앙/지방(기관리스트),신용보증기금,신용보증기금 동부신용보험1센터,지점,금융위원회,준정부기관(기금관리형),서울특별시 서초구 서초대로 396 강남빌딩 11층,02-2141-3325,-,02-3487-3310,-,-,-
중앙/지방(기관리스트),신용보증기금,신용보증기금 동부신용보험2센터,지점,금융위원회,준정부기관(기금관리형),서울특별시 강남구 테헤란로 520 삼안빌딩 14층,02-2194-2974,-,02-2194-2979,-,-,-
중앙/지방(기관리스트),신용보증기금,신용보증기금 동부채권관리단,지점,금융위원회,준정부기관(기금관리형),서울특별시 광진구 광나루로 520(구의동) 3층,02-2204-6715,-,02-2204-6791,-,-,-
중앙/지방(기관리스트),신용보증기금,신용보증기금 동해지점,지점,금융위원회,준정부기관(기금관리형),강원도 동해시 천곡로 71 흥국생명빌딩 6층,033-531-9006,-,033-531-9001,-,-,-
중앙/지방(기관리스트),신용보증기금,신용보증기금 마산지점,지점,금융위원회,준정부기관(기금관리형),경상남도 창원시 마산합포구 불종거리로 46(오동동) 9층,055-240-8400,-,055-240-8499,-,-,-
중앙/지방(기관리스트),신용보증기금,신용보증기금 마포재기지원단,지점,금융위원회,준정부기관(기금관리형),서울특별시 마포구 마포대로 137 KPX빌딩 12층,02-710-4400,-,02-710-4499,-,-,-
중앙/지방(기관리스트),신용보증기금,신용보증기금 마포지점,지점,금융위원회,준정부기관(기금관리형),서울특별시 마포구 마포대로 122(공덕동) 프론트원 8층,02-710-4528,-,02-710-4530,-,-,-
중앙/지방(기관리스트),신용보증기금,신용보증기금 마포청년스타트업지점,지점,금융위원회,준정부기관(기금관리형),서울특별시 마포구 마포대로 122(공덕동) 10층,02-710-4640,-,02-710-4630,-,-,-
중앙/지방(기관리스트),신용보증기금,신용보증기금 목포지점,지점,금융위원회,준정부기관(기금관리형),전라남도 목포시 백년대로 352 스타시티 8층,061-280-9100,-,061-280-9188,-,-,-
중앙/지방(기관리스트),신용보증기금,신용보증기금 반월지점,지점,금융위원회,준정부기관(기금관리형),경기도 안산시 단원구 산단로 296 대우테크노피아 204호,031-490-0425,-,031-495-7773,-,-,-
중앙/지방(기관리스트),신용보증기금,신용보증기금 방배지점,지점,금융위원회,준정부기관(기금관리형),서울특별시 동작구 동작대로 89 골든시네마타워 14층,02-3489-5234,-,02-586-1668,-,-,-
중앙/지방(기관리스트),신용보증기금,신용보증기금 보령지점,지점,금융위원회,준정부기관(기금관리형),충청남도 보령시 흥곡천변로 33(명천동) 3층,041-936-9165,-,041-936-0038,-,-,-
중앙/지방(기관리스트),신용보증기금,신용보증기금 부산경남영업본부,지점,금융위원회,준정부기관(기금관리형),부산광역시 남구 문현금융로 40 부산국제금융센터 14층,051-678-6013,-,051-678-6007,-,-,-
중앙/지방(기관리스트),신용보증기금,신용보증기금 부산스타트업지점,지점,금융위원회,준정부기관(기금관리형),부산광역시 해운대구 센텀서로 30 KNN타워 3층,051-660-5000,-,051-660-5099,-,-,-
중앙/지방(기관리스트),신용보증기금,신용보증기금 부산신용보험센터,지점,금융위원회,준정부기관(기금관리형),부산광역시 남구 문현금융로 40 부산국제금융센터 14층,051-678-6034,-,051-678-6008,-,-,-
중앙/지방(기관리스트),신용보증기금,신용보증기금 부산재기지원단,지점,금융위원회,준정부기관(기금관리형),부산광역시 남구 문현금융로 40 부산국제금융센터 14층,051-678-6023,-,051-678-6099,-,-,-
중앙/지방(기관리스트),신용보증기금,신용보증기금 부산지점,지점,금융위원회,준정부기관(기금관리형),부산광역시 부산진구 중앙대로 668(부전동) 2층,051-605-1300,-,055-605-1399,-,-,-
중앙/지방(기관리스트),신용보증기금,신용보증기금 부산채권관리단,지점,금융위원회,준정부기관(기금관리형),부산광역시 부산진구 중앙대로 639(범천동) 25층,051-605-3165,-,051-605-3177,-,-,-
중앙/지방(기관리스트),신용보증기금,신용보증기금 부천지점,지점,금융위원회,준정부기관(기금관리형),경기도 부천시 원미구 길주로 279 서호빌딩 2층,032-650-6500,-,0505-071-8034,-,-,-
중앙/지방(기관리스트),신용보증기금,신용보증기금 부평지점,지점,금융위원회,준정부기관(기금관리형),인천광역시 부평구 부평대로 60(부평동) 7층,032-500-2700,-,032-529-8995,-,-,-
중앙/지방(기관리스트),신용보증기금,신용보증기금 사상지점,지점,금융위원회,준정부기관(기금관리형),부산광역시 사상구 사상로181번길 10(괘법동) 5층,051-310-9600,-,051-310-9699,-,-,-
중앙/지방(기관리스트),신용보증기금,신용보증기금 사하지점,지점,금융위원회,준정부기관(기금관리형),부산광역시 사하구 낙동남로 1427(하단동) 11층,051-200-9600,-,051-200-9699,-,-,-
중앙/지방(기관리스트),신용보증기금,신용보증기금 서귀포지점,지점,금융위원회,준정부기관(기금관리형),제주특별자치도 서귀포시 일주동로 8671(서귀동) 4층,064-730-4300,-,064-730-4311,-,-,-
중앙/지방(기관리스트),신용보증기금,신용보증기금 서부신용보험1센터,지점,금융위원회,준정부기관(기금관리형),서울특별시 마포구 마포대로 122(공덕동) 프론트원 8층,02-710-4559,-,02-710-4560,-,-,-
중앙/지방(기관리스트),신용보증기금,신용보증기금 서부신용보험2센터,지점,금융위원회,준정부기관(기금관리형),서울특별시 서대문구 서소문로 21(충정로3가) 10층,02-2014-0198,-,02-2014-0199,-,-,-
중앙/지방(기관리스트),신용보증기금,신용보증기금 서부채권관리단,지점,금융위원회,준정부기관(기금관리형),서울특별시 마포구 마포대로 38 일신빌딩 16층,02-2003-6899,-,02-2003-6890,-,-,-
중앙/지방(기관리스트),신용보증기금,신용보증기금 서부채권관리센터,지점,금융위원회,준정부기관(기금관리형),서울특별시 마포구 마포대로4다길 41(마포동) 5층,02-710-2834,-,02-710-2879,-,-,-
중앙/지방(기관리스트),신용보증기금,신용보증기금 서산지점,지점,금융위원회,준정부기관(기금관리형),충청남도 서산시 남부순환로 1035(예천동) 5층,041-661-5225,-,041-661-5299,-,-,-
중앙/지방(기관리스트),신용보증기금,신용보증기금 서울동부스타트업지점,지점,금융위원회,준정부기관(기금관리형),서울특별시 강남구 테헤란로 520 삼안빌딩 13층,02-2194-2900,-,02-2194-2998,-,-,-
중앙/지방(기관리스트),신용보증기금,신용보증기금 서울동부영업본부,지점,금융위원회,준정부기관(기금관리형),서울특별시 서초구 서초대로 396 강남빌딩 11층,02-2141-3305,-,02-3487-3310,-,-,-
중앙/지방(기관리스트),신용보증기금,신용보증기금 서울서부스타트업지점,지점,금융위원회,준정부기관(기금관리형),서울특별시 구로구 디지털로26길 123 G+코오롱디지털타워3층,02-2107-4213,-,02-2107-4299,-,-,-
중앙/지방(기관리스트),신용보증기금,신용보증기금 서울서부영업본부,지점,금융위원회,준정부기관(기금관리형),서울특별시 마포구 마포대로 122(공덕동) 프론트원 9층,02-710-4604,-,02-710-4629,-,-,-
중앙/지방(기관리스트),신용보증기금,신용보증기금 성남지점,지점,금융위원회,준정부기관(기금관리형),경기도 성남시 분당구 야탑로81번길 16 6층,031-725-5500,-,031-725-5588,-,-,-
중앙/지방(기관리스트),신용보증기금,신용보증기금 성서지점,지점,금융위원회,준정부기관(기금관리형),대구광역시 달서구 성서공단로 114(월암동) 3층,053-589-6500,-,053-589-6566,-,-,-
중앙/지방(기관리스트),신용보증기금,신용보증기금 세종지점,지점,금융위원회,준정부기관(기금관리형),세종특별자치시 한누리대로 219(나성동) 601호,044-550-6724,-,044-550-6799,-,-,-
중앙/지방(기관리스트),신용보증기금,신용보증기금 속초지점,지점,금융위원회,준정부기관(기금관리형),강원도 속초시 동해대로 4236 아남프라자 1002호,033-638-0659,-,033-638-0116,-,-,-
중앙/지방(기관리스트),신용보증기금,신용보증기금 송파지점,지점,금융위원회,준정부기관(기금관리형),서울특별시 송파구 중대로 135 아이티벤처타워 동관 8층,02-2140-8500,-,02-2140-8599,-,-,-
중앙/지방(기관리스트),신용보증기금,신용보증기금 수원재기지원단,지점,금융위원회,준정부기관(기금관리형),경기도 수원시 팔달구 인계로 162 신용보증기금빌딩 1층,031-230-1520,-,031-230-1559,-,-,-
중앙/지방(기관리스트),신용보증기금,신용보증기금 수원지점,지점,금융위원회,준정부기관(기금관리형),경기도 수원시 팔달구 인계로 162 신용보증기금빌딩 2층,031-230-1500,-,031-230-1599,-,-,-
중앙/지방(기관리스트),신용보증기금,신용보증기금 순천지점,지점,금융위원회,준정부기관(기금관리형),전라남도 순천시 이수로 296(연향동) 2층,061-729-1300,-,061-729-1399,-,-,-
중앙/지방(기관리스트),신용보증기금,신용보증기금 시화지점,지점,금융위원회,준정부기관(기금관리형),경기도 시흥시 정왕대로 188 산업은행 3층,031-488-3200,-,031-488-3299,-,-,-
중앙/지방(기관리스트),신용보증기금,신용보증기금 시흥지점,지점,금융위원회,준정부기관(기금관리형),경기도 시흥시 은계로 260(은행동) 5층,031-489-5900,-,031-489-5999,-,-,-
중앙/지방(기관리스트),신용보증기금,신용보증기금 아산지점,지점,금융위원회,준정부기관(기금관리형),충청남도 아산시 아산로 79(실옥동) 7층,041-537-7224,-,041-537-7299,-,-,-
중앙/지방(기관리스트),신용보증기금,신용보증기금 안동지점,지점,금융위원회,준정부기관(기금관리형),경상북도 안동시  광명로 185 옥동백암문화센터 2층,054-840-8600,-,054-840-8699,-,-,-
중앙/지방(기관리스트),신용보증기금,신용보증기금 안산재기지원단,지점,금융위원회,준정부기관(기금관리형),경기도 안산시 단원구 광덕대로 243 신용보증기금빌딩 3층,031-412-0585,-,031-412-0596,-,-,-
중앙/지방(기관리스트),신용보증기금,신용보증기금 안산지점,지점,금융위원회,준정부기관(기금관리형),경기도 안산시 단원구 광덕대로 243 신용보증기금빌딩 2층,031-412-0500,-,031-412-0598,-,-,-
중앙/지방(기관리스트),신용보증기금,신용보증기금 안양지점,지점,금융위원회,준정부기관(기금관리형),경기도 안양시 동안구 시민대로 193 신용보증기금빌딩 2층,031-389-9700,-,031-389-9707,-,-,-
중앙/지방(기관리스트),신용보증기금,신용보증기금 양산지점,지점,금융위원회,준정부기관(기금관리형),경상남도 양산시  강변로 438 크리스탈타워 8층,055-371-3100,-,055-371-3199,-,-,-
중앙/지방(기관리스트),신용보증기금,신용보증기금 양재지점,지점,금융위원회,준정부기관(기금관리형),서울특별시 서초구 마방로10길 5 태석빌딩 5층,02-3460-5400,-,02-3460-5499,-,-,-
중앙/지방(기관리스트),신용보증기금,신용보증기금 여수지점,지점,금융위원회,준정부기관(기금관리형),전라남도 여수시 좌수영로 57 흥국생명빌딩 4층,061-640-2600,-,061-640-2699,-,-,-
중앙/지방(기관리스트),신용보증기금,신용보증기금 영등포재기지원단,지점,금융위원회,준정부기관(기금관리형),서울특별시 관악구 보라매로3길 23 대교타워 10층,02-2003-8999,-,02-2003-8989,-,-,-
중앙/지방(기관리스트),신용보증기금,신용보증기금 영등포지점,지점,금융위원회,준정부기관(기금관리형),서울특별시 영등포구 경인로 775 에이스하이테크시티 1동 320호,02-2165-5600,-,02-2165-5605,-,-,-
중앙/지방(기관리스트),신용보증기금,신용보증기금 영주지점,지점,금융위원회,준정부기관(기금관리형),경상북도 영주시  영주로 227 3층,054-639-1500,-,054-633-9076,-,-,-
중앙/지방(기관리스트),신용보증기금,신용보증기금 오산지점,지점,금융위원회,준정부기관(기금관리형),경기도 오산시 성호대로 129 대신증권빌딩 4층,031-371-6117,-,031-375-8098,-,-,-
중앙/지방(기관리스트),신용보증기금,신용보증기금 용인지점,지점,금융위원회,준정부기관(기금관리형),경기도 용인시 기흥구 동백중앙로 265 더엠빌딩 7층,031-288-1800,-,031-288-1899,-,-,-
중앙/지방(기관리스트),신용보증기금,신용보증기금 울산북지점,지점,금융위원회,준정부기관(기금관리형),울산광역시 북구 산업로 915(연암동) 4층,052-290-7920,-,052-290-7999,-,-,-
중앙/지방(기관리스트),신용보증기금,신용보증기금 울산스타트업지점,지점,금융위원회,준정부기관(기금관리형),울산광역시 북구 산업로 915 (연암동) 4층,052-228-8200,-,052-228-8210,-,-,-
중앙/지방(기관리스트),신용보증기금,신용보증기금 울산지점,지점,금융위원회,준정부기관(기금관리형),울산광역시 남구 삼산로 205(달동) 2층,052-226-7834,-,052-266-0847,-,-,-
중앙/지방(기관리스트),신용보증기금,신용보증기금 원주지점,지점,금융위원회,준정부기관(기금관리형),강원도 원주시 혁신로 19 H타워 3층,033-749-1300,-,033-749-1399,-,-,-
중앙/지방(기관리스트),신용보증기금,신용보증기금 유동화관리센터,지점,금융위원회,준정부기관(기금관리형),서울특별시 서대문구 서소문로 21(충정로3가) 8층,02-2014-0243,-,02-2014-0269,-,-,-
중앙/지방(기관리스트),신용보증기금,신용보증기금 유동화보증센터,지점,금융위원회,준정부기관(기금관리형),서울특별시 서대문구 서소문로 21 충정타워 8층,02-2014-0245,-,02-2014-0249,-,-,-
중앙/지방(기관리스트),신용보증기금,신용보증기금 의정부지점,지점,금융위원회,준정부기관(기금관리형),경기도 의정부시 시민로 21 2층,031-828-1700,-,031-877-4777,-,-,-
중앙/지방(기관리스트),신용보증기금,신용보증기금 이천지점,지점,금융위원회,준정부기관(기금관리형),경기도 이천시 이섭대천로 1241(창전동) 3층,031-630-0114,-,031-636-1357,-,-,-
중앙/지방(기관리스트),신용보증기금,신용보증기금 익산지점,지점,금융위원회,준정부기관(기금관리형),전라북도 익산시 선화로 418 2층,063-830-3300,-,063-833-3344,-,-,-
중앙/지방(기관리스트),신용보증기금,신용보증기금 인천스타트업지점,지점,금융위원회,준정부기관(기금관리형),인천광역시 연수구 갯벌로 12(송도동) 16층,032-451-4100,-,032-451-4110,-,-,-
중앙/지방(기관리스트),신용보증기금,신용보증기금 인천신용보험센터,지점,금융위원회,준정부기관(기금관리형),인천광역시 남동구 성말로 1 신용보증기금빌딩 3층,032-450-1544,-,032-450-1649,-,-,-
중앙/지방(기관리스트),신용보증기금,신용보증기금 인천영업본부,지점,금융위원회,준정부기관(기금관리형),인천광역시 남동구 성말로 1 신용보증기금빌딩 3층,032-450-1676,-,032-450-1649,-,-,-
중앙/지방(기관리스트),신용보증기금,신용보증기금 인천재기지원단,지점,금융위원회,준정부기관(기금관리형),인천광역시 남동구 성말로 1 신용보증기금빌딩 5층,032-450-1579,-,032-450-1598,-,-,-
중앙/지방(기관리스트),신용보증기금,신용보증기금 인천중앙지점,지점,금융위원회,준정부기관(기금관리형),"인천광역시 남동구 성말로 1 신용보증기금빌딩 1, 2층",032-450-1600,-,032-450-1698,-,-,-
중앙/지방(기관리스트),신용보증기금,신용보증기금 인천지점,지점,금융위원회,준정부기관(기금관리형),인천광역시 중구 서해대로 296(신흥동3가) 2층,032-880-3031,-,032-880-3099,-,-,-
중앙/지방(기관리스트),신용보증기금,신용보증기금 인천채권관리단,지점,금융위원회,준정부기관(기금관리형),인천광역시 남동구 성말로 1 신용보증기금빌딩 4층,032-450-1600,-,032-450-1697,-,-,-
중앙/지방(기관리스트),신용보증기금,신용보증기금 자금운용센터,지점,금융위원회,준정부기관(기금관리형),서울특별시 서대문구 서소문로 21 충정타워 8층,02-2014-0275,-,02-2014-0279,-,-,-
중앙/지방(기관리스트),신용보증기금,신용보증기금 자본시장영업본부,지점,금융위원회,준정부기관(기금관리형),서울특별시 서대문구 서소문로 21 충정타워 9층,02-2014-0104,-,02-2014-0109,-,-,-
중앙/지방(기관리스트),신용보증기금,신용보증기금 전문심사센터,지점,금융위원회,준정부기관(기금관리형),서울특별시 서대문구 서소문로 21 충정타워 9층,02-2014-0142,-,0505-071-8221,-,-,-
중앙/지방(기관리스트),신용보증기금,신용보증기금 전북채권관리단,지점,금융위원회,준정부기관(기금관리형),전라북도 전주시 완산구 현무1길 21 신용보증기금빌딩 4층,063-230-2573,-,063-230-2589,-,-,-
중앙/지방(기관리스트),신용보증기금,신용보증기금 전주서지점,지점,금융위원회,준정부기관(기금관리형),전라북도 전주시 완산구 효자로 194 로자벨시티1차 3층,063-220-4800,-,063-220-4899,-,-,-
중앙/지방(기관리스트),신용보증기금,신용보증기금 전주재기지원단,지점,금융위원회,준정부기관(기금관리형),전라북도 전주시 완산구 현무1길 21 신용보증기금빌딩 2층,063-230-2597,-,063-230-2597,-,-,-
중앙/지방(기관리스트),신용보증기금,신용보증기금 전주지점,지점,금융위원회,준정부기관(기금관리형),전라북도 전주시 완산구 현무1길 21 신용보증기금빌딩 1층,063-230-2500,-,063-230-2598,-,-,-
중앙/지방(기관리스트),신용보증기금,신용보증기금 정읍지점,지점,금융위원회,준정부기관(기금관리형),전라북도 정읍시 중앙로 72 기업은행 정읍지점 2층,063-530-2400,-,063-530-2499,-,-,-
중앙/지방(기관리스트),신용보증기금,신용보증기금 제주지점,지점,금융위원회,준정부기관(기금관리형),제주특별자치도 제주시 신대로 143 1층,064-740-9400,-,064-740-9499,-,-,-
중앙/지방(기관리스트),신용보증기금,신용보증기금 제천지점,지점,금융위원회,준정부기관(기금관리형),충청북도 제천시 풍양로 65(의림동) 4층,043-645-9004,-,043-645-9139,-,-,-
중앙/지방(기관리스트),신용보증기금,신용보증기금 중부보험보상센터,지점,금융위원회,준정부기관(기금관리형),서울특별시 서대문구 서소문로 21(충정로3가) 10층,02-2014-0175,-,02-2014-0208,-,-,-
중앙/지방(기관리스트),신용보증기금,신용보증기금 지식재산금융센터,지점,금융위원회,준정부기관(기금관리형),서울특별시 마포구 마포대로 122(공덕동) 10층,02-710-4685,-,02-710-4699,-,-,-
중앙/지방(기관리스트),신용보증기금,신용보증기금 진주지점,지점,금융위원회,준정부기관(기금관리형),경상남도 진주시 에나로 130(충무공동) 9층,055-760-7600,-,055-760-7699,-,-,-
중앙/지방(기관리스트),신용보증기금,신용보증기금 진천지점,지점,금융위원회,준정부기관(기금관리형),충청북도 진천군 진천읍 상산로 76 3층,043-539-5400,-,043-539-5499,-,-,-
중앙/지방(기관리스트),신용보증기금,신용보증기금 창원지점,지점,금융위원회,준정부기관(기금관리형),경상남도 창원시 성산구 용지로 24(중앙동) 1층,055-283-3551,-,055-283-8146,-,-,-
중앙/지방(기관리스트),신용보증기금,신용보증기금 천안지점,지점,금융위원회,준정부기관(기금관리형),충청남도 천안시 서북구 광장로 215 충남북부상공회의소 5층,041-550-8000,-,041-550-8080,-,-,-
중앙/지방(기관리스트),신용보증기금,신용보증기금 청라지점,지점,금융위원회,준정부기관(기금관리형),"인천광역시 서구 중봉대로586번길 22(청라동, 청라 풍림 엑슬루타워) 상가 A동 2층 205호~210호",032-580-1400,-,032-582-3546,-,-,-
중앙/지방(기관리스트),신용보증기금,신용보증기금 청주지점,지점,금융위원회,준정부기관(기금관리형),충청북도 청주시 흥덕구 직지대로 401 2층,043-261-9300,-,043-261-9399,-,-,-
중앙/지방(기관리스트),신용보증기금,신용보증기금 춘천지점,지점,금융위원회,준정부기관(기금관리형),강원도 춘천시 금강로 77 신용보증기금 3층,033-250-2500,-,033-250-2540,-,-,-
중앙/지방(기관리스트),신용보증기금,신용보증기금 충북채권관리단,지점,금융위원회,준정부기관(기금관리형),충청북도 청주시 흥덕구 직지대로 401 3층,043-261-9355,-,042-261-9366,-,-,-
중앙/지방(기관리스트),신용보증기금,신용보증기금 충정로지점,지점,금융위원회,준정부기관(기금관리형),서울특별시 서대문구 서소문로 21(충정로3가) 3층,02-311-4200,-,02-311-4200,-,-,-
중앙/지방(기관리스트),신용보증기금,신용보증기금 충주지점,지점,금융위원회,준정부기관(기금관리형),충청북도 충주시 으뜸로 31 충주상공회의소 2층,043-840-1500,-,043-848-1923,-,-,-
중앙/지방(기관리스트),신용보증기금,신용보증기금 충청영업본부,지점,금융위원회,준정부기관(기금관리형),대전광역시 서구 둔산서로 45 신용보증기금빌딩 3층,042-539-5606,-,042-539-5647,-,-,-
중앙/지방(기관리스트),신용보증기금,신용보증기금 칠곡지점,지점,금융위원회,준정부기관(기금관리형),경상북도 칠곡군  왜관읍 중앙로 208 2층,054-970-0899,-,054-977-3290,-,-,-
중앙/지방(기관리스트),신용보증기금,신용보증기금 테헤란로지점,지점,금융위원회,준정부기관(기금관리형),서울특별시 강남구 테헤란로 328 동우빌딩 12층,02-3420-4200,-,02-3420-4299,-,-,-
중앙/지방(기관리스트),신용보증기금,신용보증기금 통영지점,지점,금융위원회,준정부기관(기금관리형),경상남도 통영시  중앙로 297 삼성생명빌딩 9층,055-640-6500,-,055-640-6599,-,-,-
중앙/지방(기관리스트),신용보증기금,신용보증기금 투자금융센터,지점,금융위원회,준정부기관(기금관리형),서울특별시 마포구 마포대로 122(공덕동) 10층,02-710-4666,-,02-710-4670,-,-,-
중앙/지방(기관리스트),신용보증기금,신용보증기금 파주지점,지점,금융위원회,준정부기관(기금관리형),경기도 파주시 책향기로 836(와동동) 6층,031-956-3224,-,031-956-3299,-,-,-
중앙/지방(기관리스트),신용보증기금,신용보증기금 평택지점,지점,금융위원회,준정부기관(기금관리형),경기도 평택시 중앙2로 47(합정동) 4층,031-650-0800,-,031-658-2921,-,-,-
중앙/지방(기관리스트),신용보증기금,신용보증기금 포천지점,지점,금융위원회,준정부기관(기금관리형),경기도 포천시 소흘읍 솔모루로 87 2층,031-543-1500,-,031-540-1599,-,-,-
중앙/지방(기관리스트),신용보증기금,신용보증기금 포항지점,지점,금융위원회,준정부기관(기금관리형),경상북도 포항시  남구 포스코대로 333 상공회의소빌딩 3층,054-271-6400,-,054-272-1806,-,-,-
중앙/지방(기관리스트),신용보증기금,신용보증기금 하남지점,지점,금융위원회,준정부기관(기금관리형),경기도 하남시 덕풍동로111-21 KN MALL 10층 1002호,031-790-9600,-,031-796-4083,-,-,-
중앙/지방(기관리스트),신용보증기금,신용보증기금 호남영업본부,지점,금융위원회,준정부기관(기금관리형),광주광역시 동구 제봉로 218(대인동) 2층,062-607-9180,-,062-607-9190,-,-,-
중앙/지방(기관리스트),신용보증기금,신용보증기금 화성서지점,지점,금융위원회,준정부기관(기금관리형),경기도 화성시 남양읍 시청로 7 7층,031-8059-8513,-,031-8059-8599,-,-,-
중앙/지방(기관리스트),신용보증기금,신용보증기금 화성재기지원단,지점,금융위원회,준정부기관(기금관리형),경기도 화성시 병점2로 6 금강빌딩 6층,031-695-2715,-,031-695-2799,-,-,-
중앙/지방(기관리스트),신용보증기금,신용보증기금 화성지점,지점,금융위원회,준정부기관(기금관리형),경기도 화성시 향남읍 삼천병마로 194 성우빌딩 3층,031-350-9316,-,031-350-9399,-,-,-
중앙/지방(기관리스트),신용보증재단중앙회,신용보증재단중앙회,본점,중소벤처기업부,기타공공기관,세종특별자치시 나성남로 7-12 (나성동) 신용보증재단중앙회,1588-7365,1588-7365,044-414-3025,-,-,-
중앙/지방(기관리스트),아시아·태평양경제협력체 기후센터,아시아·태평양경제협력체 기후센터,본점,기상청,기타공공기관,부산광역시 해운대구 센텀7로 12 (우동) (재)APEC기후센터,051-745-3900,-,-,apcc@apcc21.org,-,-
중앙/지방(기관리스트),양육비이행관리원,양육비이행관리원,본점,성평등가족부,기타공공기관,nan,nan,-,-,-,-,-
중앙/지방(기관리스트),에너지경제연구원,에너지경제연구원,본점,국무조정실,기타공공기관,울산광역시 중구 종가로 405-11 (성안동) 에너지경제연구원,052-714-2114,-,052-714-2028,webmaster@keei.re.kr,-,-
중앙/지방(기관리스트),여수광양항만공사,여수광양항만공사,본점,해양수산부,기타공공기관,전라남도 광양시 항만대로 465(황길동) 월드마린센터,061-797-4300,-,061-797-4485,-,-,-
중앙/지방(기관리스트),여수광양항만공사,여수광양항만공사 여수사업소,지점,해양수산부,기타공공기관,전라남도 여수시 봉계4길 10(봉계동) 여수광양항만공사 여수사업소,061-692-4346,-,061-692-4342,-,-,-
중앙/지방(기관리스트),연구개발특구진흥재단,연구개발특구진흥재단,본점,과학기술정보통신부,기타공공기관,대전광역시 유성구 엑스포로123번길 27-5 (도룡동) 연구개발특구진흥재단,042-865-8800,-,042-865-8819,-,-,-
중앙/지방(기관리스트),연구개발특구진흥재단,연구개발특구진흥재단 광주연구개발특구본부,지점,과학기술정보통신부,기타공공기관,광주광역시 북구 추암로 249 (월출동) 광주이노비즈센터 1004호 광주연구개발특구본부,062-603-5000,-,062-603-5005,-,-,-
중앙/지방(기관리스트),연구개발특구진흥재단,연구개발특구진흥재단 대구연구개발특구본부,지점,과학기술정보통신부,기타공공기관,대구광역시 달성군 현풍읍 테크노공원로 16 대구테크비즈센터 3층 대구연구개발특구본부,053-592-8350,-,053-592-8349,-,-,-
중앙/지방(기관리스트),연구개발특구진흥재단,연구개발특구진흥재단 부산연구개발특구본부,지점,과학기술정보통신부,기타공공기관,부산광역시 강서구 미음산단5로41번길 71 (미음동) 부산연구개발특구본부,051-293-4876,-,051-293-4856,-,-,-
중앙/지방(기관리스트),연구개발특구진흥재단,연구개발특구진흥재단 전북연구개발특구본부,지점,과학기술정보통신부,기타공공기관,전라북도 전주시 덕진구 오공로 123 (만성동) 전북테크비즈센터 3층 전북연구개발특구본부,063-905-9743,-,063-905-9761,-,-,-
중앙/지방(기관리스트),영상물등급위원회,영상물등급위원회,본점,문화체육관광부,기타공공기관,"부산광역시 해운대구 센텀서로 39 (우동) 1, 3층",051-990-7200,-,051-991-7208,leearim@kmrb.or.kr,-,-
중앙/지방(기관리스트),영화진흥위원회,영화진흥위원회,본점,문화체육관광부,기타공공기관,부산광역시 해운대구 수영강변대로 130 (우동) 영화진흥위원회,051-720-4700,-,-,webmaster@kofic.or.kr,-,-
중앙/지방(기관리스트),영화진흥위원회,영화진흥위원회 영화교육지원센터(서울),지점,문화체육관광부,기타공공기관,서울특별시 마포구 와우산로 143(서교동) 영화진흥위원회 영화교육지원센터,02-320-3542,-,02-320-3548,webmaster@kofic.or.kr,-,-
중앙/지방(기관리스트),영화진흥위원회,영화진흥위원회 한국영화아카데미(부산본교),지점,문화체육관광부,기타공공기관,부산광역시 수영구 수영로521번길 55(광안동) 한국영화아카데미(부산본교),051-750-8400,-,051-758-8401,webmaster@kofic.or.kr,-,-
중앙/지방(기관리스트),예금보험공사,예금보험공사,본점,금융위원회,준정부기관(기금관리형),서울특별시 중구 청계천로 30 (다동) 예금보험공사,02-758-0114,1588-0037,-,-,-,-
중앙/지방(기관리스트),예금보험공사,예금보험공사 글로벌교육센터,지점,금융위원회,준정부기관(기금관리형),충청북도 충주시 신니면 모남1길 180 예금보험공사 글로벌교육센터,043-857-9815,-,043-857-9810,globalacademy@kdic.or.kr,-,-
중앙/지방(기관리스트),예술의전당,예술의전당,본점,문화체육관광부,기타공공기관,서울특별시 서초구 남부순환로 2406 (서초동) 예술의전당,02-580-1300,-,-,webmaster@sac.or.kr,-,-
중앙/지방(기관리스트),오송첨단의료산업진흥재단,오송첨단의료산업진흥재단,본점,보건복지부,기타공공기관,충청북도 청주시 흥덕구 오송읍 오송생명로 123 오송첨단의료산업진흥재단,043-200-9100,-,043-200-9109,kbio@kbio.kr,-,-
중앙/지방(기관리스트),울산항만공사,울산항만공사,본점,해양수산부,기타공공기관,울산광역시 남구 장생포고래로 271(매암동) 울산항마린센터,052-228-5300,-,-,-,-,-
중앙/지방(기관리스트),육아정책연구소,육아정책연구소,본점,국무조정실,기타공공기관,서울특별시 중구 소공로 70 (충무로1가) 9층,02-398-7700,-,02-730-3319,kicce@kicce.re.kr,-,-
중앙/지방(기관리스트),의료기관평가인증원,의료기관평가인증원,본점,보건복지부,기타공공기관,서울특별시 영등포구 국회대로76길 10 (여의도동) 10층,02-2076-0600,-,02-2076-0655,koihainfo@koiha.or.kr,-,-
중앙/지방(기관리스트),인천국제공항공사,인천국제공항공사,본점,국토교통부,공기업(시장형),인천광역시 중구 공항로424번길 47 (운서동) 인천국제공항공사,1577-2600,1577-2600,-,-,-,-
중앙/지방(기관리스트),인천항만공사,인천항만공사,본점,해양수산부,기타공공기관,인천광역시 연수구 센트럴로 263 (송도동) 인천항만공사,032-890-8000,-,032-726-0308,-,-,-
중앙/지방(기관리스트),자동차손해배상진흥원,자동차손해배상진흥원,본점,국토교통부,기타공공기관,"서울특별시 영등포구 선유로52길 11 (당산동6가) 2,3,6층",02-6101-1600,-,02-6101-1601,tacss@tacss.or.kr,-,-
중앙/지방(기관리스트),재단법인 건설기술교육원,서울강남분원,지점,국토교통부,기타공공기관,서울특별시 강남구 테헤란로7길 22(역삼동) 과학기술회관 2관 3층,02-565-0162,-,02-565-0160,-,-,-
중앙/지방(기관리스트),재단법인 건설기술교육원,재단법인 건설기술교육원,본점,국토교통부,기타공공기관,인천광역시 남동구 소래로 688 (만수동) 우편번호 21541,032-460-0231,-,032-563-5337,-,-,-
중앙/지방(기관리스트),재단법인 국악방송,재단법인 국악방송 강릉국악방송(보조국 FM103.3),지점,기타/확인필요,기타공공기관,서울특별시 마포구 월드컵북로54길 12 (상암동) 국악방송 본사(연주소),02-300-9990,-,-,-,-,-
중앙/지방(기관리스트),재단법인 국악방송,재단법인 국악방송 경주국악방송(보조국 FM107.9),지점,기타/확인필요,기타공공기관,경상북도 포항시 북구 흥해읍 도음로 764-555 경주국악방송(송신소),02-300-9990,-,-,-,-,-
중앙/지방(기관리스트),재단법인 국악방송,재단법인 국악방송 광주국악방송 (FM99.3),지점,기타/확인필요,기타공공기관,광주광역시 북구 제봉로 324 (중흥동) 4층 광주국악방송(연주소),062-602-9310,-,062-602-9399,-,-,-
중앙/지방(기관리스트),재단법인 국악방송,재단법인 국악방송 남도국악방송(보조국 FM94.7),지점,기타/확인필요,기타공공기관,광주광역시 북구 제봉로 324 (중흥동) 4층 남도국악방송(연주소),02-300-9990,-,-,-,-,-
중앙/지방(기관리스트),재단법인 국악방송,재단법인 국악방송 남원국악방송(보조국 FM95.9),지점,기타/확인필요,기타공공기관,광주광역시 북구 제봉로 324 (중흥동) 4층 남원국악방송(연주소),02-300-9990,-,-,-,-,-
중앙/지방(기관리스트),재단법인 국악방송,재단법인 국악방송 대구국악방송(보조국 FM107.5),지점,기타/확인필요,기타공공기관,대구광역시 남구 앞산순환로 456 (대명동) 대구국악방송(송신소),02-300-9990,-,-,-,-,-
중앙/지방(기관리스트),재단법인 국악방송,재단법인 국악방송 대전국악방송 (FM90.5),지점,기타/확인필요,기타공공기관,대전광역시 동구 대전로 591 (효동) 3층 대전국악방송(연주소),042-285-9571,-,042-285-9578,-,-,-
중앙/지방(기관리스트),재단법인 국악방송,재단법인 국악방송 부산국악방송(보조국 FM98.5),지점,부산광역시 부산진구,기타공공기관,부산광역시 부산진구 국악로 2 (연지동) 부산국악방송(연주소),02-300-9990,-,-,-,-,-
중앙/지방(기관리스트),재단법인 국악방송,재단법인 국악방송 서귀포국악방송(보조국 FM106.9),지점,제주특별자치도 서귀포시,기타공공기관,제주특별자치도 서귀포시 남성로115번길 53 (서홍동) 서귀포국악방송(보조국),02-300-9990,-,-,-,-,-
중앙/지방(기관리스트),재단법인 국악방송,재단법인 국악방송 전주국악방송(보조국 FM95.3),지점,기타/확인필요,기타공공기관,전라북도 전주시 완산구 한지길 64 (풍남동3가) 전주국악방송(연주소),02-300-9990,-,-,-,-,-
중앙/지방(기관리스트),재단법인 국악방송,재단법인 국악방송 제주국악방송(보조국 FM91.3),지점,제주특별자치도 제주시,기타공공기관,제주특별자치도 제주시 명림로 584 (봉개동) 제주국악방송(보조국),02-300-9990,-,-,-,-,-
중앙/지방(기관리스트),재단법인 대한건설기계안전관리원,재단법인 대한건설기계안전관리원,본점,국토교통부,기타공공기관,서울특별시 서초구 서초대로42길 54 (서초동) 건설기계회관 5층,02-588-6541,-,02-3471-4916,hamin@kcesi.kr,-,-
중앙/지방(기관리스트),재단법인 대한건설기계안전관리원,재단법인 대한건설기계안전관리원 강원영동건설기계검사소,지점,국토교통부,기타공공기관,강원도 강릉시 강변로534번길 37 (입암동) 37,033-653-4870,-,033-652-4870,-,-,-
중앙/지방(기관리스트),재단법인 대한건설기계안전관리원,재단법인 대한건설기계안전관리원 강원영서건설기계검사소,지점,국토교통부,기타공공기관,강원특별자치도 홍천군 북방면 송학정로 36-30 .,033-732-4870,-,033-732-4880,-,-,-
중앙/지방(기관리스트),재단법인 대한건설기계안전관리원,재단법인 대한건설기계안전관리원 경기건설기계검사소,지점,국토교통부,기타공공기관,경기도 수원시 권선구 효행로 48-2 (오목천동) 48-2,031-292-4110,-,031-292-0198,-,-,-
중앙/지방(기관리스트),재단법인 대한건설기계안전관리원,재단법인 대한건설기계안전관리원 경기북부건설기계검사소,지점,국토교통부,기타공공기관,경기도 포천시 내촌면 금강로 2008 2008,031-531-0277,-,031-531-0279,-,-,-
중앙/지방(기관리스트),재단법인 대한건설기계안전관리원,재단법인 대한건설기계안전관리원 경남건설기계검사소,지점,국토교통부,기타공공기관,경상남도 함안군 칠원읍 삼칠로 219 219,055-586-5622,-,055-586-5624,-,-,-
중앙/지방(기관리스트),재단법인 대한건설기계안전관리원,재단법인 대한건설기계안전관리원 경북건설기계검사소,지점,국토교통부,기타공공기관,경상북도 포항시 남구 청림서길 63 (청림동) 63,054-292-4619,-,054-297-6598,-,-,-
중앙/지방(기관리스트),재단법인 대한건설기계안전관리원,재단법인 대한건설기계안전관리원 광주건설기계검사소,지점,국토교통부,기타공공기관,광주광역시 남구 송암로24번가길 38-2 (송하동) 38-2,062-674-0976,-,062-674-1413,-,-,-
중앙/지방(기관리스트),재단법인 대한건설기계안전관리원,재단법인 대한건설기계안전관리원 대구건설기계검사소,지점,국토교통부,기타공공기관,대구광역시 달서구 호산로 48 (호산동) 48,053-588-8941,-,053-588-8943,-,-,-
중앙/지방(기관리스트),재단법인 대한건설기계안전관리원,재단법인 대한건설기계안전관리원 대전건설기계검사소,지점,국토교통부,기타공공기관,대전광역시 대덕구 상서당2길 29 (상서동) 2층,042-531-6871,-,042-525-2871,-,-,-
중앙/지방(기관리스트),재단법인 대한건설기계안전관리원,재단법인 대한건설기계안전관리원 부산건설기계검사소,지점,국토교통부,기타공공기관,부산광역시 사상구 가야대로 202 (학장동) 가야대로 202,051-313-3712,-,051-313-3714,-,-,-
중앙/지방(기관리스트),재단법인 대한건설기계안전관리원,재단법인 대한건설기계안전관리원 서울건설기계검사소,지점,국토교통부,기타공공기관,경기도 김포시 고촌읍 아라육로57번길 87-11 87-11,02-2661-4279,-,031-985-4260,-,-,-
중앙/지방(기관리스트),재단법인 대한건설기계안전관리원,재단법인 대한건설기계안전관리원 울산건설기계검사소,지점,국토교통부,기타공공기관,울산광역시 울주군 온양읍 덕망로 290 290,052-267-7078,-,053-267-7079,-,-,-
중앙/지방(기관리스트),재단법인 대한건설기계안전관리원,재단법인 대한건설기계안전관리원 인천건설기계검사소,지점,국토교통부,기타공공기관,인천광역시 미추홀구 아암대로253번길 50 (학익동) 50,032-831-2449,-,032-833-1805,-,-,-
중앙/지방(기관리스트),재단법인 대한건설기계안전관리원,재단법인 대한건설기계안전관리원 전남건설기계검사소,지점,국토교통부,기타공공기관,전라남도 광양시 산업로 11 (태인동) 11,061-795-4111,-,061-795-4112,-,-,-
중앙/지방(기관리스트),재단법인 대한건설기계안전관리원,재단법인 대한건설기계안전관리원 전북건설기계검사소,지점,국토교통부,기타공공기관,전라북도 전주시 덕진구 서귀로 26 (팔복동3가) 26,063-211-0124,-,063-213-3586,-,-,-
중앙/지방(기관리스트),재단법인 대한건설기계안전관리원,재단법인 대한건설기계안전관리원 제주건설기계검사소,지점,국토교통부,기타공공기관,제주특별자치도 제주시 조천읍 신흥남2길 47 47,064-755-3502,-,064-722-3123,-,-,-
중앙/지방(기관리스트),재단법인 대한건설기계안전관리원,재단법인 대한건설기계안전관리원 충남건설기계검사소,지점,국토교통부,기타공공기관,충청남도 천안시 서북구 직산읍 성진로 430 2층,041-552-5855,-,041-552-8143,-,-,-
중앙/지방(기관리스트),재단법인 대한건설기계안전관리원,재단법인 대한건설기계안전관리원 충북건설기계검사소,지점,국토교통부,기타공공기관,충청북도 청주시 흥덕구 무심서로 793 (신봉동) 793,043-268-6156,-,043-262-6156,-,-,-
중앙/지방(기관리스트),재단법인 장애인기업종합지원센터,재단법인 장애인기업종합지원센터,본점,중소벤처기업부,기타공공기관,"서울특별시 영등포구 버드나루로14길 25 (당산동) 장애인기업종합지원센터 6,7층",02-2181-6500,-,02-2181-6556,-,-,-
중앙/지방(기관리스트),재단법인 장애인기업종합지원센터,재단법인 장애인기업종합지원센터 강원지역센터,지점,중소벤처기업부,기타공공기관,강원도 원주시 능라동길 75 (무실동) 5층,033-747-6823,-,033-747-6824,pwy@debc.or.kr,-,-
중앙/지방(기관리스트),재단법인 장애인기업종합지원센터,재단법인 장애인기업종합지원센터 경기지역센터,지점,중소벤처기업부,기타공공기관,"경기도 부천시 길주로 252 (중동) 201,206호",032-322-1940,-,032-322-1941,-,-,-
중앙/지방(기관리스트),재단법인 장애인기업종합지원센터,재단법인 장애인기업종합지원센터 경남지역센터,지점,중소벤처기업부,기타공공기관,경상남도 진주시 동진로 111 (상대동) 2층,055-763-3556,-,055-763-3357,ccm@debc.or.kr,-,-
중앙/지방(기관리스트),재단법인 장애인기업종합지원센터,재단법인 장애인기업종합지원센터 경북지역센터,지점,중소벤처기업부,기타공공기관,경상북도 안동시 강남2길 60-18 (정하동) 5층,054-842-3773,-,054-854-9091,jjh@debc.or.kr,-,-
중앙/지방(기관리스트),재단법인 장애인기업종합지원센터,재단법인 장애인기업종합지원센터 광주지역센터,지점,중소벤처기업부,기타공공기관,"광주광역시 광산구 월계로 195 (월계동, 첨단 AM-City 스카이 하이) 5,6층",062-511-8330,-,062-511-8331,ssh2@debc.or.kr,-,-
중앙/지방(기관리스트),재단법인 장애인기업종합지원센터,재단법인 장애인기업종합지원센터 대구지역센터,지점,중소벤처기업부,기타공공기관,대구광역시 달서구 달서대로 559 (신당동) 809~810호,053-600-8070,-,053-600-8071,odh@debc.or.kr,-,-
중앙/지방(기관리스트),재단법인 장애인기업종합지원센터,재단법인 장애인기업종합지원센터 대전지역센터,지점,중소벤처기업부,기타공공기관,대전광역시 유성구 테크노3로 65 (관평동) 513~514호,042-932-9077,-,042-932-9078,kkw@debc.or.kr,-,-
중앙/지방(기관리스트),재단법인 장애인기업종합지원센터,재단법인 장애인기업종합지원센터 부산지역센터,지점,중소벤처기업부,기타공공기관,부산광역시 사상구 대동로 303 (감전동) 608호,051-329-8230,-,051-329-8231,yyh@debc.or.kr,-,-
중앙/지방(기관리스트),재단법인 장애인기업종합지원센터,재단법인 장애인기업종합지원센터 서울지역센터 별관,지점,중소벤처기업부,기타공공기관,서울특별시 영등포구 영등포로 33 (양평동2가) 601~605호,02-2068-6050,-,02-2068-6051,sjm@debc.or.kr,-,-
중앙/지방(기관리스트),재단법인 장애인기업종합지원센터,재단법인 장애인기업종합지원센터 울산지역센터,지점,중소벤처기업부,기타공공기관,"울산광역시 중구 남외2길 10 (남외동, 삼환나우빌1단지) 4,5층",052-294-7230,-,052-294-7231,pjh@debc.or.kr,-,-
중앙/지방(기관리스트),재단법인 장애인기업종합지원센터,재단법인 장애인기업종합지원센터 인천지역센터,지점,중소벤처기업부,기타공공기관,인천광역시 연수구 앵고개로 250 (동춘동) 7층,032-817-1364,-,032-818-1364,pyj@debc.or.kr,-,-
중앙/지방(기관리스트),재단법인 장애인기업종합지원센터,재단법인 장애인기업종합지원센터 전남지역센터,지점,중소벤처기업부,기타공공기관,전라남도 무안군 삼향읍 후광대로 292 애드가 2차 201호,061-285-7867,-,061-285-7869,pjm@debc.or.kr,-,-
중앙/지방(기관리스트),재단법인 장애인기업종합지원센터,재단법인 장애인기업종합지원센터 전북지역센터,지점,중소벤처기업부,기타공공기관,전라북도 전주시 완산구 홍산로 249 (효자동2가) 대신타워 602호,063-237-5354,-,063-237-5355,cmh@debc.or.kr,-,-
중앙/지방(기관리스트),재단법인 장애인기업종합지원센터,재단법인 장애인기업종합지원센터 제주지역센터,지점,중소벤처기업부,기타공공기관,"제주특별자치도 제주시 진군남4길 5 (노형동, 더힐) (재)장애인기업종합지원센터 제주지역센터",064-749-8234,-,064-749-8235,hjs@debc.or.kr,-,-
중앙/지방(기관리스트),재단법인 장애인기업종합지원센터,재단법인 장애인기업종합지원센터 충남지역센터,지점,중소벤처기업부,기타공공기관,충청남도 예산군 예산읍 역전로134번길 8-6 (재)장애인기업종합지원센터 충남지역센터,041-331-0505,-,041-335-9091,-,-,-
중앙/지방(기관리스트),재단법인 장애인기업종합지원센터,재단법인 장애인기업종합지원센터 충북지역센터,지점,중소벤처기업부,기타공공기관,"충청북도 청주시 흥덕구 가로수로1164번길 41-48 (강서동, 경성하늘#) 경성하늘 201호",043-238-8243,-,043-238-8244,cmk@debc.or.kr,-,-
중앙/지방(기관리스트),재단법인 한국공공조직은행,재단법인 한국공공조직은행,본점,보건복지부,기타공공기관,서울특별시 중구 퇴계로 307 (광희동1가) 3층,1600-1739,1577-8640,02-6261-3910,-,-,-
중앙/지방(기관리스트),재단법인 한국공공조직은행,재단법인 한국공공조직은행 빛고을전남대조직은행,지점,보건복지부,기타공공기관,광주광역시 남구 덕남길 80 (덕남동) 빛고을전남대병원 지하1층,1600-1739,-,-,-,-,-
중앙/지방(기관리스트),재단법인 한국공공조직은행,재단법인 한국공공조직은행 서울성모조직은행,지점,보건복지부,기타공공기관,서울특별시 서초구 반포대로 222 (반포동) 가톨릭성의교정 의과학연구동 별관2층,1600-1739,-,-,-,-,-
중앙/지방(기관리스트),재단법인 한국공공조직은행,재단법인 한국공공조직은행 성남조직은행,지점,보건복지부,기타공공기관,"경기도 성남시 중원구 사기막골로62번길 37 (상대원동) 1305~6호, 1208호",1600-1739,-,-,-,-,-
중앙/지방(기관리스트),재단법인 한국공공조직은행,재단법인 한국공공조직은행 양산부산대조직은행,지점,보건복지부,기타공공기관,경상남도 양산시 물금읍 금오로 20 양산부산대학교병원 장례식장 지하2층,1600-1739,-,-,-,-,-
중앙/지방(기관리스트),재단법인 한국공공조직은행,재단법인 한국공공조직은행 충북대조직은행,지점,보건복지부,기타공공기관,충청북도 청주시 서원구 1순환로 776 (개신동) 장례식장 2층,1600-1739,-,-,-,-,-
중앙/지방(기관리스트),재단법인 한국에너지재단,재단법인 한국에너지재단,본점,기후에너지환경부,기타공공기관,서울특별시 용산구 신흥로 152 (후암동) 한국에너지재단,02-6913-2114,-,02-6913-2119,kja@koref.or.kr,-,-
중앙/지방(기관리스트),재단법인 한국자활복지개발원,재단법인 한국자활복지개발원,본점,보건복지부,기타공공기관,"서울특별시 서대문구 통일로 135(충정로2가) 9층, 10층",02-3415-6900,-,02-3415-6990,admin@kdissw.or.kr,-,-
중앙/지방(기관리스트),재단법인 한국자활복지개발원,재단법인 한국자활복지개발원 한국자활연수원,지점,보건복지부,기타공공기관,충청북도 충주시 안심1길 143 (안림동) 한국자활연수원,043-841-3770,-,043-841-3769,-,-,-
중앙/지방(기관리스트),재단법인 한국장기조직기증원,재단법인 한국장기조직기증원,본점,보건복지부,기타공공기관,서울특별시 서대문구 충정로 36 (충정로3가) 5층,02-3447-5632,1577-1458,02-3447-5631,koda@koda1458.kr,-,-
중앙/지방(기관리스트),재단법인 한국장기조직기증원,재단법인 한국장기조직기증원 KODA Lab,지점,보건복지부,기타공공기관,서울특별시 서대문구 충정로 36 (충정로3가) 8층,02-548-5632,-,02-548-5631,koda@koda1458.kr,-,-
중앙/지방(기관리스트),재단법인 한국장기조직기증원,재단법인 한국장기조직기증원 영남권역(대구사무소),지점,보건복지부,기타공공기관,"대구광역시 중구 신암로 6 (동인동1가, 삼승슈퍼타워아파트) 703호",053-422-5632,-,053-422-5631,koda@koda1458.kr,-,-
중앙/지방(기관리스트),재단법인 한국장기조직기증원,재단법인 한국장기조직기증원 영남권역(부산사무소),지점,보건복지부,기타공공기관,부산광역시 동구 중앙대로236번길 3-4 (초량동) 9층,051-463-5632,-,051-463-5638,koda@koda1458.kr,-,-
중앙/지방(기관리스트),재단법인 한국장기조직기증원,재단법인 한국장기조직기증원 충청호남권역(광주사무소),지점,보건복지부,기타공공기관,광주광역시 북구 태봉로 83 (신안동) 4층,062-528-5632,-,062-528-5630,koda@koda1458.kr,-,-
중앙/지방(기관리스트),재단법인 한국장기조직기증원,재단법인 한국장기조직기증원 충청호남권역(대전사무소),지점,보건복지부,기타공공기관,대전광역시 서구 구봉산북로7번길 14-12 (관저동) 201호,042-526-5632,-,042-526-5631,koda@koda1458.kr,-,-
중앙/지방(기관리스트),재외동포협력센터,재외동포재단 서울사무소,지점,재외동포청,기타공공기관,서울특별시 서초구 남부순환로 2558 (서초동) 4층 재외동포재단,02-3415-0100,-,02-3415-0118,-,-,-
중앙/지방(기관리스트),재외동포협력센터,재외동포협력센터,본점,재외동포청,기타공공기관,서울특별시 서초구 남부순환로 2558 (서초동) 4층,02-3415-0100,-,-,-,-,-
중앙/지방(기관리스트),전국재해구호협회,전국재해구호협회,본점,행정안전부,기타공공기관,nan,nan,-,-,-,-,-
중앙/지방(기관리스트),전남대학교병원,전남대학교병원,본점,교육부,기타공공기관,광주광역시 동구 제봉로 42 (학동) 전남대학교병원,1899-0000,1899-0000,-,-,-,-
중앙/지방(기관리스트),전남대학교병원,전남대학교병원 빛고을 전남대학교병원,지점,교육부,기타공공기관,광주광역시 남구 덕남길 80 (덕남동) 빛고을 전남대학교병원,1899-0000,-,-,-,-,-
중앙/지방(기관리스트),전남대학교병원,전남대학교병원 전남대학교 치과병원,지점,교육부,기타공공기관,광주광역시 북구 용봉로 33 (용봉동) 전남대학교 치과병원,062-530-5500,-,-,-,-,-
중앙/지방(기관리스트),전남대학교병원,전남대학교병원 화순전남대학교병원,지점,교육부,기타공공기관,전라남도 화순군 화순읍 서양로 322 화순전남대학교병원,1899-0000,-,-,-,-,-
중앙/지방(기관리스트),전북대학교병원,전북대학교병원,본점,교육부,기타공공기관,전라북도 전주시 덕진구 건지로 20 (금암동) 전북대학교병원,1577-7877,1577-7877,063-250-1889,cuhkijo@hanmail.net,-,-
중앙/지방(기관리스트),전쟁기념사업회,전쟁기념사업회,본점,국방부,기타공공기관,서울특별시 용산구 이태원로 29 (용산동1가) 전쟁기념관,02-709-3081,-,02-709-3112,k20803@warmemo.or.kr,-,-
중앙/지방(기관리스트),정보통신기획평가원,정보통신기획평가원,본점,과학기술정보통신부,준정부기관(위탁집행형),대전광역시 유성구 유성대로 1548 (화암동) 정보통신기획평가원,042-612-8001,-,-,-,-,-
중앙/지방(기관리스트),정보통신기획평가원,정보통신기획평가원 대전본원,지점,과학기술정보통신부,준정부기관(위탁집행형),대전광역시 유성구 유성대로 1548 (화암동) 정보통신기획평가원,042-612-8001,-,-,-,-,-
중앙/지방(기관리스트),정보통신산업진흥원,정보통신산업진흥원,본점,과학기술정보통신부,기타공공기관,충청북도 진천군 덕산면 정통로 10 (두촌리100) 정보통신산업진흥원,043-931-5000,-,-,-,-,-
중앙/지방(기관리스트),정보통신산업진흥원,정보통신산업진흥원 부설) 소프트웨어정책연구소,지점,과학기술정보통신부,기타공공기관,경기도 성남시 분당구 대왕판교로712번길 22 (삼평동) 글로벌RD센터 연구동(A) 4층,031-739-7300,-,031-739-7199,-,-,-
중앙/지방(기관리스트),정보통신정책연구원,정보통신정책연구원,본점,국무조정실,기타공공기관,충청북도 진천군 덕산면 정통로 18 정보통신정책연구원,043-531-4114,-,043-535-4695,-,-,-
중앙/지방(기관리스트),정부법무공단,정부법무공단,본점,법무부,기타공공기관,서울특별시 강남구 테헤란로108길 12 (대치동) 2~7층 정부법무공단,02-2182-0000,-,-,kgls@kgls.or.kr,-,-
중앙/지방(기관리스트),제주국제자유도시개발센터,제주국제자유도시개발센터,본점,국토교통부,공기업(준시장형),제주특별자치도 제주시 첨단로 213-4 (영평동) 엘리트빌딩,064-797-5502,-,-,-,-,-
중앙/지방(기관리스트),제주국제자유도시개발센터,제주국제자유도시개발센터 JDC 서울사무소,지점,국토교통부,공기업(준시장형),서울특별시 영등포구 여의대로 66 (여의도동) KTB빌딩 18층,02-761-1436,-,02-761-3194,-,-,-
중앙/지방(기관리스트),제주대학교병원,제주대학교병원,본점,교육부,기타공공기관,제주특별자치도 제주시 아란13길 15 (아라일동) 제주대학교병원,064-717-1114,-,064-757-8276,jejunuh@jejunuh.co.kr,-,-
중앙/지방(기관리스트),주식회사 에스알,주식회사 에스알,본점,국토교통부,공기업(준시장형),서울특별시 강남구 광평로56길 12(수서동) 희림빌딩,1800-1472,1800-1472,02-6484-4082,-,-,-
중앙/지방(기관리스트),주식회사 에스알,주식회사 에스알 SRT동탄역,지점,국토교통부,공기업(준시장형),경기도 화성시 동탄역로 지하 151 (오산동) SRT동탄역,1800-1472,-,-,-,-,-
중앙/지방(기관리스트),주식회사 에스알,주식회사 에스알 SRT수서역,지점,국토교통부,공기업(준시장형),서울특별시 강남구 밤고개로 99 (수서동) SRT 수서역,1800-1472,-,-,-,-,-
중앙/지방(기관리스트),주식회사 에스알,주식회사 에스알 SRT평택지제역,지점,국토교통부,공기업(준시장형),경기도 평택시 경기대로 777 (지제동) SRT지제역,1800-1472,-,-,-,-,-
중앙/지방(기관리스트),주식회사 에스알,주식회사 에스알 수서차량센터,지점,국토교통부,공기업(준시장형),서울특별시 강남구 밤고개로 99 (수서동) 수서차량센터,1800-1472,-,-,-,-,-
중앙/지방(기관리스트),주택관리공단(주),주택관리공단(주),본점,국토교통부,기타공공기관,경상남도 진주시 사들로 137 (충무공동) 주택관리공단,1670-2727,1670-2727,-,-,-,-
중앙/지방(기관리스트),주택관리공단(주),주택관리공단(주) 강원지사,지점,국토교통부,기타공공기관,강원특별자치도 원주시 로아노크로 28 (단계동) 6층,033-742-1102,-,033-743-1103,335000@kohom.or.kr,-,-
중앙/지방(기관리스트),주택관리공단(주),주택관리공단(주) 경기지사,지점,국토교통부,기타공공기관,경기도 화성시 경기대로 1025-5 (병점동) 601호,031-237-1658,-,02-267-1658,320000@kohom.or.kr,-,-
중앙/지방(기관리스트),주택관리공단(주),주택관리공단(주) 경남지사,지점,국토교통부,기타공공기관,경상남도 진주시 범골로 56 (충무공동) 305호,055-232-3837,-,055-232-3847,365000@kohom.or.kr,-,-
중앙/지방(기관리스트),주택관리공단(주),주택관리공단(주) 광주전남지사,지점,국토교통부,기타공공기관,광주광역시 광산구 신창로 115 (신창동) 서신빌딩 3층,062-511-6691,-,062-513-7618,355000@kohom.or.kr,-,-
중앙/지방(기관리스트),주택관리공단(주),주택관리공단(주) 대구경북지사,지점,국토교통부,기타공공기관,대구광역시 달성군 다사읍 달구벌대로 877 702호,053-521-5984,-,053-521-5986,360000@kohom.or.kr,-,-
중앙/지방(기관리스트),주택관리공단(주),주택관리공단(주) 대전충남지사,지점,국토교통부,기타공공기관,대전광역시 서구 한밭대로570번길 14 (월평동) 대운빌딩 5층,042-582-0391,-,042-582-0393,345000@kohom.or.kr,-,-
중앙/지방(기관리스트),주택관리공단(주),주택관리공단(주) 부산울산지사,지점,국토교통부,기타공공기관,부산광역시 북구 화명대로 20 (화명동) 401호,051-361-2133,-,051-365-2133,325000@kohom.or.kr,-,-
중앙/지방(기관리스트),주택관리공단(주),주택관리공단(주) 서울지사,지점,국토교통부,기타공공기관,서울특별시 중랑구 봉화산로 94 (중화동) 5층,02-6224-5521,-,02-436-1355,315000@kohom.or.kr,-,-
중앙/지방(기관리스트),주택관리공단(주),주택관리공단(주) 인천지사,지점,국토교통부,기타공공기관,경기도 부천시 부흥로 2 (상동) 301호,032-513-1452,-,032-513-1454,330000@kohom.or.kr,-,-
중앙/지방(기관리스트),주택관리공단(주),주택관리공단(주) 전북지사,지점,국토교통부,기타공공기관,전라북도 전주시 완산구 홍산남로 29-15 (효자동2가) 휴본빌딩 6층,063-902-6948,-,063-902-6947,350000@kohom.or.kr,-,-
중앙/지방(기관리스트),주택관리공단(주),주택관리공단(주) 제주지사,지점,국토교통부,기타공공기관,"제주특별자치도 제주시 1100로 3349 (노형동, 인텔리전트한빛아파트) 101호",064-746-2929,-,064-900-2297,370000@kohom.or.kr,-,-
중앙/지방(기관리스트),주택관리공단(주),주택관리공단(주) 충북지사,지점,국토교통부,기타공공기관,충청북도 청주시 서원구 서부로 1346 (성화동) 5층,043-233-7351,-,043-233-7352,340000@kohom.or.kr,-,-
중앙/지방(기관리스트),주택도시보증공사,주택도시보증공사,본점,국토교통부,공기업(준시장형),부산광역시 남구 문현금융로 40(문현동) BIFC,1566-9009,1566-9009,-,-,-,-
중앙/지방(기관리스트),주택도시보증공사,주택도시보증공사 PF금융1센터,지점,국토교통부,공기업(준시장형),부산광역시 남구 문현금융로 40(문현동) BIFC 16층,051-998-6760,-,051-998-6809,-,-,-
중앙/지방(기관리스트),주택도시보증공사,주택도시보증공사 PF금융2센터,지점,국토교통부,공기업(준시장형),부산광역시 남구 문현금융로 40(문현동) BIFC 16층,051-998-6860,-,051-998-6830,-,-,-
중앙/지방(기관리스트),주택도시보증공사,주택도시보증공사 강원지사,지점,국토교통부,공기업(준시장형),강원도 원주시 북원로 2135(무실동) NH 농협은행 원주시지부 3층,033-902-6660,-,033-902-6666,-,-,-
중앙/지방(기관리스트),주택도시보증공사,주택도시보증공사 경기지사,지점,국토교통부,공기업(준시장형),경기도 수원시 팔달구 권광로 178(인계동) 한국교직원공제회관 9층,031-8002-7060,-,031-8002-7070,-,-,-
중앙/지방(기관리스트),주택도시보증공사,주택도시보증공사 경남지사,지점,국토교통부,공기업(준시장형),경상남도 창원시 성산구 상남로 25(상남동) 1층,055-210-3470,-,055-210-3460,-,-,-
중앙/지방(기관리스트),주택도시보증공사,주택도시보증공사 광주전남지사,지점,국토교통부,공기업(준시장형),광주광역시 서구 시청로 26(치평동) 광주광역시 도시공사 6층,062-350-5960,-,062-350-5991,-,-,-
중앙/지방(기관리스트),주택도시보증공사,주택도시보증공사 남부도시금융센터,지점,국토교통부,공기업(준시장형),부산광역시 남구 문현금융로 40(문현동) BIFC 10층,051-998-6722,-,051-998-6730,-,-,-
중앙/지방(기관리스트),주택도시보증공사,주택도시보증공사 대구경북지사,지점,국토교통부,공기업(준시장형),대구광역시 수성구 동대구로 334(범어동) 교원공제회관 7층,053-210-2960,-,053-210-2930,-,-,-
중앙/지방(기관리스트),주택도시보증공사,주택도시보증공사 대전충남지사,지점,국토교통부,공기업(준시장형),대전광역시 서구 둔산북로 56(둔산동) 한화생명 둔산사옥 10층,042-479-8560,-,042-479-8501,-,-,-
중앙/지방(기관리스트),주택도시보증공사,주택도시보증공사 동부도시금융센터,지점,국토교통부,공기업(준시장형),서울특별시 영등포구 의사당대로 8(여의도동) 태흥빌딩 3층,02-6123-8312,-,02-6123-8340,-,-,-
중앙/지방(기관리스트),주택도시보증공사,주택도시보증공사 부산울산지사,지점,국토교통부,공기업(준시장형),부산광역시 동구 중앙대로 240(초량동) 14층,051-922-7760,-,051-922-7777,-,-,-
중앙/지방(기관리스트),주택도시보증공사,주택도시보증공사 서부도시금융센터,지점,국토교통부,공기업(준시장형),서울특별시 영등포구 의사당대로 8(여의도동) 태흥빌딩 3층,02-6123-8362,-,02-6123-8390,-,-,-
중앙/지방(기관리스트),주택도시보증공사,주택도시보증공사 서울남부지사,지점,국토교통부,공기업(준시장형),서울특별시 서초구 서초대로 314(서초동) 정보통신공제조합회관 5층,02-6009-7960,-,02-6009-7911,-,-,-
중앙/지방(기관리스트),주택도시보증공사,주택도시보증공사 서울동부관리센터,지점,국토교통부,공기업(준시장형),서울특별시 강남구 테헤란로 326(역삼동) 역삼아이타워 2층,02-2050-7872,-,02-2050-7861,-,-,-
중앙/지방(기관리스트),주택도시보증공사,주택도시보증공사 서울동부지사,지점,국토교통부,공기업(준시장형),서울특별시 강남구 테헤란로 326(역삼동) 역삼아이타워 2층,02-2050-7860,-,02-2050-7811,-,-,-
중앙/지방(기관리스트),주택도시보증공사,주택도시보증공사 서울북부관리센터,지점,국토교통부,공기업(준시장형),"서울특별시 중구 소월로2길 30(남대문로5가, 남산트라팰리스) T타워 2층",02-6021-8684,-,02-6021-8670,-,-,-
중앙/지방(기관리스트),주택도시보증공사,주택도시보증공사 서울북부지사,지점,국토교통부,공기업(준시장형),서울특별시 종로구 청계천로 35(서린동) 관정빌딩 5층,02-397-2760,-,02-397-2731,-,-,-
중앙/지방(기관리스트),주택도시보증공사,주택도시보증공사 서울서부관리센터,지점,국토교통부,공기업(준시장형),서울특별시 영등포구 여의대로 24(여의도동) 전경련회관 44층,02-6123-8225,-,02-6123-8240,-,-,-
중앙/지방(기관리스트),주택도시보증공사,주택도시보증공사 서울서부지사,지점,국토교통부,공기업(준시장형),서울특별시 영등포구 여의대로 66(여의도동) KTB빌딩 18층,02-6299-4960,-,02-6299-4940,-,-,-
중앙/지방(기관리스트),주택도시보증공사,주택도시보증공사 영남관리센터,지점,국토교통부,공기업(준시장형),부산광역시 부산진구 중앙대로 658(부전동) 7층,051-922-7423,-,051-922-7470,-,-,-
중앙/지방(기관리스트),주택도시보증공사,주택도시보증공사 임대주택금융1센터,지점,국토교통부,공기업(준시장형),서울특별시 영등포구 의사당대로 8(여의도동) 태흥빌딩 4층,02-3771-6509,-,02-3771-6519,-,-,-
중앙/지방(기관리스트),주택도시보증공사,주택도시보증공사 임대주택금융2센터,지점,국토교통부,공기업(준시장형),서울특별시 영등포구 의사당대로 8(여의도동) 태흥빌딩 4층,02-3771-6573,-,02-3771-6579,-,-,-
중앙/지방(기관리스트),주택도시보증공사,주택도시보증공사 전북지사,지점,국토교통부,공기업(준시장형),전라북도 전주시 완산구 온고을로 1(서신동) 교원공제회관 3층,063-250-6414,-,063-250-6450,-,-,-
중앙/지방(기관리스트),주택도시보증공사,주택도시보증공사 정비사업금융1센터,지점,국토교통부,공기업(준시장형),"서울특별시 중구 소월로2길 30(남대문로5가, 남산트라팰리스) T타워 3층",02-6021-8646,-,02-6021-8640,-,-,-
중앙/지방(기관리스트),주택도시보증공사,주택도시보증공사 정비사업금융2센터,지점,국토교통부,공기업(준시장형),"서울특별시 중구 소월로2길 30(남대문로5가, 남산트라팰리스) T타워 18층",02-6021-8763,-,02-6021-8769,-,-,-
중앙/지방(기관리스트),주택도시보증공사,주택도시보증공사 제주출장소,지점,국토교통부,공기업(준시장형),제주특별자치도 제주시 은남길 8(연동) 삼성화재빌딩 6층,064-909-7600,-,064-909-7666,-,-,-
중앙/지방(기관리스트),주택도시보증공사,주택도시보증공사 중부관리센터,지점,국토교통부,공기업(준시장형),대전광역시 서구 둔산북로 56(둔산동) 11층,042-479-8562,-,042-479-8531,-,-,-
중앙/지방(기관리스트),주택도시보증공사,주택도시보증공사 충북지사,지점,국토교통부,공기업(준시장형),충청북도 청주시 상당구 중흥로 16(용암동) 전문건설회관 5층,043-913-2060,-,043-913-2070,-,-,-
중앙/지방(기관리스트),중소기업기술정보진흥원,중소기업기술정보진흥원,본점,중소벤처기업부,기타공공기관,세종특별자치시 집현중앙로 79(집현동) TIPA,044-300-0200,-,-,-,-,-
중앙/지방(기관리스트),중소기업기술정보진흥원,중소기업기술정보진흥원 기술혁신센터,지점,중소벤처기업부,기타공공기관,경기도 성남시 분당구 대왕판교로645번길 12 (삼평동) 3층,031-739-6910,-,-,-,-,-
중앙/지방(기관리스트),중소기업기술정보진흥원,중소기업기술정보진흥원 수도권평가실,지점,중소벤처기업부,기타공공기관,서울특별시 영등포구 은행로 3 (여의도동) 삼희익스콘벤처타워 3층,02-3787-0500,-,-,-,-,-
중앙/지방(기관리스트),중소기업은행,중소기업은행,본점,금융위원회,기타공공기관,서울특별시 중구 을지로 79 (을지로2가) 중소기업은행,1588-2588,1588-2588,-,-,-,-
중앙/지방(기관리스트),중소기업은행,중소기업은행 LG광화문,지점,금융위원회,기타공공기관,서울특별시 종로구 새문안로 58 LG광화문빌딩,02-735-6826,-,0505-075-0694,-,-,-
중앙/지방(기관리스트),중소기업은행,중소기업은행 MBC,지점,금융위원회,기타공공기관,서울특별시 마포구 성암로 267 MBC 상가 지하1층,02-785-2039,-,0505-075-0222,-,-,-
중앙/지방(기관리스트),중소기업은행,중소기업은행 SK자동차복합단지(출),지점,금융위원회,기타공공기관,경기도 수원시 권선구 평동로 79번길 45,031-267-8341,-,0505-075-1048,-,-,-
중앙/지방(기관리스트),중소기업은행,중소기업은행 가락동,지점,금융위원회,기타공공기관,서울특별시 송파구 중대로 97,02-449-8524,-,0505-075-0323,-,-,-
중앙/지방(기관리스트),중소기업은행,중소기업은행 가산IT밸리,지점,금융위원회,기타공공기관,서울특별시 금천구 가산디지털2로 53 (가산동) 기업은행 가산IT밸리지점,02-6343-6500,-,0505-075-0664,-,-,-
중앙/지방(기관리스트),중소기업은행,중소기업은행 가산동,지점,금융위원회,기타공공기관,서울특별시 금천구 가산디지털2로 184 벽산디지털밸리2차,02-868-4232,-,0505-075-0514,-,-,-
중앙/지방(기관리스트),중소기업은행,중소기업은행 가산디지털,지점,금융위원회,기타공공기관,서울특별시 금천구 가산디지털1로 145 에이스 하이엔드타워 3차,02-2624-0581,-,0505-075-0666,-,-,-
중앙/지방(기관리스트),중소기업은행,중소기업은행 가산디지털역,지점,금융위원회,기타공공기관,서울특별시 금천구 가산디지털1로 168 우림라이온스밸리B동,02-2026-5544,-,0505-075-0478,-,-,-
중앙/지방(기관리스트),중소기업은행,중소기업은행 가산디지털중앙,지점,금융위원회,기타공공기관,서울특별시 금천구 가산디지털2로 98 롯데아이티캐슬 1동,02-2026-8988,-,0505-075-0137,-,-,-
중앙/지방(기관리스트),중소기업은행,중소기업은행 가산테크노,지점,금융위원회,기타공공기관,서울특별시 금천구 서부샛길 606 대성디폴리스,02-861-8851,-,0505-075-0943,-,-,-
중앙/지방(기관리스트),중소기업은행,중소기업은행 가산패션타운,지점,금융위원회,기타공공기관,서울특별시 금천구 벚꽃로 298 (가산동) 기업은행 가산패션타운지점,02-2083-8806,-,0505-075-0541,-,-,-
중앙/지방(기관리스트),중소기업은행,중소기업은행 가양동,지점,금융위원회,기타공공기관,서울특별시 강서구 강서로 468 에이스테크노타워,02-3661-8879,-,0505-075-0311,-,-,-
중앙/지방(기관리스트),중소기업은행,중소기업은행 가좌공단,지점,금융위원회,기타공공기관,인천광역시 서구 봉수대로 167,032-584-0873,-,0505-075-0491,-,-,-
중앙/지방(기관리스트),중소기업은행,중소기업은행 갈산역,지점,금융위원회,기타공공기관,인천광역시 부평구 부평대로 283 우림라이온스밸리 A동 2층,032-623-6313,-,0505-075-0483,-,-,-
중앙/지방(기관리스트),중소기업은행,중소기업은행 강남WM센터,지점,금융위원회,기타공공기관,서울특별시 강남구 언주로30길 21 아카데미스위트A동 201호,02-578-6911,-,0505-075-0839,-,-,-
중앙/지방(기관리스트),중소기업은행,중소기업은행 강남구청,지점,금융위원회,기타공공기관,서울특별시 강남구 학동로 429 기계설비건설회관,02-515-4488,-,0505-075-0655,-,-,-
중앙/지방(기관리스트),중소기업은행,중소기업은행 강남구청역,지점,금융위원회,기타공공기관,서울특별시 강남구 선릉로 648 세림빌딩,02-545-8173,-,0505-075-0068,-,-,-
중앙/지방(기관리스트),중소기업은행,중소기업은행 강남기업금융센터,지점,금융위원회,기타공공기관,서울특별시 강남구 강남대로 390 미진프라자 2층,02-2046-1002,-,0505-075-0594,-,-,-
중앙/지방(기관리스트),중소기업은행,중소기업은행 강남대로,지점,금융위원회,기타공공기관,서울특별시 서초구 강남대로 305,02-3472-8600,-,0505-075-0480,-,-,-
중앙/지방(기관리스트),중소기업은행,중소기업은행 강남대로중앙,지점,금융위원회,기타공공기관,서울특별시 서초구 강남대로 341 (서초동) 기업은행 강남대로중앙지점,02-523-6092,-,0505-075-0592,-,-,-
중앙/지방(기관리스트),중소기업은행,중소기업은행 강남역,지점,금융위원회,기타공공기관,"서울특별시 서초구 서초대로77길 17 Block77 1,2층",02-3481-2713,-,0505-075-0064,-,-,-
중앙/지방(기관리스트),중소기업은행,중소기업은행 강동구청역,지점,금융위원회,기타공공기관,서울특별시 강동구 성내로6길 11 삼원타워,02-478-7248,-,0505-075-0475,-,-,-
중앙/지방(기관리스트),중소기업은행,중소기업은행 강릉,지점,금융위원회,기타공공기관,강원도 강릉시 경강로 2087,033-641-1793,-,0505-075-0127,-,-,-
중앙/지방(기관리스트),중소기업은행,중소기업은행 강서중앙,지점,금융위원회,기타공공기관,서울특별시 강서구 공항대로 411,02-3663-7575,-,0505-075-0484,-,-,-
중앙/지방(기관리스트),중소기업은행,중소기업은행 강일동,지점,금융위원회,기타공공기관,서울특별시 강동구 아리수로93길 9 (강일동) 기업은행 강일동지점,02-442-6351,-,0505-075-0918,-,-,-
중앙/지방(기관리스트),중소기업은행,중소기업은행 개금동,지점,금융위원회,기타공공기관,부산광역시 부산진구 가야대로 418,051-894-1124,-,0505-075-0100,-,-,-
중앙/지방(기관리스트),중소기업은행,중소기업은행 개봉동,지점,금융위원회,기타공공기관,서울특별시 구로구 개봉로 60,02-2684-0173,-,0505-075-0081,-,-,-
중앙/지방(기관리스트),중소기업은행,중소기업은행 개봉북,지점,금융위원회,기타공공기관,서울특별시 구로구 경인로35길 113-8,02-2688-2781,-,0505-075-0085,-,-,-
중앙/지방(기관리스트),중소기업은행,중소기업은행 거제,지점,금융위원회,기타공공기관,경상남도 거제시 거제중앙로31길 19,055-634-3403,-,0505-075-0565,-,-,-
중앙/지방(기관리스트),중소기업은행,중소기업은행 건대역,지점,금융위원회,기타공공기관,서울특별시 광진구 아차산로 237 (화양동) 기업은행 건대역지점,02-462-3205,-,0505-075-0261,-,-,-
중앙/지방(기관리스트),중소기업은행,중소기업은행 검단,지점,금융위원회,기타공공기관,인천광역시 서구 검단로 480,032-562-6723,-,0505-075-0223,-,-,-
중앙/지방(기관리스트),중소기업은행,중소기업은행 검단산업단지,지점,금융위원회,기타공공기관,인천광역시 서구 원당대로 87,032-569-5403,-,0505-075-0957,-,-,-
중앙/지방(기관리스트),중소기업은행,중소기업은행 경기테크노파크,지점,금융위원회,기타공공기관,경기도 안산시 상록구 해안로 705,031-500-4200,-,0505-075-0456,-,-,-
중앙/지방(기관리스트),중소기업은행,중소기업은행 경민대학(가변),지점,금융위원회,기타공공기관,경기도 의정부시 서부로 545 경민대학 內,031-871-7901,-,0505-075-0651,-,-,-
중앙/지방(기관리스트),중소기업은행,중소기업은행 경산,지점,금융위원회,기타공공기관,경상북도 경산시 남매공원로1길 9,053-811-3973,-,0505-075-0161,-,-,-
중앙/지방(기관리스트),중소기업은행,중소기업은행 경산공단,지점,금융위원회,기타공공기관,경상북도 경산시 진량읍 공단6로24길 17,053-851-7000,-,0505-075-0545,-,-,-
중앙/지방(기관리스트),중소기업은행,중소기업은행 경안,지점,금융위원회,기타공공기관,경기도 광주시 광주대로 30,031-765-3904,-,0505-075-0242,-,-,-
중앙/지방(기관리스트),중소기업은행,중소기업은행 경주,지점,금융위원회,기타공공기관,경상북도 경주시 화랑로 146,054-742-1553,-,0505-075-0159,-,-,-
중앙/지방(기관리스트),중소기업은행,중소기업은행 계산역,지점,금융위원회,기타공공기관,인천광역시 계양구 경명대로 1102,032-552-9432,-,0505-075-0388,-,-,-
중앙/지방(기관리스트),중소기업은행,중소기업은행 계양,지점,금융위원회,기타공공기관,인천광역시 계양구 용종로 2 (계산동) 기업은행 계양지점,032-554-5613,-,0505-075-0403,-,-,-
중앙/지방(기관리스트),중소기업은행,중소기업은행 고잔중앙,지점,금융위원회,기타공공기관,경기도 안산시 단원구 고잔2길 59 신세기빌딩,031-402-8587,-,0505-075-0326,-,-,-
중앙/지방(기관리스트),중소기업은행,중소기업은행 고척동,지점,금융위원회,기타공공기관,서울특별시 구로구 경인로 397,02-2684-8363,-,0505-075-0084,-,-,-
중앙/지방(기관리스트),중소기업은행,중소기업은행 곤지암,지점,금융위원회,기타공공기관,경기도 광주시 곤지암읍 경충대로 770,031-798-5775,-,0505-075-0485,-,-,-
중앙/지방(기관리스트),중소기업은행,중소기업은행 공덕동,지점,금융위원회,기타공공기관,서울특별시 마포구 마포대로 163 서울신용보증빌딩,02-2174-4000,-,0505-075-0674,-,-,-
중앙/지방(기관리스트),중소기업은행,중소기업은행 공도,지점,금융위원회,기타공공기관,경기도 안성시 공도읍 공도로 132,031-653-4372,-,0505-075-0682,-,-,-
중앙/지방(기관리스트),중소기업은행,중소기업은행 공릉동,지점,금융위원회,기타공공기관,서울특별시 노원구 공릉로 147,02-973-0116,-,0505-075-0204,-,-,-
중앙/지방(기관리스트),중소기업은행,중소기업은행 공릉역,지점,금융위원회,기타공공기관,서울특별시 노원구 동일로 1073,02-949-4839,-,0505-075-0317,-,-,-
중앙/지방(기관리스트),중소기업은행,중소기업은행 과천,지점,금융위원회,기타공공기관,경기도 과천시 별양상가1로 13 교보빌딩,02-504-6366,-,0505-075-0305,-,-,-
중앙/지방(기관리스트),중소기업은행,중소기업은행 광교,지점,금융위원회,기타공공기관,경기도 용인시 수지구 광교중앙로 338 광교우미뉴브지식산업센터 2층,031-261-0671,-,0505-075-0933,-,-,-
중앙/지방(기관리스트),중소기업은행,중소기업은행 광교중앙,지점,금융위원회,기타공공기관,경기도 수원시 영통구 센트럴타운로 15 아이플렉스 2층,031-220-8300,-,0505-075-0944,-,-,-
중앙/지방(기관리스트),중소기업은행,중소기업은행 광명,지점,금융위원회,기타공공기관,경기도 광명시 철산로 28,02-2689-0816,-,0505-075-0167,-,-,-
중앙/지방(기관리스트),중소기업은행,중소기업은행 광명테크노,지점,금융위원회,기타공공기관,경기도 광명시 하안로 60 광명테크노파크 E동,02-6112-3004,-,0505-075-0686,-,-,-
중앙/지방(기관리스트),중소기업은행,중소기업은행 광산,지점,금융위원회,기타공공기관,광주광역시 광산구 무진대로 240,062-940-0400,-,0505-075-0224,-,-,-
중앙/지방(기관리스트),중소기업은행,중소기업은행 광양,지점,금융위원회,기타공공기관,전라남도 광양시 오류로 52,061-791-7313,-,0505-075-0322,-,-,-
중앙/지방(기관리스트),중소기업은행,중소기업은행 광적,지점,금융위원회,기타공공기관,경기도 양주시 광적면 삼일로 11,031-837-6603,-,0505-075-0460,-,-,-
중앙/지방(기관리스트),중소기업은행,중소기업은행 광주,지점,금융위원회,기타공공기관,광주광역시 동구 금남로 156,062-223-0013,-,0505-075-0189,-,-,-
중앙/지방(기관리스트),중소기업은행,중소기업은행 광주WM센터,지점,금융위원회,기타공공기관,광주광역시 서구 상무중앙로 58 4층,062-380-5100,-,0505-075-1006,-,-,-
중앙/지방(기관리스트),중소기업은행,중소기업은행 광주수완,지점,금융위원회,기타공공기관,광주광역시 광산구 장신로 140,062-962-6503,-,0505-075-0681,-,-,-
중앙/지방(기관리스트),중소기업은행,중소기업은행 광주첨단,지점,금융위원회,기타공공기관,광주광역시 북구 첨단과기로 313 한국산업관리공단,062-973-4736,-,0505-075-0659,-,-,-
중앙/지방(기관리스트),중소기업은행,중소기업은행 교대역,지점,금융위원회,기타공공기관,서울특별시 서초구 서초대로 275 중앙빌딩,02-594-4815,-,0505-075-0233,-,-,-
중앙/지방(기관리스트),중소기업은행,중소기업은행 구로동,지점,금융위원회,기타공공기관,서울특별시 구로구 디지털로32길 55,02-858-7103,-,0505-075-0078,-,-,-
중앙/지방(기관리스트),중소기업은행,중소기업은행 구로동기업금융,지점,금융위원회,기타공공기관,서울특별시 구로구 디지털로32길 55 2층,02-2081-4091,-,0505-075-1008,-,-,-
중앙/지방(기관리스트),중소기업은행,중소기업은행 구로디지털,지점,금융위원회,기타공공기관,서울특별시 구로구 디지털로31길 19,02-867-0343,-,0505-075-0420,-,-,-
중앙/지방(기관리스트),중소기업은행,중소기업은행 구로디지털중앙,지점,금융위원회,기타공공기관,서울특별시 구로구 디지털로 242 한화비즈메트로,02-2621-2444,-,0505-075-0308,-,-,-
중앙/지방(기관리스트),중소기업은행,중소기업은행 구로사랑,지점,금융위원회,기타공공기관,서울특별시 구로구 구로중앙로 60,02-838-9901,-,0505-075-0203,-,-,-
중앙/지방(기관리스트),중소기업은행,중소기업은행 구로삼성IT,지점,금융위원회,기타공공기관,서울특별시 구로구 디지털로33길 27,02-2028-2171,-,0505-075-0586,-,-,-
중앙/지방(기관리스트),중소기업은행,중소기업은행 구로유통단지,지점,금융위원회,기타공공기관,서울특별시 구로구 경인로53길 8,02-2672-7913,-,0505-075-0632,-,-,-
중앙/지방(기관리스트),중소기업은행,중소기업은행 구로중앙,지점,금융위원회,기타공공기관,서울특별시 구로구 구로중앙로 215,02-2631-5323,-,0505-075-0147,-,-,-
중앙/지방(기관리스트),중소기업은행,중소기업은행 구리,지점,금융위원회,기타공공기관,경기도 구리시 안골로 105,031-562-5982,-,0505-075-0122,-,-,-
중앙/지방(기관리스트),중소기업은행,중소기업은행 구미,지점,금융위원회,기타공공기관,경상북도 구미시 수출대로 124,054-463-4074,-,0505-075-0157,-,-,-
중앙/지방(기관리스트),중소기업은행,중소기업은행 구미1공단,지점,금융위원회,기타공공기관,경상북도 구미시 산호대로 253 (공단동) 기업은행 구미1공단지점,054-460-9391,-,0505-075-1022,-,-,-
중앙/지방(기관리스트),중소기업은행,중소기업은행 구미3공단,지점,금융위원회,기타공공기관,경상북도 구미시 3공단2로 331,054-473-8902,-,0505-075-0400,-,-,-
중앙/지방(기관리스트),중소기업은행,중소기업은행 구미4공단,지점,금융위원회,기타공공기관,경상북도 구미시 산동면 산호대로41길 5,054-473-4673,-,0505-075-0544,-,-,-
중앙/지방(기관리스트),중소기업은행,중소기업은행 구미형곡,지점,금융위원회,기타공공기관,경상북도 구미시 신시로 69 미르빌딩 2층,054-455-0352,-,0505-075-0278,-,-,-
중앙/지방(기관리스트),중소기업은행,중소기업은행 구월동,지점,금융위원회,기타공공기관,인천광역시 남동구 선수촌공원로17번길 28 2층,032-437-5213,-,0505-075-0434,-,-,-
중앙/지방(기관리스트),중소기업은행,중소기업은행 구의동,지점,금융위원회,기타공공기관,서울특별시 광진구 광나루로 520,02-3436-2106,-,0505-075-0348,-,-,-
중앙/지방(기관리스트),중소기업은행,중소기업은행 국민건강보험공단(출),지점,금융위원회,기타공공기관,강원도 원주시 건강로 32 국민건강보험공단 內,033-760-6920,-,0505-075-0623,-,-,-
중앙/지방(기관리스트),중소기업은행,중소기업은행 군산,지점,금융위원회,기타공공기관,전라북도 군산시 중앙로 191,063-443-0413,-,0505-075-0183,-,-,-
중앙/지방(기관리스트),중소기업은행,중소기업은행 군포,지점,금융위원회,기타공공기관,경기도 군포시 군포로 512,031-455-8362,-,0505-075-0405,-,-,-
중앙/지방(기관리스트),중소기업은행,중소기업은행 군포공단,지점,금융위원회,기타공공기관,경기도 군포시 고산로 166 SK벤티움,031-459-8703,-,0505-075-0471,-,-,-
중앙/지방(기관리스트),중소기업은행,중소기업은행 권선구청(출),지점,금융위원회,기타공공기관,경기도 수원시 권선구 호매실로 12 권선구청內,031-228-6578,-,0505-075-0331,-,-,-
중앙/지방(기관리스트),중소기업은행,중소기업은행 극지연구소(가변),지점,금융위원회,기타공공기관,인천광역시 연수구 송도미래로 26 극지연구소內,032-830-2900,-,0505-075-0958,-,-,-
중앙/지방(기관리스트),중소기업은행,중소기업은행 금사공단,지점,금융위원회,기타공공기관,부산광역시 금정구 개좌로 5,051-526-4773,-,0505-075-0101,-,-,-
중앙/지방(기관리스트),중소기업은행,중소기업은행 금호동,지점,금융위원회,기타공공기관,광주광역시 서구 금화로 96,062-682-6214,-,0505-075-0426,-,-,-
중앙/지방(기관리스트),중소기업은행,중소기업은행 길동,지점,금융위원회,기타공공기관,서울특별시 강동구 천호대로 1139 강동그린타워,02-484-2353,-,0505-075-0088,-,-,-
중앙/지방(기관리스트),중소기업은행,중소기업은행 김천,지점,금융위원회,기타공공기관,경상북도 김천시 김천로 74,054-439-3203,-,0505-075-0179,-,-,-
중앙/지방(기관리스트),중소기업은행,중소기업은행 김포,지점,금융위원회,기타공공기관,경기도 김포시 중구로 11 2층,031-984-8853,-,0505-075-0237,-,-,-
중앙/지방(기관리스트),중소기업은행,중소기업은행 김포대곶,지점,금융위원회,기타공공기관,경기도 김포시 대곶면 율마로 13,031-996-0062,-,0505-075-0461,-,-,-
중앙/지방(기관리스트),중소기업은행,중소기업은행 김포산단,지점,금융위원회,기타공공기관,경기도 김포시 양촌읍 황금로 117,031-996-9805,-,0505-075-0654,-,-,-
중앙/지방(기관리스트),중소기업은행,중소기업은행 김포산단중앙,지점,금융위원회,기타공공기관,경기도 김포시 양촌읍 황금로 274번길 4,031-999-0731,-,0505-075-1026,-,-,-
중앙/지방(기관리스트),중소기업은행,중소기업은행 김포장기,지점,금융위원회,기타공공기관,경기도 김포시 김포한강4로 113 신한프라자,031-985-8151,-,0505-075-0657,-,-,-
중앙/지방(기관리스트),중소기업은행,중소기업은행 김포통진,지점,금융위원회,기타공공기관,경기도 김포시 통진읍 마송1로84번길 90,031-988-6916,-,0505-075-0339,-,-,-
중앙/지방(기관리스트),중소기업은행,중소기업은행 김해,지점,금융위원회,기타공공기관,경상남도 김해시 김해대로 2367,055-334-3303,-,0505-075-0194,-,-,-
중앙/지방(기관리스트),중소기업은행,중소기업은행 김해기업금융,지점,금융위원회,기타공공기관,경상남도 김해시 김해대로 2367 2층,055-310-5411,-,0505-075-1020,-,-,-
중앙/지방(기관리스트),중소기업은행,중소기업은행 김해산단,지점,금융위원회,기타공공기관,경상남도 김해시 금관대로 1065,055-310-9511,-,0505-075-1032,-,-,-
중앙/지방(기관리스트),중소기업은행,중소기업은행 김해삼계,지점,금융위원회,기타공공기관,경상남도 김해시 해반천로130번길 39,055-313-7913,-,0505-075-0608,-,-,-
중앙/지방(기관리스트),중소기업은행,중소기업은행 김해상동,지점,금융위원회,기타공공기관,경상남도 김해시 상동면 상동로 879,055-312-8173,-,0505-075-0627,-,-,-
중앙/지방(기관리스트),중소기업은행,중소기업은행 김해장유,지점,금융위원회,기타공공기관,경상남도 김해시 삼문로 15,055-314-5203,-,0505-075-0520,-,-,-
중앙/지방(기관리스트),중소기업은행,중소기업은행 김해중앙,지점,금융위원회,기타공공기관,경상남도 김해시 내외중앙로 55,055-328-9813,-,0505-075-0415,-,-,-
중앙/지방(기관리스트),중소기업은행,중소기업은행 김해진영,지점,금융위원회,기타공공기관,경상남도 김해시 진영읍 김해대로361번길 16,055-346-4030,-,0505-075-0567,-,-,-
중앙/지방(기관리스트),중소기업은행,중소기업은행 나사렛대학교(출),지점,금융위원회,기타공공기관,충청남도 천안시 서북구 월봉로 48 나사렛대학교 內,041-572-8424,-,0505-075-0569,-,-,-
중앙/지방(기관리스트),중소기업은행,중소기업은행 나운동,지점,금융위원회,기타공공기관,전라북도 군산시 하나운로 38 (나운동) 기업은행 나운동지점,063-467-2262,-,0505-075-0329,-,-,-
중앙/지방(기관리스트),중소기업은행,중소기업은행 나주혁신도시,지점,금융위원회,기타공공기관,전라남도 나주시 빛가람로 727 칠성빌딩,061-339-0801,-,0505-075-1065,-,-,-
중앙/지방(기관리스트),중소기업은행,중소기업은행 낙성대,지점,금융위원회,기타공공기관,서울특별시 관악구 남부순환로 1962 (봉천동) 기업은행 낙성대지점,02-888-3224,-,0505-075-0075,-,-,-
중앙/지방(기관리스트),중소기업은행,중소기업은행 남가좌동,지점,금융위원회,기타공공기관,서울특별시 서대문구 가좌로 143 (홍은동) 기업은행 남가좌동지점,02-304-9553,-,0505-075-0202,-,-,-
중앙/지방(기관리스트),중소기업은행,중소기업은행 남구로,지점,금융위원회,기타공공기관,서울특별시 구로구 구로동로 126-2,02-858-1813,-,0505-075-0226,-,-,-
중앙/지방(기관리스트),중소기업은행,중소기업은행 남대문,지점,금융위원회,기타공공기관,서울특별시 중구 세종대로 17 YTN타워 1층,02-777-7063,-,0505-075-0037,-,-,-
중앙/지방(기관리스트),중소기업은행,중소기업은행 남대문시장,지점,금융위원회,기타공공기관,서울특별시 중구 남대문로 12,02-755-8233,-,0505-075-0036,-,-,-
중앙/지방(기관리스트),중소기업은행,중소기업은행 남동2단지,지점,금융위원회,기타공공기관,인천광역시 남동구 앵고개로 526,032-822-7183,-,0505-075-0414,-,-,-
중앙/지방(기관리스트),중소기업은행,중소기업은행 남동2단지기업금융,지점,금융위원회,기타공공기관,인천광역시 남동구 앵고개로 526 2층,032-810-9491,-,0505-075-1019,-,-,-
중앙/지방(기관리스트),중소기업은행,중소기업은행 남동공단,지점,금융위원회,기타공공기관,인천광역시 남동구 남동대로239번길 72-19 (논현동) 기업은행 남동공단지점,032-815-6023,-,0505-075-0270,-,-,-
중앙/지방(기관리스트),중소기업은행,중소기업은행 남동공단WM센터,지점,금융위원회,기타공공기관,"인천광역시 남동구 은청로 30 (고잔동) 3층, 남동공단WM센터",032-830-5440,-,0505-075-1034,-,-,-
중앙/지방(기관리스트),중소기업은행,중소기업은행 남동공단미래,지점,금융위원회,기타공공기관,"인천광역시 남동구 호구포로 189 (고잔동) 2층, 기업은행 남동공단미래지점",032-810-9461,-,0505-075-1009,-,-,-
중앙/지방(기관리스트),중소기업은행,중소기업은행 남동공단비전,지점,금융위원회,기타공공기관,인천광역시 남동구 남동대로 353 (남촌동) 기업은행 남동공단비전지점,032-810-9481,-,0505-075-1011,-,-,-
중앙/지방(기관리스트),중소기업은행,중소기업은행 남동사랑,지점,금융위원회,기타공공기관,인천광역시 남동구 앵고개로 448,032-850-8801,-,0505-075-0997,-,-,-
중앙/지방(기관리스트),중소기업은행,중소기업은행 남동인더스파크,지점,금융위원회,기타공공기관,인천광역시 남동구 은청로 30,032-822-2503,-,0505-075-0644,-,-,-
중앙/지방(기관리스트),중소기업은행,중소기업은행 남동중견기업센터,지점,금융위원회,기타공공기관,인천광역시 남동구 은청로 30,032-810-9430,-,0505-075-0953,-,-,-
중앙/지방(기관리스트),중소기업은행,중소기업은행 남동중앙,지점,금융위원회,기타공공기관,인천광역시 남동구 논현고잔로109번길 70-7,032-441-3403,-,0505-075-0558,-,-,-
중앙/지방(기관리스트),중소기업은행,중소기업은행 남산동,지점,금융위원회,기타공공기관,부산광역시 금정구 중앙대로 2025 (남산동) 기업은행 남산동지점,051-582-8035,-,0505-075-0252,-,-,-
중앙/지방(기관리스트),중소기업은행,중소기업은행 남수원,지점,금융위원회,기타공공기관,경기도 수원시 권선구 세권로 157,031-239-0434,-,0505-075-0353,-,-,-
중앙/지방(기관리스트),중소기업은행,중소기업은행 남시화,지점,금융위원회,기타공공기관,경기도 안산시 단원구 번영1로 65,031-499-9825,-,0505-075-0922,-,-,-
중앙/지방(기관리스트),중소기업은행,중소기업은행 남양주,지점,금융위원회,기타공공기관,경기도 남양주시 가운로 2,031-553-2082,-,0505-075-0626,-,-,-
중앙/지방(기관리스트),중소기업은행,중소기업은행 남원,지점,금융위원회,기타공공기관,전라북도 남원시 남문로 462,063-626-0143,-,0505-075-0376,-,-,-
중앙/지방(기관리스트),중소기업은행,중소기업은행 남원주,지점,금융위원회,기타공공기관,강원도 원주시 봉화로 16,033-743-5500,-,0505-075-0564,-,-,-
중앙/지방(기관리스트),중소기업은행,중소기업은행 노량진,지점,금융위원회,기타공공기관,서울특별시 동작구 장승배기로 128,02-812-6933,-,0505-075-0071,-,-,-
중앙/지방(기관리스트),중소기업은행,중소기업은행 노원역,지점,금융위원회,기타공공기관,서울특별시 노원구 노해로 489,02-939-3813,-,0505-075-0133,-,-,-
중앙/지방(기관리스트),중소기업은행,중소기업은행 녹산공단,지점,금융위원회,기타공공기관,부산광역시 강서구 녹산산단289로 25,051-831-2257,-,0505-075-0416,-,-,-
중앙/지방(기관리스트),중소기업은행,중소기업은행 녹산공단기업금융,지점,금융위원회,기타공공기관,부산광역시 강서구 녹산산단289로 25 2층,051-610-6951,-,0505-075-1024,-,-,-
중앙/지방(기관리스트),중소기업은행,중소기업은행 녹산중앙,지점,금융위원회,기타공공기관,부산광역시 강서구 녹산산단335로 12-3,051-832-0172,-,0505-075-0453,-,-,-
중앙/지방(기관리스트),중소기업은행,중소기업은행 녹산중앙기업금융,지점,금융위원회,기타공공기관,부산광역시 강서구 녹산산단335로 12-3 2층,051-610-6941,-,0505-075-1018,-,-,-
중앙/지방(기관리스트),중소기업은행,중소기업은행 논산,지점,금융위원회,기타공공기관,충청남도 논산시 중앙로 403,041-734-0952,-,0505-075-0238,-,-,-
중앙/지방(기관리스트),중소기업은행,중소기업은행 논현역,지점,금융위원회,기타공공기관,서울특별시 강남구 학동로 110,02-548-4156,-,0505-075-0061,-,-,-
중앙/지방(기관리스트),중소기업은행,중소기업은행 다사,지점,금융위원회,기타공공기관,대구광역시 달성군 다사읍 달구벌대로 881 2층,053-593-6780,-,0505-075-0637,-,-,-
중앙/지방(기관리스트),중소기업은행,중소기업은행 달성공단,지점,금융위원회,기타공공기관,대구광역시 달성군 논공읍 논공중앙로33길 7-9,053-617-5101,-,0505-075-0579,-,-,-
중앙/지방(기관리스트),중소기업은행,중소기업은행 답십리,지점,금융위원회,기타공공기관,서울특별시 동대문구 천호대로 233,02-2212-9717,-,0505-075-0015,-,-,-
중앙/지방(기관리스트),중소기업은행,중소기업은행 당산동,지점,금융위원회,기타공공기관,서울특별시 영등포구 영신로 220 KNK디지털타워 1층,02-2632-4831,-,0505-075-0089,-,-,-
중앙/지방(기관리스트),중소기업은행,중소기업은행 당진,지점,금융위원회,기타공공기관,충청남도 당진시 당진중앙2로 103-8 진원스타타워,041-355-8933,-,0505-075-0291,-,-,-
중앙/지방(기관리스트),중소기업은행,중소기업은행 대곡,지점,금융위원회,기타공공기관,대구광역시 달서구 도원로 15,053-638-4903,-,0505-075-0225,-,-,-
중앙/지방(기관리스트),중소기업은행,중소기업은행 대구,지점,금융위원회,기타공공기관,대구광역시 중구 국채보상로 488 섬유회관,053-253-0853,-,0505-075-0152,-,-,-
중앙/지방(기관리스트),중소기업은행,중소기업은행 대구3공단,지점,금융위원회,기타공공기관,대구광역시 북구 노원로 175,053-355-6920,-,0505-075-0437,-,-,-
중앙/지방(기관리스트),중소기업은행,중소기업은행 대구WM센터,지점,금융위원회,기타공공기관,대구광역시 수성구 달구벌대로 2426 2층,053-760-0971,-,0505-075-1003,-,-,-
중앙/지방(기관리스트),중소기업은행,중소기업은행 대구국가산업단지,지점,금융위원회,기타공공기관,대구광역시 달성군 구지면 달성2차로 125,053-611-0712,-,0505-075-0638,-,-,-
중앙/지방(기관리스트),중소기업은행,중소기업은행 대구유통단지,지점,금융위원회,기타공공기관,대구광역시 북구 유통단지로 16,053-604-0713,-,0505-075-0412,-,-,-
중앙/지방(기관리스트),중소기업은행,중소기업은행 대구중앙,지점,금융위원회,기타공공기관,대구광역시 중구 경상감영길 221,053-422-2361,-,0505-075-0153,-,-,-
중앙/지방(기관리스트),중소기업은행,중소기업은행 대구한국부동산원,지점,금융위원회,기타공공기관,대구광역시 동구 이노밸리로 291(신서동) 기업은행 대구한국부동산원지점,053-980-0100,-,0505-075-0959,-,-,-
중앙/지방(기관리스트),중소기업은행,중소기업은행 대덕공단,지점,금융위원회,기타공공기관,대전광역시 대덕구 대덕대로 1397,042-931-8492,-,0505-075-0364,-,-,-
중앙/지방(기관리스트),중소기업은행,중소기업은행 대덕대로,지점,금융위원회,기타공공기관,대전광역시 서구 대덕대로 400,042-471-2542,-,0505-075-0447,-,-,-
중앙/지방(기관리스트),중소기업은행,중소기업은행 대덕테크노밸리,지점,금융위원회,기타공공기관,대전광역시 유성구 테크노4로 107,042-671-6662,-,0505-075-0516,-,-,-
중앙/지방(기관리스트),중소기업은행,중소기업은행 대림동,지점,금융위원회,기타공공기관,서울특별시 영등포구 대림로 195,02-849-0703,-,0505-075-0149,-,-,-
중앙/지방(기관리스트),중소기업은행,중소기업은행 대불공단,지점,금융위원회,기타공공기관,전라남도 영암군 삼호읍 나불로 206,061-463-1137,-,0505-075-0610,-,-,-
중앙/지방(기관리스트),중소기업은행,중소기업은행 대연동,지점,금융위원회,기타공공기관,부산광역시 남구 수영로 312 센츄리시티 오피스텔,051-627-9287,-,0505-075-0256,-,-,-
중앙/지방(기관리스트),중소기업은행,중소기업은행 대저동,지점,금융위원회,기타공공기관,부산광역시 강서구 유통단지1로 76,051-941-5921,-,0505-075-0938,-,-,-
중앙/지방(기관리스트),중소기업은행,중소기업은행 대전,지점,금융위원회,기타공공기관,대전광역시 서구 둔산남로 112,042-488-8163,-,0505-075-0142,-,-,-
중앙/지방(기관리스트),중소기업은행,중소기업은행 대전오정로,지점,금융위원회,기타공공기관,대전광역시 대덕구 오정로 92,042-638-6170,-,0505-075-0423,-,-,-
중앙/지방(기관리스트),중소기업은행,중소기업은행 대전중앙로,지점,금융위원회,기타공공기관,대전광역시 중구 중앙로 116,042-242-0093,-,0505-075-0413,-,-,-
중앙/지방(기관리스트),중소기업은행,중소기업은행 대천,지점,금융위원회,기타공공기관,충청남도 보령시 보령남로 17,041-936-3140,-,0505-075-0928,-,-,-
중앙/지방(기관리스트),중소기업은행,중소기업은행 대치역,지점,금융위원회,기타공공기관,서울특별시 강남구 남부순환로 2936 윈플러스상가,02-563-6453,-,0505-075-0211,-,-,-
중앙/지방(기관리스트),중소기업은행,중소기업은행 대학로,지점,금융위원회,기타공공기관,서울특별시 종로구 동숭길 101,02-744-0375,-,0505-075-0277,-,-,-
중앙/지방(기관리스트),중소기업은행,중소기업은행 덕천동,지점,금융위원회,기타공공기관,부산광역시 북구 금곡대로 15,051-361-9323,-,0505-075-0510,-,-,-
중앙/지방(기관리스트),중소기업은행,중소기업은행 도곡팰리스,지점,금융위원회,기타공공기관,서울특별시 강남구 언주로 122 우성캐릭터빌,02-2057-9831,-,0505-075-0448,-,-,-
중앙/지방(기관리스트),중소기업은행,중소기업은행 도당동,지점,금융위원회,기타공공기관,경기도 부천시 신흥로 347,032-675-8273,-,0505-075-0164,-,-,-
중앙/지방(기관리스트),중소기업은행,중소기업은행 도당동기업금융,지점,금융위원회,기타공공기관,"경기도 부천시 신흥로 347 (도당동) 2층, 기업은행 도당동기업금융지점",032-680-8921,-,0505-075-1025,-,-,-
중앙/지방(기관리스트),중소기업은행,중소기업은행 도당중앙,지점,금융위원회,기타공공기관,경기도 부천시 부천로 323 Y제니스파크,032-678-2512,-,0505-075-0473,-,-,-
중앙/지방(기관리스트),중소기업은행,중소기업은행 도이치자동차복합단지(출),지점,금융위원회,기타공공기관,경기도 수원시 권선구 권선로 308-5,031-210-2951,-,0505-075-1060,-,-,-
중앙/지방(기관리스트),중소기업은행,중소기업은행 독립문,지점,금융위원회,기타공공기관,서울특별시 종로구 통일로 246-10 (무악동) 기업은행 독립문지점,02-739-4927,-,0505-075-0087,-,-,-
중앙/지방(기관리스트),중소기업은행,중소기업은행 독산동,지점,금융위원회,기타공공기관,서울특별시 금천구 시흥대로 376,02-867-9986,-,0505-075-0080,-,-,-
중앙/지방(기관리스트),중소기업은행,중소기업은행 독산역,지점,금융위원회,기타공공기관,서울특별시 금천구 가산디지털1로 2 우림라이온스밸리2차,02-2027-2853,-,0505-075-0568,-,-,-
중앙/지방(기관리스트),중소기업은행,중소기업은행 독산중앙,지점,금융위원회,기타공공기관,서울특별시 금천구 가산로 78,02-853-5013,-,0505-075-0219,-,-,-
중앙/지방(기관리스트),중소기업은행,중소기업은행 돈암동,지점,금융위원회,기타공공기관,서울특별시 성북구 아리랑로 3,02-924-3103,-,0505-075-0012,-,-,-
중앙/지방(기관리스트),중소기업은행,중소기업은행 동광주,지점,금융위원회,기타공공기관,광주광역시 북구 동문대로 169,062-230-9900,-,0505-075-0190,-,-,-
중앙/지방(기관리스트),중소기업은행,중소기업은행 동대문,지점,금융위원회,기타공공기관,서울특별시 종로구 종로 189,02-745-8753,-,0505-075-0002,-,-,-
중앙/지방(기관리스트),중소기업은행,중소기업은행 동두천,지점,금융위원회,기타공공기관,경기도 동두천시 동두천로 115 중앙프라자 2층,031-859-6154,-,0505-075-0589,-,-,-
중앙/지방(기관리스트),중소기업은행,중소기업은행 동래,지점,금융위원회,기타공공기관,부산광역시 금정구 부곡로 1,051-517-5782,-,0505-075-0094,-,-,-
중앙/지방(기관리스트),중소기업은행,중소기업은행 동마산,지점,금융위원회,기타공공기관,경상남도 창원시 마산회원구 봉양로 133,055-292-5913,-,0505-075-0171,-,-,-
중앙/지방(기관리스트),중소기업은행,중소기업은행 동부이촌동WM센터,지점,금융위원회,기타공공기관,서울특별시 용산구 이촌로 182,02-792-6722,-,0505-075-0615,-,-,-
중앙/지방(기관리스트),중소기업은행,중소기업은행 동수원,지점,금융위원회,기타공공기관,경기도 수원시 팔달구 권광로 213,031-239-6571,-,0505-075-0287,-,-,-
중앙/지방(기관리스트),중소기업은행,중소기업은행 동수원기업금융,지점,금융위원회,기타공공기관,경기도 수원시 팔달구 권광로 213 2층,031-210-1851,-,0505-075-1014,-,-,-
중앙/지방(기관리스트),중소기업은행,중소기업은행 동시화,지점,금융위원회,기타공공기관,경기도 안산시 단원구 지원로 107 시화공단5라 301호,031-432-4013,-,0505-075-0375,-,-,-
중앙/지방(기관리스트),중소기업은행,중소기업은행 동아대학교의료원(출),지점,금융위원회,기타공공기관,부산광역시 서구 대신공원로 26 동아대학교병원,051-241-3942,-,0505-075-0698,-,-,-
중앙/지방(기관리스트),중소기업은행,중소기업은행 동여의도,지점,금융위원회,기타공공기관,서울특별시 영등포구 국제금융로 52,02-3775-5101,-,0505-075-0964,-,-,-
중앙/지방(기관리스트),중소기업은행,중소기업은행 동울산,지점,금융위원회,기타공공기관,울산광역시 동구 방어진순환도로 775,052-201-3173,-,0505-075-0697,-,-,-
중앙/지방(기관리스트),중소기업은행,중소기업은행 동탄남,지점,금융위원회,기타공공기관,"경기도 화성시 동탄솔빛로 64 (반송동) 2층, 기업은행 동탄남지점",031-8003-3102,-,0505-075-0606,-,-,-
중앙/지방(기관리스트),중소기업은행,중소기업은행 동탄서,지점,금융위원회,기타공공기관,경기도 화성시 동탄지성로 126 (반송동) 기업은행 동탄서지점,031-8003-8103,-,0505-075-0607,-,-,-
중앙/지방(기관리스트),중소기업은행,중소기업은행 동탄역,지점,금융위원회,기타공공기관,경기도 화성시 동탄대로 489 우성KTX타워 2층,031-350-7871,-,0505-075-0796,-,-,-
중앙/지방(기관리스트),중소기업은행,중소기업은행 동탄중앙,지점,금융위원회,기타공공기관,경기도 화성시 동탄반석로 156 동탄하이페리온 2층,031-613-9833,-,0505-075-0547,-,-,-
중앙/지방(기관리스트),중소기업은행,중소기업은행 동해,지점,금융위원회,기타공공기관,강원도 동해시 중앙로 229,033-532-4613,-,0505-075-0374,-,-,-
중앙/지방(기관리스트),중소기업은행,중소기업은행 둔촌동,지점,금융위원회,기타공공기관,서울특별시 강동구 양재대로 1317 (성내동) 기업은행 둔촌동지점,02-482-7502,-,0505-075-0585,-,-,-
중앙/지방(기관리스트),중소기업은행,중소기업은행 등촌역,지점,금융위원회,기타공공기관,서울특별시 양천구 공항대로 556,02-2644-7013,-,0505-075-0051,-,-,-
중앙/지방(기관리스트),중소기업은행,중소기업은행 뚝섬역,지점,금융위원회,기타공공기관,서울특별시 성동구 성수일로 55 SK테크노빌딩,02-2205-2053,-,0505-075-0513,-,-,-
중앙/지방(기관리스트),중소기업은행,중소기업은행 마곡발산역,지점,금융위원회,기타공공기관,서울특별시 강서구 공항대로 261 발산파크프라자 2층,02-2630-0801,-,0505-075-0988,-,-,-
중앙/지방(기관리스트),중소기업은행,중소기업은행 마곡신방화역,지점,금융위원회,기타공공기관,서울특별시 강서구 방화대로 294 마곡w타워,02-2661-3983,-,0505-075-0052,-,-,-
중앙/지방(기관리스트),중소기업은행,중소기업은행 마들역,지점,금융위원회,기타공공기관,서울특별시 노원구 동일로 1527,02-950-0320,-,0505-075-0236,-,-,-
중앙/지방(기관리스트),중소기업은행,중소기업은행 마산,지점,금융위원회,기타공공기관,경상남도 창원시 마산합포구 해안대로 323,055-246-3173,-,0505-075-0173,-,-,-
중앙/지방(기관리스트),중소기업은행,중소기업은행 마산내서,지점,금융위원회,기타공공기관,경상남도 창원시 마산회원구 내서읍 광려천동로 12-10,055-231-7093,-,0505-075-0581,-,-,-
중앙/지방(기관리스트),중소기업은행,중소기업은행 마석,지점,금융위원회,기타공공기관,경기도 남양주시 화도읍 창현로 63,031-591-4673,-,0505-075-0921,-,-,-
중앙/지방(기관리스트),중소기업은행,중소기업은행 마장동,지점,금융위원회,기타공공기관,서울특별시 성동구 마장로 309,02-2298-6716,-,0505-075-0281,-,-,-
중앙/지방(기관리스트),중소기업은행,중소기업은행 마포,지점,금융위원회,기타공공기관,서울특별시 마포구 마포대로 114,02-712-0083,-,0505-075-0047,-,-,-
중앙/지방(기관리스트),중소기업은행,중소기업은행 마포역,지점,금융위원회,기타공공기관,서울특별시 마포구 마포대로 20 (마포동) 기업은행 마포역지점,02-719-7503,-,0505-075-0220,-,-,-
중앙/지방(기관리스트),중소기업은행,중소기업은행 마포중앙,지점,금융위원회,기타공공기관,서울특별시 마포구 마포대로 53 마포트라팰리스,02-717-7903,-,0505-075-0600,-,-,-
중앙/지방(기관리스트),중소기업은행,중소기업은행 만수동,지점,금융위원회,기타공공기관,인천광역시 남동구 백범로 173,032-464-0283,-,0505-075-0108,-,-,-
중앙/지방(기관리스트),중소기업은행,중소기업은행 면목동,지점,금융위원회,기타공공기관,서울특별시 중랑구 겸재로 154,02-434-7046,-,0505-075-0014,-,-,-
중앙/지방(기관리스트),중소기업은행,중소기업은행 명동역,지점,금융위원회,기타공공기관,서울특별시 중구 퇴계로 109,02-775-4703,-,0505-075-0148,-,-,-
중앙/지방(기관리스트),중소기업은행,중소기업은행 명지국제신도시,지점,금융위원회,기타공공기관,부산광역시 강서구 명지국제8로 230,051-271-7602,-,0505-075-0656,-,-,-
중앙/지방(기관리스트),중소기업은행,중소기업은행 명학,지점,금융위원회,기타공공기관,경기도 안양시 만안구 안양로 111,031-448-1137,-,0505-075-0536,-,-,-
중앙/지방(기관리스트),중소기업은행,중소기업은행 목동WM센터,지점,금융위원회,기타공공기관,서울특별시 양천구 목동동로 401 부영그린타워,02-2061-4593,-,0505-075-0554,-,-,-
중앙/지방(기관리스트),중소기업은행,중소기업은행 목동사거리,지점,금융위원회,기타공공기관,서울특별시 강서구 등촌로 29,02-2653-3023,-,0505-075-0050,-,-,-
중앙/지방(기관리스트),중소기업은행,중소기업은행 목동쉐르빌,지점,금융위원회,기타공공기관,서울특별시 양천구 목동동로 189,02-2655-2072,-,0505-075-0321,-,-,-
중앙/지방(기관리스트),중소기업은행,중소기업은행 목포,지점,금융위원회,기타공공기관,전라남도 목포시 비파로 96 2층,061-284-7830,-,0505-075-0191,-,-,-
중앙/지방(기관리스트),중소기업은행,중소기업은행 무교,지점,금융위원회,기타공공기관,서울특별시 중구 무교로 20 어린이재단빌딩 1층,02-777-1183,-,0505-075-0035,-,-,-
중앙/지방(기관리스트),중소기업은행,중소기업은행 무역센터,지점,금융위원회,기타공공기관,서울특별시 강남구 테헤란로 501 브이플렉스,02-538-8377,-,0505-075-0337,-,-,-
중앙/지방(기관리스트),중소기업은행,중소기업은행 문래동,지점,금융위원회,기타공공기관,서울특별시 영등포구 도림로128길 2,02-2675-8761,-,0505-075-0083,-,-,-
중앙/지방(기관리스트),중소기업은행,중소기업은행 문래중앙,지점,금융위원회,기타공공기관,서울특별시 영등포구 선유로 49 미주프라자 아파트,02-2671-0352,-,0505-075-0141,-,-,-
중앙/지방(기관리스트),중소기업은행,중소기업은행 문래하이테크,지점,금융위원회,기타공공기관,서울특별시 영등포구 경인로 775 에이스하이테크시티,02-3667-3473,-,0505-075-0550,-,-,-
중앙/지방(기관리스트),중소기업은행,중소기업은행 문산,지점,금융위원회,기타공공기관,경기도 파주시 문산읍 사임당로 18,031-954-5802,-,0505-075-0508,-,-,-
중앙/지방(기관리스트),중소기업은행,중소기업은행 문정법조타운,지점,금융위원회,기타공공기관,서울특별시 송파구 법원로11길 7 현대지식산업센터 2층,02-3400-6100,-,0505-075-0986,-,-,-
중앙/지방(기관리스트),중소기업은행,중소기업은행 미음산단,지점,금융위원회,기타공공기관,부산광역시 강서구 미음산단로295번길 10,051-979-6401,-,0505-075-0998,-,-,-
중앙/지방(기관리스트),중소기업은행,중소기업은행 반월,지점,금융위원회,기타공공기관,경기도 안산시 단원구 동산로 63,031-599-7900,-,0505-075-0120,-,-,-
중앙/지방(기관리스트),중소기업은행,중소기업은행 반월MTV,지점,금융위원회,기타공공기관,경기도 안산시 단원구 엠티브이5로 27,031-8086-8401,-,0505-075-0991,-,-,-
중앙/지방(기관리스트),중소기업은행,중소기업은행 반월공단,지점,금융위원회,기타공공기관,경기도 안산시 단원구 산단로 296,031-491-6103,-,0505-075-0653,-,-,-
중앙/지방(기관리스트),중소기업은행,중소기업은행 반월기업스마트,지점,금융위원회,기타공공기관,경기도 안산시 단원구 산단로 325 안산리드스마트스퀘어 2층,031-599-2431,-,0505-075-1063,-,-,-
중앙/지방(기관리스트),중소기업은행,중소기업은행 반월당,지점,금융위원회,기타공공기관,대구광역시 중구 달구벌대로 2058 (남산동) 기업은행 반월당지점,053-254-6306,-,0505-075-0154,-,-,-
중앙/지방(기관리스트),중소기업은행,중소기업은행 반월대로,지점,금융위원회,기타공공기관,경기도 안산시 단원구 별망로 424,031-491-9945,-,0505-075-0230,-,-,-
중앙/지방(기관리스트),중소기업은행,중소기업은행 반월성곡,지점,금융위원회,기타공공기관,경기도 안산시 단원구 성곡로 176 타원타크라,031-599-2400,-,0505-075-0961,-,-,-
중앙/지방(기관리스트),중소기업은행,중소기업은행 반월원시역,지점,금융위원회,기타공공기관,경기도 안산시 단원구 별망로 555,031-599-7991,-,0505-075-1027,-,-,-
중앙/지방(기관리스트),중소기업은행,중소기업은행 반월유통단지,지점,금융위원회,기타공공기관,경기도 안산시 단원구 산단로 348 유통상가 D동,031-494-7946,-,0505-075-0509,-,-,-
중앙/지방(기관리스트),중소기업은행,중소기업은행 반월중견기업센터,지점,금융위원회,기타공공기관,경기도 안산시 단원구 동산로 63 2층,031-412-0740,-,0505-075-0952,-,-,-
중앙/지방(기관리스트),중소기업은행,중소기업은행 반월중앙,지점,금융위원회,기타공공기관,경기도 안산시 단원구 동산로 57,031-493-6012,-,0505-075-0401,-,-,-
중앙/지방(기관리스트),중소기업은행,중소기업은행 반월중앙기업금융,지점,금융위원회,기타공공기관,경기도 안산시 단원구 동산로 57 2층,031-479-8881,-,0505-075-1012,-,-,-
중앙/지방(기관리스트),중소기업은행,중소기업은행 반월하이테크,지점,금융위원회,기타공공기관,경기도 안산시 단원구 산단로 278,031-494-3905,-,0505-075-0625,-,-,-
중앙/지방(기관리스트),중소기업은행,중소기업은행 반포,지점,금융위원회,기타공공기관,서울특별시 서초구 반포대로 291 원베일리스퀘어상가 2층,02-591-0152,-,0505-075-0067,-,-,-
중앙/지방(기관리스트),중소기업은행,중소기업은행 반포자이WM센터,지점,금융위원회,기타공공기관,서울특별시 서초구 잠원로 24 반포자이프라자 2층,02-3482-9831,-,0505-075-0652,-,-,-
중앙/지방(기관리스트),중소기업은행,중소기업은행 발안산단,지점,금융위원회,기타공공기관,경기도 화성시 향남읍 발안공단로2길 38,031-366-0962,-,0505-075-0920,-,-,-
중앙/지방(기관리스트),중소기업은행,중소기업은행 방배동,지점,금융위원회,기타공공기관,서울특별시 서초구 효령로34길 4,02-582-8158,-,0505-075-0073,-,-,-
중앙/지방(기관리스트),중소기업은행,중소기업은행 방배중앙,지점,금융위원회,기타공공기관,서울특별시 서초구 방배로 226 파맥스스포츠프라자,02-3482-4136,-,0505-075-0596,-,-,-
중앙/지방(기관리스트),중소기업은행,중소기업은행 방이역,지점,금융위원회,기타공공기관,서울특별시 송파구 마천로5길 4,02-404-4105,-,0505-075-0250,-,-,-
중앙/지방(기관리스트),중소기업은행,중소기업은행 방학동,지점,금융위원회,기타공공기관,서울특별시 도봉구 도봉로 683,02-3492-4813,-,0505-075-0008,-,-,-
중앙/지방(기관리스트),중소기업은행,중소기업은행 범계역,지점,금융위원회,기타공공기관,경기도 안양시 동안구 시민대로 132 (호계동) 기업은행 범계역지점,031-429-4062,-,0505-075-0313,-,-,-
중앙/지방(기관리스트),중소기업은행,중소기업은행 범어동,지점,금융위원회,기타공공기관,대구광역시 수성구 달구벌대로 2426,053-744-5194,-,0505-075-0151,-,-,-
중앙/지방(기관리스트),중소기업은행,중소기업은행 범천동,지점,금융위원회,기타공공기관,부산광역시 부산진구 신암로 141 기독교부산방송,051-647-9963,-,0505-075-0259,-,-,-
중앙/지방(기관리스트),중소기업은행,중소기업은행 보라매,지점,금융위원회,기타공공기관,서울특별시 동작구 보라매로5가길 24 보라매나산스위트,02-842-0057,-,0505-075-0525,-,-,-
중앙/지방(기관리스트),중소기업은행,중소기업은행 본부기업금융센터,지점,금융위원회,기타공공기관,서울특별시 중구 을지로 79,02-729-7676,-,0505-075-0595,-,-,-
중앙/지방(기관리스트),중소기업은행,중소기업은행 봉선동,지점,금융위원회,기타공공기관,광주광역시 남구 대남대로 219,062-671-1683,-,0505-075-0187,-,-,-
중앙/지방(기관리스트),중소기업은행,중소기업은행 부산,지점,금융위원회,기타공공기관,부산광역시 중구 중앙대로 88,051-245-6757,-,0505-075-0092,-,-,-
중앙/지방(기관리스트),중소기업은행,중소기업은행 부산WM센터,지점,금융위원회,기타공공기관,부산광역시 해운대구 센텀남대로 50 센텀임페리얼타워 2층,051-749-0601,-,0505-075-1002,-,-,-
중앙/지방(기관리스트),중소기업은행,중소기업은행 부산시청역,지점,금융위원회,기타공공기관,부산광역시 연제구 중앙대로 1000 (연산동) 기업은행 부산시청역지점,051-867-8817,-,0505-075-0197,-,-,-
중앙/지방(기관리스트),중소기업은행,중소기업은행 부산역,지점,금융위원회,기타공공기관,부산광역시 동구 중앙대로 193,051-467-0193,-,0505-075-0097,-,-,-
중앙/지방(기관리스트),중소기업은행,중소기업은행 부산진,지점,금융위원회,기타공공기관,부산광역시 동구 중앙대로 489,051-646-5283,-,0505-075-0096,-,-,-
중앙/지방(기관리스트),중소기업은행,중소기업은행 부전동,지점,금융위원회,기타공공기관,부산광역시 부산진구 중앙대로 735,051-816-3303,-,0505-075-0091,-,-,-
중앙/지방(기관리스트),중소기업은행,중소기업은행 부천,지점,금융위원회,기타공공기관,경기도 부천시 신흥로 167 신영빌딩 1층,032-329-5533,-,0505-075-0114,-,-,-
중앙/지방(기관리스트),중소기업은행,중소기업은행 부천내동,지점,금융위원회,기타공공기관,경기도 부천시 삼작로 155 나이스빌딩,032-620-1501,-,0505-075-0985,-,-,-
중앙/지방(기관리스트),중소기업은행,중소기업은행 부천쌍용3차,지점,금융위원회,기타공공기관,경기도 부천시 석천로 397,032-624-2583,-,0505-075-0614,-,-,-
중앙/지방(기관리스트),중소기업은행,중소기업은행 부천테크노,지점,금융위원회,기타공공기관,경기도 부천시 삼작로 22,032-621-1244,-,0505-075-0425,-,-,-
중앙/지방(기관리스트),중소기업은행,중소기업은행 부평,지점,금융위원회,기타공공기관,인천광역시 부평구 부흥로 353,032-517-8233,-,0505-075-0119,-,-,-
중앙/지방(기관리스트),중소기업은행,중소기업은행 부평기업스마트,지점,금융위원회,기타공공기관,인천광역시 부평구 부평대로 337 부평제이타워3차 2층,032-520-9091,-,0505-075-1064,-,-,-
중앙/지방(기관리스트),중소기업은행,중소기업은행 부평동,지점,금융위원회,기타공공기관,부산광역시 중구 흑교로 5,051-244-8914,-,0505-075-0098,-,-,-
중앙/지방(기관리스트),중소기업은행,중소기업은행 북가좌동,지점,금융위원회,기타공공기관,서울특별시 서대문구 응암로 107,02-302-7484,-,0505-075-0045,-,-,-
중앙/지방(기관리스트),중소기업은행,중소기업은행 북천안,지점,금융위원회,기타공공기관,충청남도 천안시 서북구 직산읍 봉주로 58,041-585-8900,-,0505-075-0561,-,-,-
중앙/지방(기관리스트),중소기업은행,중소기업은행 분당미금역,지점,금융위원회,기타공공기관,경기도 성남시 분당구 성남대로 165,031-726-7174,-,0505-075-0467,-,-,-
중앙/지방(기관리스트),중소기업은행,중소기업은행 분당서현역,지점,금융위원회,기타공공기관,경기도 성남시 분당구 황새울로360번길 29,031-708-6213,-,0505-075-0389,-,-,-
중앙/지방(기관리스트),중소기업은행,중소기업은행 분당수내역,지점,금융위원회,기타공공기관,경기도 성남시 분당구 황새울로 216 휴맥스빌리지,031-786-1462,-,0505-075-0528,-,-,-
중앙/지방(기관리스트),중소기업은행,중소기업은행 분당야탑역,지점,금융위원회,기타공공기관,경기도 성남시 분당구 성남대로 926 2층,031-707-0073,-,0505-075-0341,-,-,-
중앙/지방(기관리스트),중소기업은행,중소기업은행 분당정자역,지점,금융위원회,기타공공기관,경기도 성남시 분당구 성남대로331번길 8 킨스타워 2층,031-782-3932,-,0505-075-0487,-,-,-
중앙/지방(기관리스트),중소기업은행,중소기업은행 분당파크뷰,지점,금융위원회,기타공공기관,경기도 성남시 분당구 정자일로 248 파크뷰오피스타워,031-783-2502,-,0505-075-0469,-,-,-
중앙/지방(기관리스트),중소기업은행,중소기업은행 불광역,지점,금융위원회,기타공공기관,서울특별시 은평구 통일로 725,02-388-0541,-,0505-075-0020,-,-,-
중앙/지방(기관리스트),중소기업은행,중소기업은행 비산동,지점,금융위원회,기타공공기관,대구광역시 서구 서대구로 376-1,053-351-4113,-,0505-075-0156,-,-,-
중앙/지방(기관리스트),중소기업은행,중소기업은행 비산동기업금융,지점,금융위원회,기타공공기관,대구광역시 서구 서대구로 376-1 2층,053-350-7611,-,0505-075-1028,-,-,-
중앙/지방(기관리스트),중소기업은행,중소기업은행 사당역,지점,금융위원회,기타공공기관,서울특별시 동작구 동작대로 27,02-582-3133,-,0505-075-0072,-,-,-
중앙/지방(기관리스트),중소기업은행,중소기업은행 사상,지점,금융위원회,기타공공기관,부산광역시 사상구 사상로 158,051-313-6113,-,0505-075-0095,-,-,-
중앙/지방(기관리스트),중소기업은행,중소기업은행 사상공단,지점,금융위원회,기타공공기관,부산광역시 사상구 사상로 363,051-305-5744,-,0505-075-0515,-,-,-
중앙/지방(기관리스트),중소기업은행,중소기업은행 사상디지털밸리,지점,금융위원회,기타공공기관,부산광역시 사상구 대동로 304,051-320-5311,-,0505-075-1030,-,-,-
중앙/지방(기관리스트),중소기업은행,중소기업은행 사직동,지점,금융위원회,기타공공기관,부산광역시 동래구 사직북로 4 삼정자이언츠파크 2층,051-867-7813,-,0505-075-0105,-,-,-
중앙/지방(기관리스트),중소기업은행,중소기업은행 산본역,지점,금융위원회,기타공공기관,경기도 군포시 번영로 505 디오플러스 2층,031-391-9575,-,0505-075-0356,-,-,-
중앙/지방(기관리스트),중소기업은행,중소기업은행 삼성동,지점,금융위원회,기타공공기관,서울특별시 강남구 봉은사로 303,02-548-3705,-,0505-075-0217,-,-,-
중앙/지방(기관리스트),중소기업은행,중소기업은행 삼성역,지점,금융위원회,기타공공기관,서울특별시 강남구 테헤란로 625,02-561-1803,-,0505-075-0131,-,-,-
중앙/지방(기관리스트),중소기업은행,중소기업은행 삼송테크노,지점,금융위원회,기타공공기관,경기도 고양시 덕양구 통일로 140 삼송테크노밸리B동 151~154,02-3146-7301,-,02-3147-7304,-,-,-
중앙/지방(기관리스트),중소기업은행,중소기업은행 삼양동,지점,금융위원회,기타공공기관,서울특별시 강북구 솔샘로 253,02-989-0158,-,0505-075-0005,-,-,-
중앙/지방(기관리스트),중소기업은행,중소기업은행 삼정동,지점,금융위원회,기타공공기관,경기도 부천시 오정로 47 ㈜리텍사옥 1층,032-683-3922,-,0505-075-0494,-,-,-
중앙/지방(기관리스트),중소기업은행,중소기업은행 상계역,지점,금융위원회,기타공공기관,서울특별시 노원구 덕릉로 688,02-936-0088,-,0505-075-0003,-,-,-
중앙/지방(기관리스트),중소기업은행,중소기업은행 상동역,지점,금융위원회,기타공공기관,경기도 부천시 상동로 87,032-328-8633,-,0505-075-0455,-,-,-
중앙/지방(기관리스트),중소기업은행,중소기업은행 상록수,지점,금융위원회,기타공공기관,경기도 안산시 상록구 본삼로 49,031-418-0253,-,0505-075-0345,-,-,-
중앙/지방(기관리스트),중소기업은행,중소기업은행 상무,지점,금융위원회,기타공공기관,광주광역시 서구 상무중앙로 114 랜드피아 오피스텔,062-383-4602,-,0505-075-0479,-,-,-
중앙/지방(기관리스트),중소기업은행,중소기업은행 상수도사업소(출),지점,금융위원회,기타공공기관,경기도 수원시 장안구 광교산로 119,031-232-9944,-,0505-075-0445,-,-,-
중앙/지방(기관리스트),중소기업은행,중소기업은행 상암동,지점,금융위원회,기타공공기관,서울특별시 마포구 성암로 189 중소기업DMC타워 2층,02-375-8073,-,0505-075-0935,-,-,-
중앙/지방(기관리스트),중소기업은행,중소기업은행 새만금,지점,금융위원회,기타공공기관,전라북도 군산시 산단남북로 169,063-471-9462,-,0505-075-0584,-,-,-
중앙/지방(기관리스트),중소기업은행,중소기업은행 생기원(출),지점,금융위원회,기타공공기관,충청남도 천안시 서북구 입장면 양대기로길 89 한국생산기술연구원,041-585-8121,-,0505-075-0391,-,-,-
중앙/지방(기관리스트),중소기업은행,중소기업은행 서광주,지점,금융위원회,기타공공기관,광주광역시 서구 죽봉대로 76,062-362-8395,-,0505-075-0188,-,-,-
중앙/지방(기관리스트),중소기업은행,중소기업은행 서교동,지점,금융위원회,기타공공기관,서울특별시 마포구 월드컵로 59,02-335-5663,-,0505-075-0048,-,-,-
중앙/지방(기관리스트),중소기업은행,중소기업은행 서귀포,지점,금융위원회,기타공공기관,제주도 서귀포시 일주동로 8671,064-733-3803,-,0505-075-0199,-,-,-
중앙/지방(기관리스트),중소기업은행,중소기업은행 서대전,지점,금융위원회,기타공공기관,대전광역시 중구 계백로 1719 센트리아오피스텔,042-535-8993,-,0505-075-0143,-,-,-
중앙/지방(기관리스트),중소기업은행,중소기업은행 서산,지점,금융위원회,기타공공기관,충청남도 서산시 호수공원1로 22,041-668-3781,-,0505-075-0529,-,-,-
중앙/지방(기관리스트),중소기업은행,중소기업은행 서소문,지점,금융위원회,기타공공기관,서울특별시 중구 서소문로 120 2층,02-756-9203,-,0505-075-0038,-,-,-
중앙/지방(기관리스트),중소기업은행,중소기업은행 서시화,지점,금융위원회,기타공공기관,경기도 시흥시 옥구천동로 130,031-496-8646,-,0505-075-0451,-,-,-
중앙/지방(기관리스트),중소기업은행,중소기업은행 서시화기업금융,지점,금융위원회,기타공공기관,경기도 시흥시 옥구천동로 130 2층,031-8085-2191,-,0505-075-1029,-,-,-
중앙/지방(기관리스트),중소기업은행,중소기업은행 서여의도,지점,금융위원회,기타공공기관,서울특별시 영등포구 은행로 30,02-785-2908,-,0505-075-0221,-,-,-
중앙/지방(기관리스트),중소기업은행,중소기업은행 서울대역,지점,금융위원회,기타공공기관,서울특별시 관악구 남부순환로 1794 미주오피스텔,02-875-9943,-,0505-075-0070,-,-,-
중앙/지방(기관리스트),중소기업은행,중소기업은행 서전주,지점,금융위원회,기타공공기관,전라북도 전주시 완산구 홍산로 245,063-224-0313,-,0505-075-0304,-,-,-
중앙/지방(기관리스트),중소기업은행,중소기업은행 서정리역,지점,금융위원회,기타공공기관,경기도 평택시 정암로 41 (이충동) 기업은행 서정리역지점,031-667-7930,-,0505-075-0186,-,-,-
중앙/지방(기관리스트),중소기업은행,중소기업은행 서초3동,지점,금융위원회,기타공공기관,서울특별시 서초구 효령로 210,02-598-2484,-,0505-075-0327,-,-,-
중앙/지방(기관리스트),중소기업은행,중소기업은행 서초남,지점,금융위원회,기타공공기관,서울특별시 서초구 서초중앙로 63 리더스빌딩,02-585-0143,-,0505-075-0216,-,-,-
중앙/지방(기관리스트),중소기업은행,중소기업은행 서초동,지점,금융위원회,기타공공기관,서울특별시 서초구 사평대로 369,02-549-9145,-,0505-075-0066,-,-,-
중앙/지방(기관리스트),중소기업은행,중소기업은행 서초중앙,지점,금융위원회,기타공공기관,서울특별시 서초구 효령로 321 메가스터디 본사,02-591-2615,-,0505-075-0667,-,-,-
중앙/지방(기관리스트),중소기업은행,중소기업은행 서판교,지점,금융위원회,기타공공기관,경기도 성남시 분당구 운중로 131 스타식스메트로,031-8017-0383,-,0505-075-0673,-,-,-
중앙/지방(기관리스트),중소기업은행,중소기업은행 석남동,지점,금융위원회,기타공공기관,인천광역시 서구 거북로 89,032-571-3632,-,0505-075-0170,-,-,-
중앙/지방(기관리스트),중소기업은행,중소기업은행 석수역,지점,금융위원회,기타공공기관,서울특별시 금천구 시흥대로 46,02-808-0275,-,0505-075-0207,-,-,-
중앙/지방(기관리스트),중소기업은행,중소기업은행 석암,지점,금융위원회,기타공공기관,인천광역시 미추홀구 경원대로 869 르네상스타워,032-420-1505,-,0505-075-0121,-,-,-
중앙/지방(기관리스트),중소기업은행,중소기업은행 석촌고분역,지점,금융위원회,기타공공기관,서울특별시 송파구 삼학사로 48,02-414-8233,-,0505-075-0215,-,-,-
중앙/지방(기관리스트),중소기업은행,중소기업은행 선릉역,지점,금융위원회,기타공공기관,서울특별시 강남구 테헤란로 328,02-566-9179,-,0505-075-0065,-,-,-
중앙/지방(기관리스트),중소기업은행,중소기업은행 선부동,지점,금융위원회,기타공공기관,경기도 안산시 단원구 선부광장1로 92,031-414-3053,-,0505-075-0399,-,-,-
중앙/지방(기관리스트),중소기업은행,중소기업은행 선유도역,지점,금융위원회,기타공공기관,서울특별시 영등포구 양평로25길 8,02-2632-0516,-,0505-075-0140,-,-,-
중앙/지방(기관리스트),중소기업은행,중소기업은행 성남,지점,금융위원회,기타공공기관,경기도 성남시 수정구 산성대로 277,031-742-0052,-,0505-075-0113,-,-,-
중앙/지방(기관리스트),중소기업은행,중소기업은행 성남IT,지점,금융위원회,기타공공기관,"경기도 성남시 중원구 갈마치로 215 (상대원동) 지하1층, 기업은행 성남IT지점",031-741-6843,-,0505-075-0613,-,-,-
중앙/지방(기관리스트),중소기업은행,중소기업은행 성남디지털,지점,금융위원회,기타공공기관,경기도 성남시 중원구 갈마치로288번길 14,031-750-0271,-,0505-075-0685,-,-,-
중앙/지방(기관리스트),중소기업은행,중소기업은행 성남테크노,지점,금융위원회,기타공공기관,경기도 성남시 중원구 사기막골로 124,031-745-4784,-,0505-075-0526,-,-,-
중앙/지방(기관리스트),중소기업은행,중소기업은행 성남하이테크,지점,금융위원회,기타공공기관,경기도 성남시 중원구 둔촌대로457번길 8,031-743-3387,-,0505-075-0165,-,-,-
중앙/지방(기관리스트),중소기업은행,중소기업은행 성서,지점,금융위원회,기타공공기관,대구광역시 달서구 이곡공원로 12,053-585-6433,-,0505-075-0370,-,-,-
중앙/지방(기관리스트),중소기업은행,중소기업은행 성서3차단지,지점,금융위원회,기타공공기관,대구광역시 달서구 성서공단북로 158,053-591-1874,-,0505-075-0482,-,-,-
중앙/지방(기관리스트),중소기업은행,중소기업은행 성서4차단지,지점,금융위원회,기타공공기관,대구광역시 달서구 월곡로99길 45,053-605-5001,-,0505-075-0987,-,-,-
중앙/지방(기관리스트),중소기업은행,중소기업은행 성서공단,지점,금융위원회,기타공공기관,대구광역시 달서구 성서공단로 126,053-583-3063,-,0505-075-0243,-,-,-
중앙/지방(기관리스트),중소기업은행,중소기업은행 성서공단기업금융,지점,금융위원회,기타공공기관,대구광역시 달서구 성서공단로 126 2층,053-580-9321,-,0505-075-1017,-,-,-
중앙/지방(기관리스트),중소기업은행,중소기업은행 성서공단희망,지점,금융위원회,기타공공기관,대구광역시 달서구 성서로 329 2층,053-580-9331,-,0505-075-1031,-,-,-
중앙/지방(기관리스트),중소기업은행,중소기업은행 성수2가,지점,금융위원회,기타공공기관,서울특별시 성동구 동일로 81,02-467-1755,-,0505-075-0218,-,-,-
중앙/지방(기관리스트),중소기업은행,중소기업은행 성수동,지점,금융위원회,기타공공기관,서울특별시 성동구 연무장7길 16,02-499-8003,-,0505-075-0027,-,-,-
중앙/지방(기관리스트),중소기업은행,중소기업은행 성수화양,지점,금융위원회,기타공공기관,서울특별시 성동구 아차산로17길 48 2층,02-2094-7421,-,0505-075-1033,-,-,-
중앙/지방(기관리스트),중소기업은행,중소기업은행 성수희망,지점,금융위원회,기타공공기관,서울특별시 성동구 아차산로 153,02-464-8714,-,0505-075-0026,-,-,-
중앙/지방(기관리스트),중소기업은행,중소기업은행 세종,지점,금융위원회,기타공공기관,세종특별자치시 한누리대로 492,044-868-2904,-,0505-075-0940,-,-,-
중앙/지방(기관리스트),중소기업은행,중소기업은행 센텀시티,지점,금융위원회,기타공공기관,부산광역시 해운대구 센텀동로 9 트럼프스퀘어,051-744-6072,-,0505-075-0518,-,-,-
중앙/지방(기관리스트),중소기업은행,중소기업은행 소사,지점,금융위원회,기타공공기관,경기도 부천시 경인로 386,032-346-6858,-,0505-075-0124,-,-,-
중앙/지방(기관리스트),중소기업은행,중소기업은행 소사본동,지점,금융위원회,기타공공기관,경기도 부천시 소사동로 82,032-342-0322,-,0505-075-0276,-,-,-
중앙/지방(기관리스트),중소기업은행,중소기업은행 소하동,지점,금융위원회,기타공공기관,경기도 광명시 오리로 378 (소하동) 기업은행 소하동지점,02-897-8793,-,0505-075-0318,-,-,-
중앙/지방(기관리스트),중소기업은행,중소기업은행 속초,지점,금융위원회,기타공공기관,강원도 속초시 청학로 37,033-636-4183,-,0505-075-0372,-,-,-
중앙/지방(기관리스트),중소기업은행,중소기업은행 송내동,지점,금융위원회,기타공공기관,경기도 부천시 경인로 124,032-657-1983,-,0505-075-0334,-,-,-
중앙/지방(기관리스트),중소기업은행,중소기업은행 송내역,지점,금융위원회,기타공공기관,경기도 부천시 부일로 203 스카이뷰자이아파트 2층,032-325-0184,-,0505-075-0229,-,-,-
중앙/지방(기관리스트),중소기업은행,중소기업은행 송도,지점,금융위원회,기타공공기관,인천광역시 연수구 앵고개로 80,032-833-4407,-,0505-075-0338,-,-,-
중앙/지방(기관리스트),중소기업은행,중소기업은행 송도GCF,지점,금융위원회,기타공공기관,인천광역시 연수구 아트센터대로 175 I-TOWER,032-859-4800,-,0505-075-0677,-,-,-
중앙/지방(기관리스트),중소기업은행,중소기업은행 송도테크노파크,지점,금융위원회,기타공공기관,인천광역시 연수구 갯벌로 12 송도테크노파크,032-260-1237,-,0505-075-0472,-,-,-
중앙/지방(기관리스트),중소기업은행,중소기업은행 송림동,지점,금융위원회,기타공공기관,인천광역시 동구 방축로37번길 30 (송현동) 기업은행 송림동지점,032-589-6207,-,0505-075-0418,-,-,-
중앙/지방(기관리스트),중소기업은행,중소기업은행 송우,지점,금융위원회,기타공공기관,경기도 포천시 소흘읍 솔모루로 18-1,031-541-6195,-,0505-075-0454,-,-,-
중앙/지방(기관리스트),중소기업은행,중소기업은행 송탄,지점,금융위원회,기타공공기관,경기도 평택시 관광특구로 23,031-662-9773,-,0505-075-0166,-,-,-
중앙/지방(기관리스트),중소기업은행,중소기업은행 송파,지점,금융위원회,기타공공기관,서울특별시 송파구 송파대로 422,02-419-3079,-,0505-075-0132,-,-,-
중앙/지방(기관리스트),중소기업은행,중소기업은행 송현동,지점,금융위원회,기타공공기관,대구광역시 달서구 구마로 212,053-625-9917,-,0505-075-0163,-,-,-
중앙/지방(기관리스트),중소기업은행,중소기업은행 수색,지점,금융위원회,기타공공기관,서울특별시 은평구 수색로 256,02-303-0773,-,0505-075-0210,-,-,-
중앙/지방(기관리스트),중소기업은행,중소기업은행 수성트럼프월드,지점,금융위원회,기타공공기관,"대구광역시 수성구 동대구로 59 (두산동, 대우트럼프월드수성아파트) 기업은행 수성트럼프월드지점",053-768-9085,-,0505-075-0552,-,-,-
중앙/지방(기관리스트),중소기업은행,중소기업은행 수영역,지점,금융위원회,기타공공기관,부산광역시 수영구 수영로 668,051-754-3443,-,0505-075-0102,-,-,-
중앙/지방(기관리스트),중소기업은행,중소기업은행 수원,지점,금융위원회,기타공공기관,경기도 수원시 팔달구 정조로 759,031-241-5164,-,0505-075-0111,-,-,-
중앙/지방(기관리스트),중소기업은행,중소기업은행 수원고색,지점,금융위원회,기타공공기관,경기도 수원시 권선구 오목천로152번길 40,031-278-1091,-,0505-075-0629,-,-,-
중앙/지방(기관리스트),중소기업은행,중소기업은행 수원도로교통관리사업소(출),지점,금융위원회,기타공공기관,경기도 수원시 권선구 서부로 1600,031-239-6571,-,0505-075-0474,-,-,-
중앙/지방(기관리스트),중소기업은행,중소기업은행 수원시청(출),지점,금융위원회,기타공공기관,경기도 수원시 팔달구 효원로 241 수원시청內 1층,031-236-2064,-,0505-075-0168,-,-,-
중앙/지방(기관리스트),중소기업은행,중소기업은행 수유역,지점,금융위원회,기타공공기관,서울특별시 강북구 도봉로 325 (수유동) 기업은행 수유역지점,02-902-4843,-,0505-075-0310,-,-,-
중앙/지방(기관리스트),중소기업은행,중소기업은행 수지,지점,금융위원회,기타공공기관,경기도 용인시 수지구 포은대로 410 (풍덕천동) 기업은행 수지지점,031-266-0184,-,0505-075-0421,-,-,-
중앙/지방(기관리스트),중소기업은행,중소기업은행 수지동천역,지점,금융위원회,기타공공기관,경기도 용인시 수지구 신수로 767 U-TOWER,031-270-4901,-,0505-075-0488,-,-,-
중앙/지방(기관리스트),중소기업은행,중소기업은행 순천,지점,금융위원회,기타공공기관,전라남도 순천시 충효로 152 청우빌딩,061-726-5063,-,0505-075-0192,-,-,-
중앙/지방(기관리스트),중소기업은행,중소기업은행 순천향대학교 서울병원(출),지점,금융위원회,기타공공기관,서울특별시 용산구 대사관로 59 순천향대학서울병원 內,02-796-9902,-,0505-075-0926,-,-,-
중앙/지방(기관리스트),중소기업은행,중소기업은행 순천향대학교 천안병원(출),지점,금융위원회,기타공공기관,충청남도 천안시 동남구 순천향6길 31 순천향대학천안병원 內,041-579-1391,-,0505-075-0925,-,-,-
중앙/지방(기관리스트),중소기업은행,중소기업은행 시화,지점,금융위원회,기타공공기관,경기도 시흥시 정왕천로 155,031-389-4001,-,0505-075-0960,-,-,-
중앙/지방(기관리스트),중소기업은행,중소기업은행 시화MTV,지점,금융위원회,기타공공기관,경기도 시흥시 시화벤처로 212,031-460-8801,-,0505-075-0989,-,-,-
중앙/지방(기관리스트),중소기업은행,중소기업은행 시화공단,지점,금융위원회,기타공공기관,경기도 시흥시 공단1대로 229,031-432-7011,-,0505-075-0378,-,-,-
중앙/지방(기관리스트),중소기업은행,중소기업은행 시화공단WM센터,지점,금융위원회,기타공공기관,경기도 시흥시 공단1대로 229,031-433-4652,-,0505-075-0846,-,-,-
중앙/지방(기관리스트),중소기업은행,중소기업은행 시화공단기업금융,지점,금융위원회,기타공공기관,경기도 시흥시 공단1대로 229 2층,031-489-1511,-,0505-075-1010,-,-,-
중앙/지방(기관리스트),중소기업은행,중소기업은행 시화옥구,지점,금융위원회,기타공공기관,경기도 시흥시 서해안로 242 시화하이테크,031-8041-3102,-,0505-075-0640,-,-,-
중앙/지방(기관리스트),중소기업은행,중소기업은행 시화중앙,지점,금융위원회,기타공공기관,경기도 시흥시 정왕천로 197,031-434-7393,-,0505-075-0464,-,-,-
중앙/지방(기관리스트),중소기업은행,중소기업은행 시화철강단지,지점,금융위원회,기타공공기관,경기도 시흥시 서해안로 81-44,031-8041-9802,-,0505-075-0605,-,-,-
중앙/지방(기관리스트),중소기업은행,중소기업은행 시흥,지점,금융위원회,기타공공기관,경기도 시흥시 비둘기공원4길 13 유호N플러스빌,031-318-6231,-,0505-075-0169,-,-,-
중앙/지방(기관리스트),중소기업은행,중소기업은행 시흥능곡,지점,금융위원회,기타공공기관,경기도 시흥시 승지로59번길 8 2층,031-435-1740,-,0505-075-0646,-,-,-
중앙/지방(기관리스트),중소기업은행,중소기업은행 시흥동,지점,금융위원회,기타공공기관,서울특별시 금천구 시흥대로 236 와이즈플레이스,02-802-1403,-,0505-075-0079,-,-,-
중앙/지방(기관리스트),중소기업은행,중소기업은행 시흥유통센터,지점,금융위원회,기타공공기관,서울특별시 금천구 시흥대로 97 시흥유통상가,02-808-2879,-,0505-075-0333,-,-,-
중앙/지방(기관리스트),중소기업은행,중소기업은행 신고잔,지점,금융위원회,기타공공기관,경기도 안산시 단원구 광덕대로 145,031-475-3133,-,0505-075-0457,-,-,-
중앙/지방(기관리스트),중소기업은행,중소기업은행 신길동,지점,금융위원회,기타공공기관,서울특별시 영등포구 도신로60길 1,02-833-7713,-,0505-075-0076,-,-,-
중앙/지방(기관리스트),중소기업은행,중소기업은행 신당역,지점,금융위원회,기타공공기관,서울특별시 중구 퇴계로 439,02-2234-6107,-,0505-075-0030,-,-,-
중앙/지방(기관리스트),중소기업은행,중소기업은행 신대방역,지점,금융위원회,기타공공기관,서울특별시 관악구 조원로 128,02-864-7903,-,0505-075-0206,-,-,-
중앙/지방(기관리스트),중소기업은행,중소기업은행 신림동,지점,금융위원회,기타공공기관,서울특별시 관악구 남부순환로 1440,02-852-7783,-,0505-075-0074,-,-,-
중앙/지방(기관리스트),중소기업은행,중소기업은행 신사동,지점,금융위원회,기타공공기관,서울특별시 강남구 도산대로 139 J타워,02-511-5804,-,0505-075-0274,-,-,-
중앙/지방(기관리스트),중소기업은행,중소기업은행 신설동,지점,금융위원회,기타공공기관,서울특별시 동대문구 왕산로 6,02-926-0323,-,0505-075-0018,-,-,-
중앙/지방(기관리스트),중소기업은행,중소기업은행 신수동,지점,금융위원회,기타공공기관,서울특별시 마포구 서강로 105,02-323-1034,-,0505-075-0049,-,-,-
중앙/지방(기관리스트),중소기업은행,중소기업은행 신안산대학교(가변),지점,금융위원회,기타공공기관,경기도 안산시 단원구 신안산대학로 135,031-491-8551,-,0505-075-0576,-,-,-
중앙/지방(기관리스트),중소기업은행,중소기업은행 신장림역,지점,금융위원회,기타공공기관,부산광역시 사하구 다대로 328,051-200-1841,-,0505-075-1043,-,-,-
중앙/지방(기관리스트),중소기업은행,중소기업은행 신정동,지점,금융위원회,기타공공기관,서울특별시 양천구 신월로 291,02-2607-7102,-,0505-075-0013,-,-,-
중앙/지방(기관리스트),중소기업은행,중소기업은행 신제주,지점,금융위원회,기타공공기관,제주도 제주시 연북로 17,064-744-2338,-,0505-075-0315,-,-,-
중앙/지방(기관리스트),중소기업은행,중소기업은행 신촌,지점,금융위원회,기타공공기관,서울특별시 서대문구 신촌로 67,02-333-6375,-,0505-075-0043,-,-,-
중앙/지방(기관리스트),중소기업은행,중소기업은행 신평동,지점,금융위원회,기타공공기관,부산광역시 사하구 신산로 169,051-204-2411,-,0505-075-0255,-,-,-
중앙/지방(기관리스트),중소기업은행,중소기업은행 아산,지점,금융위원회,기타공공기관,충청남도 아산시 아산로 79 (실옥동) 기업은행 아산지점,041-544-7631,-,0505-075-0332,-,-,-
중앙/지방(기관리스트),중소기업은행,중소기업은행 아산둔포,지점,금융위원회,기타공공기관,충청남도 아산시 둔포면 둔포중앙로 131,041-543-8325,-,0505-075-0641,-,-,-
중앙/지방(기관리스트),중소기업은행,중소기업은행 아산배방,지점,금융위원회,기타공공기관,"충청남도 아산시 배방읍 배방로 25 2층, 기업은행 아산배방지점",041-531-8901,-,0505-075-0507,-,-,-
중앙/지방(기관리스트),중소기업은행,중소기업은행 아현역,지점,금융위원회,기타공공기관,서울특별시 서대문구 북아현로 22,02-313-3923,-,0505-075-0044,-,-,-
중앙/지방(기관리스트),중소기업은행,중소기업은행 안동,지점,금융위원회,기타공공기관,경상북도 안동시 중앙로 23,054-854-3133,-,0505-075-0160,-,-,-
중앙/지방(기관리스트),중소기업은행,중소기업은행 안락동,지점,금융위원회,기타공공기관,부산광역시 동래구 충렬대로 351 (안락동) 기업은행 안락동지점,051-526-0153,-,0505-075-0104,-,-,-
중앙/지방(기관리스트),중소기업은행,중소기업은행 안산,지점,금융위원회,기타공공기관,경기도 안산시 단원구 화랑로 107,031-484-0143,-,0505-075-0125,-,-,-
중앙/지방(기관리스트),중소기업은행,중소기업은행 안산외국인금융센터(출),지점,금융위원회,기타공공기관,경기도 안산시 단원구 다문화1길 88,031-508-3032,-,0505-075-0631,-,-,-
중앙/지방(기관리스트),중소기업은행,중소기업은행 안산중앙,지점,금융위원회,기타공공기관,경기도 안산시 단원구 적금로 126,031-414-6101,-,0505-075-0409,-,-,-
중앙/지방(기관리스트),중소기업은행,중소기업은행 안성,지점,금융위원회,기타공공기관,경기도 안성시 장기로 8 삼원빌딩,031-673-7132,-,0505-075-0357,-,-,-
중앙/지방(기관리스트),중소기업은행,중소기업은행 안암동,지점,금융위원회,기타공공기관,서울특별시 성북구 안암로 119,02-928-0853,-,0505-075-0201,-,-,-
중앙/지방(기관리스트),중소기업은행,중소기업은행 안양,지점,금융위원회,기타공공기관,경기도 안양시 만안구 안양로 345,031-443-3972,-,0505-075-0117,-,-,-
중앙/지방(기관리스트),중소기업은행,중소기업은행 안전보건공단(출),지점,금융위원회,기타공공기관,울산광역시 중구 종가로 400,052-290-0300,-,0505-075-0963,-,-,-
중앙/지방(기관리스트),중소기업은행,중소기업은행 압구정동,지점,금융위원회,기타공공기관,서울특별시 강남구 논현로 868 구정빌딩,02-547-0413,-,0505-075-0059,-,-,-
중앙/지방(기관리스트),중소기업은행,중소기업은행 약수동,지점,금융위원회,기타공공기관,서울특별시 중구 다산로 112,02-2233-9523,-,0505-075-0213,-,-,-
중앙/지방(기관리스트),중소기업은행,중소기업은행 양산,지점,금융위원회,기타공공기관,경상남도 양산시 중앙로 216,055-383-1103,-,0505-075-0178,-,-,-
중앙/지방(기관리스트),중소기업은행,중소기업은행 양산덕계,지점,금융위원회,기타공공기관,경상남도 양산시 번영로 13,055-366-6313,-,0505-075-0387,-,-,-
중앙/지방(기관리스트),중소기업은행,중소기업은행 양산중부,지점,금융위원회,기타공공기관,경상남도 양산시 양산역1길 2,055-384-1320,-,0505-075-0617,-,-,-
중앙/지방(기관리스트),중소기업은행,중소기업은행 양재동,지점,금융위원회,기타공공기관,서울특별시 서초구 마방로10길 25 트윈타워 A동,02-578-0812,-,0505-075-0257,-,-,-
중앙/지방(기관리스트),중소기업은행,중소기업은행 양재역,지점,금융위원회,기타공공기관,서울특별시 서초구 강남대로 216 양재프라자빌딩,02-3462-6494,-,0505-075-0537,-,-,-
중앙/지방(기관리스트),중소기업은행,중소기업은행 양주,지점,금융위원회,기타공공기관,경기도 양주시 평화로 1565,031-866-3027,-,0505-075-0439,-,-,-
중앙/지방(기관리스트),중소기업은행,중소기업은행 양주고읍,지점,금융위원회,기타공공기관,경기도 양주시 고읍남로 6-6,031-856-8834,-,0505-075-0917,-,-,-
중앙/지방(기관리스트),중소기업은행,중소기업은행 양평동,지점,금융위원회,기타공공기관,서울특별시 영등포구 선유로 146,02-2628-0907,-,0505-075-0540,-,-,-
중앙/지방(기관리스트),중소기업은행,중소기업은행 언양,지점,금융위원회,기타공공기관,울산광역시 울주군 언양읍 동문길 21,052-263-9013,-,0505-075-0658,-,-,-
중앙/지방(기관리스트),중소기업은행,중소기업은행 언주로,지점,금융위원회,기타공공기관,서울특별시 강남구 도산대로 307 백영빌딩,02-544-9157,-,0505-075-0063,-,-,-
중앙/지방(기관리스트),중소기업은행,중소기업은행 언주역,지점,금융위원회,기타공공기관,서울특별시 강남구 봉은사로 179 H-Tower,02-545-4327,-,0505-075-0588,-,-,-
중앙/지방(기관리스트),중소기업은행,중소기업은행 여수,지점,금융위원회,기타공공기관,전라남도 여수시 통제영5길 6,061-662-5113,-,0505-075-0193,-,-,-
중앙/지방(기관리스트),중소기업은행,중소기업은행 여의도,지점,금융위원회,기타공공기관,서울특별시 영등포구 여의나루로 81 파이낸셜뉴스빌딩,02-783-8033,-,0505-075-0082,-,-,-
중앙/지방(기관리스트),중소기업은행,중소기업은행 여의도IFC,지점,금융위원회,기타공공기관,서울특별시 영등포구 국제금융로 10 ONE IFC 3층,02-6137-9966,-,0505-075-0929,-,-,-
중앙/지방(기관리스트),중소기업은행,중소기업은행 여의도한국투자증권,지점,금융위원회,기타공공기관,서울특별시 영등포구 의사당대로 88 (여의도동) 기업은행 여의도한국투자증권지점,02-3276-5463,-,0505-075-0500,-,-,-
중앙/지방(기관리스트),중소기업은행,중소기업은행 여천,지점,금융위원회,기타공공기관,전라남도 여수시 선소로 80,061-685-0785,-,0505-075-0382,-,-,-
중앙/지방(기관리스트),중소기업은행,중소기업은행 역곡,지점,금융위원회,기타공공기관,경기도 부천시 경인로 516,032-344-8003,-,0505-075-0107,-,-,-
중앙/지방(기관리스트),중소기업은행,중소기업은행 역삼WM센터,지점,금융위원회,기타공공기관,서울특별시 강남구 강남대로 390 미진프라자 2층,02-2046-1071,-,0505-075-0995,-,-,-
중앙/지방(기관리스트),중소기업은행,중소기업은행 역삼남,지점,금융위원회,기타공공기관,서울특별시 강남구 도곡로 182,02-577-3955,-,0505-075-0390,-,-,-
중앙/지방(기관리스트),중소기업은행,중소기업은행 역삼역,지점,금융위원회,기타공공기관,서울특별시 강남구 논현로 418,02-3454-1685,-,0505-075-0633,-,-,-
중앙/지방(기관리스트),중소기업은행,중소기업은행 역삼중앙,지점,금융위원회,기타공공기관,서울특별시 강남구 역삼로 114 현죽빌딩,02-557-7491,-,0505-075-0129,-,-,-
중앙/지방(기관리스트),중소기업은행,중소기업은행 연산동,지점,금융위원회,기타공공기관,부산광역시 연제구 중앙대로 1116 (연산동) 기업은행 연산동지점,051-868-2183,-,0505-075-0093,-,-,-
중앙/지방(기관리스트),중소기업은행,중소기업은행 연수,지점,금융위원회,기타공공기관,인천광역시 연수구 청능대로 210 인천 스퀘어원 4층,032-811-0586,-,0505-075-0381,-,-,-
중앙/지방(기관리스트),중소기업은행,중소기업은행 연희동,지점,금융위원회,기타공공기관,서울특별시 서대문구 연희로 141,02-333-0333,-,0505-075-0042,-,-,-
중앙/지방(기관리스트),중소기업은행,중소기업은행 염창동,지점,금융위원회,기타공공기관,서울특별시 강서구 양천로 588,02-3664-3813,-,0505-075-0009,-,-,-
중앙/지방(기관리스트),중소기업은행,중소기업은행 영도,지점,금융위원회,기타공공기관,부산광역시 영도구 남항서로 138,051-416-0183,-,0505-075-0099,-,-,-
중앙/지방(기관리스트),중소기업은행,중소기업은행 영등포,지점,금융위원회,기타공공기관,서울특별시 영등포구 영중로 13,02-2678-0151,-,0505-075-0077,-,-,-
중앙/지방(기관리스트),중소기업은행,중소기업은행 영업부,지점,금융위원회,기타공공기관,서울특별시 중구 을지로 79 기업은행 본점,02-729-6114,-,0505-075-0001,-,-,-
중앙/지방(기관리스트),중소기업은행,중소기업은행 영주,지점,금융위원회,기타공공기관,경상북도 영주시 구성로 417,054-634-4302,-,0505-075-0235,-,-,-
중앙/지방(기관리스트),중소기업은행,중소기업은행 영천,지점,금융위원회,기타공공기관,경상북도 영천시 완산로 64,054-330-9401,-,0505-075-0383,-,-,-
중앙/지방(기관리스트),중소기업은행,중소기업은행 영통,지점,금융위원회,기타공공기관,경기도 수원시 영통구 덕영대로 1541 송이빌딩,031-206-2702,-,0505-075-0411,-,-,-
중앙/지방(기관리스트),중소기업은행,중소기업은행 영통구청(출),지점,금융위원회,기타공공기관,경기도 수원시 영통구 효원로 407 영통구청內,031-214-2288,-,0505-075-0463,-,-,-
중앙/지방(기관리스트),중소기업은행,중소기업은행 영통대로,지점,금융위원회,기타공공기관,경기도 수원시 영통구 봉영로 1620,031-204-3756,-,0505-075-0635,-,-,-
중앙/지방(기관리스트),중소기업은행,중소기업은행 영통신동,지점,금융위원회,기타공공기관,경기도 수원시 영통구 신원로 88,031-695-5873,-,0505-075-0636,-,-,-
중앙/지방(기관리스트),중소기업은행,중소기업은행 오류동,지점,금융위원회,기타공공기관,서울특별시 구로구 경인로 187,02-2619-2503,-,0505-075-0214,-,-,-
중앙/지방(기관리스트),중소기업은행,중소기업은행 오목교역,지점,금융위원회,기타공공기관,서울특별시 양천구 오목로 325,02-2646-9922,-,0505-075-0053,-,-,-
중앙/지방(기관리스트),중소기업은행,중소기업은행 오산,지점,금융위원회,기타공공기관,경기도 오산시 성호대로 129 대신증권빌딩,031-376-9974,-,0505-075-0422,-,-,-
중앙/지방(기관리스트),중소기업은행,중소기업은행 오산기업금융,지점,금융위원회,기타공공기관,"경기도 오산시 성호대로 129 (오산동) 4층, 기업은행 오산기업금융지점",031-350-7821,-,0505-075-1007,-,-,-
중앙/지방(기관리스트),중소기업은행,중소기업은행 오산남,지점,금융위원회,기타공공기관,경기도 오산시 남부대로 327,031-378-6793,-,0505-075-0583,-,-,-
중앙/지방(기관리스트),중소기업은행,중소기업은행 오송,지점,금융위원회,기타공공기관,충청북도 청주시 흥덕구 오송읍 오송생명로 186,043-234-7304,-,0505-075-0695,-,-,-
중앙/지방(기관리스트),중소기업은행,중소기업은행 오창,지점,금융위원회,기타공공기관,충청북도 청주시 청원구 오창읍 중심상업로 51-6,043-217-1435,-,0505-075-0497,-,-,-
중앙/지방(기관리스트),중소기업은행,중소기업은행 오포,지점,금융위원회,기타공공기관,경기도 광주시 오포읍 오포로 531,031-765-9506,-,0505-075-0524,-,-,-
중앙/지방(기관리스트),중소기업은행,중소기업은행 옥천,지점,금융위원회,기타공공기관,충청북도 옥천군 옥천읍 문장로 72-1,043-733-6447,-,0505-075-0570,-,-,-
중앙/지방(기관리스트),중소기업은행,중소기업은행 온수역,지점,금융위원회,기타공공기관,서울특별시 구로구 부일로 869,02-2625-2211,-,0505-075-0106,-,-,-
중앙/지방(기관리스트),중소기업은행,중소기업은행 왜관,지점,금융위원회,기타공공기관,경상북도 칠곡군 왜관읍 중앙로 208,054-973-6103,-,0505-075-0309,-,-,-
중앙/지방(기관리스트),중소기업은행,중소기업은행 왜관공단,지점,금융위원회,기타공공기관,경상북도 칠곡군 왜관읍 공단로4길 18-12,054-977-3500,-,0505-075-0618,-,-,-
중앙/지방(기관리스트),중소기업은행,중소기업은행 외동공단,지점,금융위원회,기타공공기관,경상북도 경주시 외동읍 내외로 10,054-746-4960,-,0505-075-0609,-,-,-
중앙/지방(기관리스트),중소기업은행,중소기업은행 용산,지점,금융위원회,기타공공기관,서울특별시 용산구 한강대로 264-1,02-792-0073,-,0505-075-0057,-,-,-
중앙/지방(기관리스트),중소기업은행,중소기업은행 용산전자,지점,금융위원회,기타공공기관,서울특별시 용산구 청파로20길 34 선인상가,02-703-2146,-,0505-075-0284,-,-,-
중앙/지방(기관리스트),중소기업은행,중소기업은행 용산중앙,지점,금융위원회,기타공공기관,서울특별시 용산구 녹사평대로 240,02-793-9833,-,0505-075-0058,-,-,-
중앙/지방(기관리스트),중소기업은행,중소기업은행 용인,지점,금융위원회,기타공공기관,경기도 용인시 처인구 금령로 64,031-336-8324,-,0505-075-0239,-,-,-
중앙/지방(기관리스트),중소기업은행,중소기업은행 용인동백,지점,금융위원회,기타공공기관,경기도 용인시 기흥구 구성로 357 용인테크노밸리,031-693-6963,-,0505-075-0505,-,-,-
중앙/지방(기관리스트),중소기업은행,중소기업은행 용인서천동,지점,금융위원회,기타공공기관,경기도 용인시 기흥구 서천로127번길 3-3,031-273-7095,-,0505-075-0556,-,-,-
중앙/지방(기관리스트),중소기업은행,중소기업은행 우장산역,지점,금융위원회,기타공공기관,"서울특별시 강서구 강서로 242 (화곡동, 강서힐스테이트) 기업은행 우장산역지점",02-2699-1703,-,0505-075-0501,-,-,-
중앙/지방(기관리스트),중소기업은행,중소기업은행 울산,지점,금융위원회,기타공공기관,울산광역시 남구 중앙로 248,052-272-1803,-,0505-075-0172,-,-,-
중앙/지방(기관리스트),중소기업은행,중소기업은행 울산WM센터,지점,금융위원회,기타공공기관,울산광역시 남구 삼산로 205 4층,052-256-7951,-,0505-075-0848,-,-,-
중앙/지방(기관리스트),중소기업은행,중소기업은행 울산공업탑,지점,금융위원회,기타공공기관,울산광역시 남구 문수로 482,052-220-9941,-,0505-075-1023,-,-,-
중앙/지방(기관리스트),중소기업은행,중소기업은행 울산남외동,지점,금융위원회,기타공공기관,울산광역시 중구 번영로 590,052-293-2683,-,0505-075-0934,-,-,-
중앙/지방(기관리스트),중소기업은행,중소기업은행 울산무거동,지점,금융위원회,기타공공기관,울산광역시 남구 북부순환도로 45,052-222-6142,-,0505-075-0533,-,-,-
중앙/지방(기관리스트),중소기업은행,중소기업은행 울산송정,지점,금융위원회,기타공공기관,울산광역시 북구 화산로 109,052-287-7452,-,0505-075-0392,-,-,-
중앙/지방(기관리스트),중소기업은행,중소기업은행 울산중앙,지점,금융위원회,기타공공기관,울산광역시 남구 삼산로 205,052-271-2067,-,0505-075-0346,-,-,-
중앙/지방(기관리스트),중소기업은행,중소기업은행 울산호계,지점,금융위원회,기타공공기관,울산광역시 북구 호계로 332-1,052-286-7904,-,0505-075-0601,-,-,-
중앙/지방(기관리스트),중소기업은행,중소기업은행 웅상공단,지점,금융위원회,기타공공기관,경상남도 양산시 삼호1길 59,055-363-2173,-,0505-075-0560,-,-,-
중앙/지방(기관리스트),중소기업은행,중소기업은행 워커힐,지점,금융위원회,기타공공기관,서울특별시 광진구 아차산로 635 워커힐아파트 상가 1층,02-458-1432,-,0505-075-0028,-,-,-
중앙/지방(기관리스트),중소기업은행,중소기업은행 원종동,지점,금융위원회,기타공공기관,경기도 부천시 소사로 708,032-676-8818,-,0505-075-0258,-,-,-
중앙/지방(기관리스트),중소기업은행,중소기업은행 원주,지점,금융위원회,기타공공기관,강원도 원주시 원일로 107,033-742-3103,-,0505-075-0128,-,-,-
중앙/지방(기관리스트),중소기업은행,중소기업은행 원천동,지점,금융위원회,기타공공기관,경기도 수원시 영통구 신원로 306,031-216-4211,-,0505-075-0336,-,-,-
중앙/지방(기관리스트),중소기업은행,중소기업은행 원효로,지점,금융위원회,기타공공기관,서울특별시 용산구 원효로 142,02-706-6682,-,0505-075-0534,-,-,-
중앙/지방(기관리스트),중소기업은행,중소기업은행 월배,지점,금융위원회,기타공공기관,대구광역시 달서구 월배로 138,053-634-9870,-,0505-075-0330,-,-,-
중앙/지방(기관리스트),중소기업은행,중소기업은행 위례,지점,금융위원회,기타공공기관,경기도 성남시 수정구 위례광장로 104 한화오벨리스크 센트럴스퀘어,031-725-8901,-,0505-075-0992,-,-,-
중앙/지방(기관리스트),중소기업은행,중소기업은행 유성,지점,금융위원회,기타공공기관,대전광역시 유성구 계룡로 114,042-826-8143,-,0505-075-0572,-,-,-
중앙/지방(기관리스트),중소기업은행,중소기업은행 을지6가,지점,금융위원회,기타공공기관,서울특별시 중구 장충단로 263 밀리오레상가 지하1층,02-2264-4305,-,0505-075-0031,-,-,-
중앙/지방(기관리스트),중소기업은행,중소기업은행 을지로,지점,금융위원회,기타공공기관,서울특별시 중구 마른내로 72,02-2266-4196,-,0505-075-0034,-,-,-
중앙/지방(기관리스트),중소기업은행,중소기업은행 음성,지점,금융위원회,기타공공기관,충청북도 음성군 대소면 대금로 286,043-881-8100,-,0505-075-0511,-,-,-
중앙/지방(기관리스트),중소기업은행,중소기업은행 응암동,지점,금융위원회,기타공공기관,서울특별시 은평구 은평로 210,02-382-2259,-,0505-075-0301,-,-,-
중앙/지방(기관리스트),중소기업은행,중소기업은행 의왕,지점,금융위원회,기타공공기관,경기도 의왕시 경수대로 257,031-450-6602,-,0505-075-0486,-,-,-
중앙/지방(기관리스트),중소기업은행,중소기업은행 의정부,지점,금융위원회,기타공공기관,경기도 의정부시 시민로 21,031-850-4311,-,0505-075-0112,-,-,-
중앙/지방(기관리스트),중소기업은행,중소기업은행 이동점포(U-IBK 2호),지점,금융위원회,기타공공기관,서울특별시 중구 을지로 79 (을지로2가) 기업은행 이동점포(U-IBK 2호),02-729-6566,-,0505-075-0676,-,-,-
중앙/지방(기관리스트),중소기업은행,중소기업은행 이동점포(U-IBK 3호),지점,금융위원회,기타공공기관,서울특별시 중구 을지로 79 (을지로2가) 기업은행 이동점포(U-IBK 3호),02-729-6566,-,0505-075-0956,-,-,-
중앙/지방(기관리스트),중소기업은행,중소기업은행 이수역,지점,금융위원회,기타공공기관,서울특별시 서초구 동작대로 134 가나안빌딩,02-596-0462,-,0505-075-0302,-,-,-
중앙/지방(기관리스트),중소기업은행,중소기업은행 이천,지점,금융위원회,기타공공기관,경기도 이천시 이섭대천로 1334,031-632-0773,-,0505-075-0241,-,-,-
중앙/지방(기관리스트),중소기업은행,중소기업은행 이태원,지점,금융위원회,기타공공기관,서울특별시 용산구 이태원로27나길 40 2층,02-796-1583,-,0505-075-0056,-,-,-
중앙/지방(기관리스트),중소기업은행,중소기업은행 익산,지점,금융위원회,기타공공기관,전라북도 익산시 무왕로 1195 2층,063-832-6907,-,0505-075-0182,-,-,-
중앙/지방(기관리스트),중소기업은행,중소기업은행 익산중앙,지점,금융위원회,기타공공기관,전라북도 익산시 익산대로16길 23 (창인동1가) 기업은행 익산중앙지점,063-858-9937,-,0505-075-0438,-,-,-
중앙/지방(기관리스트),중소기업은행,중소기업은행 인덕원,지점,금융위원회,기타공공기관,경기도 안양시 동안구 흥안대로 533,031-424-3723,-,0505-075-0109,-,-,-
중앙/지방(기관리스트),중소기업은행,중소기업은행 인사동,지점,금융위원회,기타공공기관,서울특별시 종로구 인사동5길 25,02-739-5583,-,0505-075-0024,-,-,-
중앙/지방(기관리스트),중소기업은행,중소기업은행 인천,지점,금융위원회,기타공공기관,인천광역시 중구 개항로 35,032-764-5083,-,0505-075-0116,-,-,-
중앙/지방(기관리스트),중소기업은행,중소기업은행 인천논현,지점,금융위원회,기타공공기관,인천광역시 남동구 논고개로123번길 35,032-438-7713,-,0505-075-0566,-,-,-
중앙/지방(기관리스트),중소기업은행,중소기업은행 인천북항,지점,금융위원회,기타공공기관,인천광역시 서구 북항로32번안길 8,032-560-6951,-,0505-075-0993,-,-,-
중앙/지방(기관리스트),중소기업은행,중소기업은행 인천삼산,지점,금융위원회,기타공공기관,인천광역시 부평구 길주로 623,032-363-2163,-,0505-075-0628,-,-,-
중앙/지방(기관리스트),중소기업은행,중소기업은행 인천서구청역,지점,금융위원회,기타공공기관,인천광역시 서구 서곶로 293,032-561-1617,-,0505-075-0351,-,-,-
중앙/지방(기관리스트),중소기업은행,중소기업은행 인천서부산단,지점,금융위원회,기타공공기관,인천광역시 서구 호두산로 92 인천서부산업단지관리공단,032-590-5301,-,0505-075-0968,-,-,-
중앙/지방(기관리스트),중소기업은행,중소기업은행 인천원당,지점,금융위원회,기타공공기관,인천광역시 서구 원당대로 852,032-569-0903,-,0505-075-0490,-,-,-
중앙/지방(기관리스트),중소기업은행,중소기업은행 인천청라,지점,금융위원회,기타공공기관,인천광역시 서구 청라커낼로 252 청라롯데캐슬상가 C동,032-590-0602,-,0505-075-0955,-,-,-
중앙/지방(기관리스트),중소기업은행,중소기업은행 인천항,지점,금융위원회,기타공공기관,인천광역시 중구 서해대로 296,032-889-1291,-,0505-075-0923,-,-,-
중앙/지방(기관리스트),중소기업은행,중소기업은행 일곡,지점,금융위원회,기타공공기관,광주광역시 북구 설죽로 500,062-572-6446,-,0505-075-0298,-,-,-
중앙/지방(기관리스트),중소기업은행,중소기업은행 일산MBC드림센터(출),지점,금융위원회,기타공공기관,경기도 고양시 일산동구 호수로 596 일산MBC드림센터 1층,031-907-3903,-,0505-075-0624,-,-,-
중앙/지방(기관리스트),중소기업은행,중소기업은행 일산WM센터,지점,금융위원회,기타공공기관,경기도 고양시 일산동구 중앙로 1168 아주빌딩 4층,031-960-4710,-,0505-075-0996,-,-,-
중앙/지방(기관리스트),중소기업은행,중소기업은행 일산덕이,지점,금융위원회,기타공공기관,경기도 고양시 일산서구 경의로 886,031-810-1102,-,0505-075-0458,-,-,-
중앙/지방(기관리스트),중소기업은행,중소기업은행 일산마두,지점,금융위원회,기타공공기관,경기도 고양시 일산동구 중앙로 1168,031-906-5702,-,0505-075-0377,-,-,-
중앙/지방(기관리스트),중소기업은행,중소기업은행 일산병원(출),지점,금융위원회,기타공공기관,경기도 고양시 일산동구 일산로 100 일산병원 지하1층,031-906-5713,-,0505-075-0527,-,-,-
중앙/지방(기관리스트),중소기업은행,중소기업은행 일산성석,지점,금융위원회,기타공공기관,경기도 고양시 일산동구 성현로 163,031-977-9502,-,0505-075-0642,-,-,-
중앙/지방(기관리스트),중소기업은행,중소기업은행 일산웨스턴돔,지점,금융위원회,기타공공기관,경기도 고양시 일산동구 정발산로 24 웨스턴돔 A동 207호,031-931-5202,-,0505-075-0555,-,-,-
중앙/지방(기관리스트),중소기업은행,중소기업은행 일산장항,지점,금융위원회,기타공공기관,경기도 고양시 일산동구 장항로 291,031-905-0951,-,0505-075-0452,-,-,-
중앙/지방(기관리스트),중소기업은행,중소기업은행 일산주엽,지점,금융위원회,기타공공기관,경기도 고양시 일산서구 중앙로 1406,031-922-3202,-,0505-075-0395,-,-,-
중앙/지방(기관리스트),중소기업은행,중소기업은행 일산중앙,지점,금융위원회,기타공공기관,경기도 고양시 일산동구 중앙로 1317,031-932-2792,-,0505-075-0466,-,-,-
중앙/지방(기관리스트),중소기업은행,중소기업은행 일산풍동,지점,금융위원회,기타공공기관,경기도 고양시 일산동구 숲속마을로 44,031-932-8446,-,0505-075-0521,-,-,-
중앙/지방(기관리스트),중소기업은행,중소기업은행 작전역,지점,금융위원회,기타공공기관,인천광역시 계양구 계양대로 82,032-542-1243,-,0505-075-0231,-,-,-
중앙/지방(기관리스트),중소기업은행,중소기업은행 잠실,지점,금융위원회,기타공공기관,서울특별시 송파구 오금로 91,02-418-4922,-,0505-075-0062,-,-,-
중앙/지방(기관리스트),중소기업은행,중소기업은행 잠실엘스,지점,금융위원회,기타공공기관,서울특별시 송파구 올림픽로 119 파인애플상가 2층,02-421-0724,-,0505-075-0069,-,-,-
중앙/지방(기관리스트),중소기업은행,중소기업은행 장림동,지점,금융위원회,기타공공기관,부산광역시 사하구 장림번영로 44,051-264-7013,-,0505-075-0288,-,-,-
중앙/지방(기관리스트),중소기업은행,중소기업은행 장산역,지점,금융위원회,기타공공기관,부산광역시 해운대구 세실로 64 2층,051-703-4295,-,0505-075-0384,-,-,-
중앙/지방(기관리스트),중소기업은행,중소기업은행 장안구청(출),지점,금융위원회,기타공공기관,경기도 수원시 장안구 송원로 101 장안구청內,031-251-4041,-,0505-075-0349,-,-,-
중앙/지방(기관리스트),중소기업은행,중소기업은행 장안동,지점,금융위원회,기타공공기관,서울특별시 동대문구 답십리로 276,02-2245-5963,-,0505-075-0019,-,-,-
중앙/지방(기관리스트),중소기업은행,중소기업은행 장위동,지점,금융위원회,기타공공기관,서울특별시 성북구 화랑로 237,02-915-4133,-,0505-075-0010,-,-,-
중앙/지방(기관리스트),중소기업은행,중소기업은행 장한평역,지점,금융위원회,기타공공기관,서울특별시 성동구 자동차시장1길 73 부라다빌딩,02-2249-6297,-,0505-075-0029,-,-,-
중앙/지방(기관리스트),중소기업은행,중소기업은행 전주,지점,금융위원회,기타공공기관,전라북도 전주시 완산구 팔달로 163,063-284-6823,-,0505-075-0181,-,-,-
중앙/지방(기관리스트),중소기업은행,중소기업은행 전주서신동,지점,금융위원회,기타공공기관,전라북도 전주시 완산구 온고을로 29,063-273-9661,-,0505-075-0506,-,-,-
중앙/지방(기관리스트),중소기업은행,중소기업은행 정관,지점,금융위원회,기타공공기관,부산광역시 기장군 정관읍 산단1로 98-5,051-727-8343,-,0505-075-0495,-,-,-
중앙/지방(기관리스트),중소기업은행,중소기업은행 정왕동,지점,금융위원회,기타공공기관,경기도 시흥시 마유로 320,031-433-8338,-,0505-075-0900,-,-,-
중앙/지방(기관리스트),중소기업은행,중소기업은행 정읍,지점,금융위원회,기타공공기관,전라북도 정읍시 중앙로 72,063-531-4114,-,0505-075-0184,-,-,-
중앙/지방(기관리스트),중소기업은행,중소기업은행 제주,지점,금융위원회,기타공공기관,제주도 제주시 중앙로 286,064-722-4185,-,0505-075-0198,-,-,-
중앙/지방(기관리스트),중소기업은행,중소기업은행 제천,지점,금융위원회,기타공공기관,충청북도 제천시 의림대로 254,043-644-3103,-,0505-075-0136,-,-,-
중앙/지방(기관리스트),중소기업은행,중소기업은행 조치원,지점,금융위원회,기타공공기관,세종특별자치시 조치원읍 새내14길 7,044-866-0074,-,0505-075-0396,-,-,-
중앙/지방(기관리스트),중소기업은행,중소기업은행 종로,지점,금융위원회,기타공공기관,서울특별시 종로구 종로 104,02-2273-9212,-,0505-075-0023,-,-,-
중앙/지방(기관리스트),중소기업은행,중소기업은행 종로6가,지점,금융위원회,기타공공기관,서울특별시 종로구 종로 266,02-2265-3695,-,0505-075-0022,-,-,-
중앙/지방(기관리스트),중소기업은행,중소기업은행 종암동,지점,금융위원회,기타공공기관,서울특별시 성북구 종암로 108,02-913-0773,-,0505-075-0011,-,-,-
중앙/지방(기관리스트),중소기업은행,중소기업은행 주안,지점,금융위원회,기타공공기관,인천광역시 미추홀구 주염로 58,032-865-8593,-,0505-075-0273,-,-,-
중앙/지방(기관리스트),중소기업은행,중소기업은행 주안공단사랑,지점,금융위원회,기타공공기관,인천광역시 부평구 백범로577번길 20 (십정동) 기업은행 주안공단사랑지점,032-578-5984,-,0505-075-0115,-,-,-
중앙/지방(기관리스트),중소기업은행,중소기업은행 주안공단희망,지점,금융위원회,기타공공기관,인천광역시 부평구 백범로577번길 20 (십정동) 기업은행 주안공단희망지점,032-570-9211,-,0505-075-0994,-,-,-
중앙/지방(기관리스트),중소기업은행,중소기업은행 죽전,지점,금융위원회,기타공공기관,경기도 용인시 기흥구 죽전로 47,031-896-4132,-,0505-075-0481,-,-,-
중앙/지방(기관리스트),중소기업은행,중소기업은행 죽전동,지점,금융위원회,기타공공기관,대구광역시 달서구 와룡로 268 (죽전동) 기업은행 죽전동지점,053-559-2123,-,0505-075-0150,-,-,-
중앙/지방(기관리스트),중소기업은행,중소기업은행 중계동WM센터,지점,금융위원회,기타공공기관,서울특별시 노원구 중계로 206,02-939-3585,-,0505-075-0502,-,-,-
중앙/지방(기관리스트),중소기업은행,중소기업은행 중곡동,지점,금융위원회,기타공공기관,서울특별시 광진구 천호대로 579,02-446-8593,-,0505-075-0025,-,-,-
중앙/지방(기관리스트),중소기업은행,중소기업은행 중화동,지점,금융위원회,기타공공기관,서울특별시 중랑구 동일로 847,02-976-8886,-,0505-075-0212,-,-,-
중앙/지방(기관리스트),중소기업은행,중소기업은행 지사공단,지점,금융위원회,기타공공기관,부산광역시 강서구 과학산단1로60번길 32,051-941-4324,-,0505-075-0542,-,-,-
중앙/지방(기관리스트),중소기업은행,중소기업은행 진접,지점,금융위원회,기타공공기관,경기도 남양주시 진접읍 해밀예당1로 36 래일스타빌딩 2층,031-527-0082,-,0505-075-0523,-,-,-
중앙/지방(기관리스트),중소기업은행,중소기업은행 진주,지점,금융위원회,기타공공기관,경상남도 진주시 진주대로 1052,055-741-2033,-,0505-075-0174,-,-,-
중앙/지방(기관리스트),중소기업은행,중소기업은행 진주상평,지점,금융위원회,기타공공기관,경상남도 진주시 대신로 310,055-758-2289,-,0505-075-0286,-,-,-
중앙/지방(기관리스트),중소기업은행,중소기업은행 진천,지점,금융위원회,기타공공기관,충청북도 진천군 진천읍 중앙북1길 3,043-537-9113,-,0505-075-0619,-,-,-
중앙/지방(기관리스트),중소기업은행,중소기업은행 창원,지점,금융위원회,기타공공기관,경상남도 창원시 성산구 용지로 38,055-285-7713,-,0505-075-0177,-,-,-
중앙/지방(기관리스트),중소기업은행,중소기업은행 창원WM센터,지점,금융위원회,기타공공기관,경상남도 창원시 성산구 용지로 38,055-289-1173,-,0505-075-0847,-,-,-
중앙/지방(기관리스트),중소기업은행,중소기업은행 창원공단,지점,금융위원회,기타공공기관,경상남도 창원시 의창구 창원대로363번길 22-57,055-276-9254,-,0505-075-0522,-,-,-
중앙/지방(기관리스트),중소기업은행,중소기업은행 창원대로,지점,금융위원회,기타공공기관,경상남도 창원시 의창구 차룡로 48번길 44 스마트업타워,055-250-0920,-,0505-075-1046,-,-,-
중앙/지방(기관리스트),중소기업은행,중소기업은행 창원상남,지점,금융위원회,기타공공기관,경상남도 창원시 성산구 마디미서로 54,055-261-4163,-,0505-075-0680,-,-,-
중앙/지방(기관리스트),중소기업은행,중소기업은행 창원중앙,지점,금융위원회,기타공공기관,경상남도 창원시 성산구 중앙대로 42,055-260-9951,-,0505-075-1016,-,-,-
중앙/지방(기관리스트),중소기업은행,중소기업은행 천안,지점,금융위원회,기타공공기관,충청남도 천안시 동남구 버들로 16,041-551-2107,-,0505-075-0144,-,-,-
중앙/지방(기관리스트),중소기업은행,중소기업은행 천안WM센터,지점,금융위원회,기타공공기관,충청남도 아산시 배방읍 고속철대로 151 3층,041-539-5601,-,0505-075-1005,-,-,-
중앙/지방(기관리스트),중소기업은행,중소기업은행 천안불당,지점,금융위원회,기타공공기관,충청남도 천안시 서북구 불당21로 67-12,041-569-2300,-,0505-075-0489,-,-,-
중앙/지방(기관리스트),중소기업은행,중소기업은행 천안산단,지점,금융위원회,기타공공기관,충청남도 천안시 서북구 업성3길 7,041-620-4991,-,0505-075-1038,-,-,-
중앙/지방(기관리스트),중소기업은행,중소기업은행 천안쌍용,지점,금융위원회,기타공공기관,충청남도 천안시 서북구 봉명로 34,041-571-3350,-,0505-075-0361,-,-,-
중앙/지방(기관리스트),중소기업은행,중소기업은행 천안아산역,지점,금융위원회,기타공공기관,충청남도 천안시 서북구 광장로 215 충남경제종합지원센터,041-567-6163,-,0505-075-0665,-,-,-
중앙/지방(기관리스트),중소기업은행,중소기업은행 천안중앙,지점,금융위원회,기타공공기관,충청남도 천안시 서북구 쌍용대로 234,041-592-4703,-,0505-075-0462,-,-,-
중앙/지방(기관리스트),중소기업은행,중소기업은행 천안청수,지점,금융위원회,기타공공기관,충청남도 천안시 동남구 청수14로 102,041-589-2601,-,0505-075-1039,-,-,-
중앙/지방(기관리스트),중소기업은행,중소기업은행 천천동(출),지점,금융위원회,기타공공기관,경기도 수원시 장안구 덕영대로 559,031-248-8902,-,0505-075-0503,-,-,-
중앙/지방(기관리스트),중소기업은행,중소기업은행 천호동,지점,금융위원회,기타공공기관,서울특별시 강동구 천호대로 1033,02-479-0916,-,0505-075-0060,-,-,-
중앙/지방(기관리스트),중소기업은행,중소기업은행 청계5가,지점,금융위원회,기타공공기관,서울특별시 중구 청계천로 206-1,02-2273-3893,-,0505-075-0032,-,-,-
중앙/지방(기관리스트),중소기업은행,중소기업은행 청계7가,지점,금융위원회,기타공공기관,서울특별시 중구 청계천로 400 롯데캐슬베네치아 A블럭,02-2231-8113,-,0505-075-0086,-,-,-
중앙/지방(기관리스트),중소기업은행,중소기업은행 청계8가,지점,금융위원회,기타공공기관,서울특별시 동대문구 청계천로 471,02-2294-3423,-,0505-075-0039,-,-,-
중앙/지방(기관리스트),중소기업은행,중소기업은행 청담동,지점,금융위원회,기타공공기관,서울특별시 강남구 도산대로 446 경원오피스텔,02-515-1853,-,0505-075-0244,-,-,-
중앙/지방(기관리스트),중소기업은행,중소기업은행 청량리,지점,금융위원회,기타공공기관,서울특별시 동대문구 홍릉로 1,02-966-8917,-,0505-075-0017,-,-,-
중앙/지방(기관리스트),중소기업은행,중소기업은행 청주,지점,금융위원회,기타공공기관,충청북도 청주시 흥덕구 1순환로 598,043-272-6273,-,0505-075-0293,-,-,-
중앙/지방(기관리스트),중소기업은행,중소기업은행 청주산남,지점,금융위원회,기타공공기관,충청북도 청주시 서원구 산남로 32,043-253-6263,-,0505-075-0134,-,-,-
중앙/지방(기관리스트),중소기업은행,중소기업은행 청주율량,지점,금융위원회,기타공공기관,충청북도 청주시 청원구 충청대로 114 그랜드플라자청주호텔,043-299-1900,-,0505-075-1036,-,-,-
중앙/지방(기관리스트),중소기업은행,중소기업은행 청천동,지점,금융위원회,기타공공기관,인천광역시 부평구 마장로 406,032-529-1451,-,0505-075-0123,-,-,-
중앙/지방(기관리스트),중소기업은행,중소기업은행 초읍동,지점,금융위원회,기타공공기관,부산광역시 부산진구 성지로 94,051-809-7328,-,0505-075-0196,-,-,-
중앙/지방(기관리스트),중소기업은행,중소기업은행 춘의테크노,지점,금융위원회,기타공공기관,경기도 부천시 부천로198번길 18,032-623-0792,-,0505-075-0296,-,-,-
중앙/지방(기관리스트),중소기업은행,중소기업은행 춘천,지점,금융위원회,기타공공기관,강원도 춘천시 금강로 45,033-242-5133,-,0505-075-0126,-,-,-
중앙/지방(기관리스트),중소기업은행,중소기업은행 충주,지점,금융위원회,기타공공기관,충청북도 충주시 중앙로 70,043-843-2023,-,0505-075-0135,-,-,-
중앙/지방(기관리스트),중소기업은행,중소기업은행 칠곡,지점,금융위원회,기타공공기관,대구광역시 북구 칠곡중앙대로 411 스카이빌딩,053-314-9890,-,0505-075-0530,-,-,-
중앙/지방(기관리스트),중소기업은행,중소기업은행 태전동,지점,금융위원회,기타공공기관,경기도 광주시 고불로 90,031-798-8224,-,0505-075-0612,-,-,-
중앙/지방(기관리스트),중소기업은행,중소기업은행 테헤란로,지점,금융위원회,기타공공기관,서울특별시 강남구 테헤란로 132 한독약품 1층,02-553-1315,-,0505-075-0054,-,-,-
중앙/지방(기관리스트),중소기업은행,중소기업은행 테헤란로중앙,지점,금융위원회,기타공공기관,서울특별시 강남구 테헤란로 416,02-2052-0172,-,0505-075-0477,-,-,-
중앙/지방(기관리스트),중소기업은행,중소기업은행 통영,지점,금융위원회,기타공공기관,경상남도 통영시 정동2길 63,055-644-4304,-,0505-075-0175,-,-,-
중앙/지방(기관리스트),중소기업은행,중소기업은행 퇴계로,지점,금융위원회,기타공공기관,서울특별시 중구 퇴계로 235 남산센트럴자이 B동 2층,02-2267-9616,-,0505-075-0033,-,-,-
중앙/지방(기관리스트),중소기업은행,중소기업은행 파주,지점,금융위원회,기타공공기관,경기도 파주시 중앙로 328 MH타워 2층,031-944-4325,-,0505-075-0289,-,-,-
중앙/지방(기관리스트),중소기업은행,중소기업은행 파주광탄,지점,금융위원회,기타공공기관,경기도 파주시 광탄면 혜음로1141번길 3,031-8071-1503,-,0505-075-0563,-,-,-
중앙/지방(기관리스트),중소기업은행,중소기업은행 파주교하,지점,금융위원회,기타공공기관,경기도 파주시 청석로 272,031-949-8693,-,0505-075-0499,-,-,-
중앙/지방(기관리스트),중소기업은행,중소기업은행 파주운정,지점,금융위원회,기타공공기관,경기도 파주시 미래로 610 메디컬프라자,031-8071-5324,-,0505-075-0688,-,-,-
중앙/지방(기관리스트),중소기업은행,중소기업은행 파주출판도시(출),지점,금융위원회,기타공공기관,경기도 파주시 회동길 145,031-957-2837,-,0505-075-0496,-,-,-
중앙/지방(기관리스트),중소기업은행,중소기업은행 파주헤이리,지점,금융위원회,기타공공기관,경기도 파주시 탄현면 평화로 885-24,031-8071-3473,-,0505-075-0621,-,-,-
중앙/지방(기관리스트),중소기업은행,중소기업은행 판교WM센터,지점,금융위원회,기타공공기관,경기도 성남시 분당구 대왕판교로 660 유스페이스 3층,031-776-1401,-,0505-075-1004,-,-,-
중앙/지방(기관리스트),중소기업은행,중소기업은행 판교제2테크노밸리,지점,금융위원회,기타공공기관,경기도 성남시 수정구 창업로 54 판교2제테크노밸리 기업성장센터,031-730-9990,-,0505-075-1037,-,-,-
중앙/지방(기관리스트),중소기업은행,중소기업은행 판교테크노밸리,지점,금융위원회,기타공공기관,경기도 성남시 분당구 대왕판교로 660 유스페이스1 A동,031-783-0870,-,0505-075-0932,-,-,-
중앙/지방(기관리스트),중소기업은행,중소기업은행 팔달구청(출),지점,금융위원회,기타공공기관,경기도 수원시 팔달구 창룡대로 23 팔달구청內,031-248-3181,-,0505-075-0350,-,-,-
중앙/지방(기관리스트),중소기업은행,중소기업은행 팔용동,지점,금융위원회,기타공공기관,경상남도 창원시 의창구 팔용로 420,055-299-8502,-,0505-075-0312,-,-,-
중앙/지방(기관리스트),중소기업은행,중소기업은행 평동공단,지점,금융위원회,기타공공기관,광주광역시 광산구 평동산단로 209,062-946-1642,-,0505-075-0546,-,-,-
중앙/지방(기관리스트),중소기업은행,중소기업은행 평리동,지점,금융위원회,기타공공기관,대구광역시 서구 서대구로 206,053-559-5981,-,0505-075-0162,-,-,-
중앙/지방(기관리스트),중소기업은행,중소기업은행 평촌,지점,금융위원회,기타공공기관,경기도 안양시 동안구 시민대로 290,031-386-0963,-,0505-075-0232,-,-,-
중앙/지방(기관리스트),중소기업은행,중소기업은행 평촌IT,지점,금융위원회,기타공공기관,경기도 안양시 동안구 학의로 282 금강펜테리움 IT타워,031-463-4133,-,0505-075-0931,-,-,-
중앙/지방(기관리스트),중소기업은행,중소기업은행 평촌WM센터,지점,금융위원회,기타공공기관,경기도 안양시 동안구 시민대로 290 2층,031-478-7770,-,0505-075-1035,-,-,-
중앙/지방(기관리스트),중소기업은행,중소기업은행 평촌기업스마트,지점,금융위원회,기타공공기관,경기도 안양시 동안구 벌말로 66,031-478-7790,-,0505-075-1040,-,-,-
중앙/지방(기관리스트),중소기업은행,중소기업은행 평촌남,지점,금융위원회,기타공공기관,경기도 안양시 동안구 흥안대로 415,031-478-5792,-,0505-075-0512,-,-,-
중앙/지방(기관리스트),중소기업은행,중소기업은행 평촌아크로타워,지점,금융위원회,기타공공기관,경기도 안양시 동안구 시민대로 230 대림아크로타워 2층,031-478-7802,-,0505-075-0548,-,-,-
중앙/지방(기관리스트),중소기업은행,중소기업은행 평촌중앙,지점,금융위원회,기타공공기관,경기도 안양시 동안구 시민대로 260,031-478-7781,-,0505-075-1015,-,-,-
중앙/지방(기관리스트),중소기업은행,중소기업은행 평촌테크노,지점,금융위원회,기타공공기관,경기도 안양시 동안구 시민대로 401,031-426-2564,-,0505-075-0696,-,-,-
중앙/지방(기관리스트),중소기업은행,중소기업은행 평택,지점,금융위원회,기타공공기관,경기도 평택시 중앙로 15,031-655-9133,-,0505-075-0118,-,-,-
중앙/지방(기관리스트),중소기업은행,중소기업은행 평택비전동,지점,금융위원회,기타공공기관,경기도 평택시 경기대로 271,031-658-6192,-,0505-075-0587,-,-,-
중앙/지방(기관리스트),중소기업은행,중소기업은행 포승공단,지점,금융위원회,기타공공기관,경기도 평택시 포승읍 평택항로 180,031-686-5803,-,0505-075-0476,-,-,-
중앙/지방(기관리스트),중소기업은행,중소기업은행 포천,지점,금융위원회,기타공공기관,경기도 포천시 중앙로 139,031-535-8993,-,0505-075-0299,-,-,-
중앙/지방(기관리스트),중소기업은행,중소기업은행 포항,지점,금융위원회,기타공공기관,경상북도 포항시 북구 중앙로 265,054-247-2306,-,0505-075-0158,-,-,-
중앙/지방(기관리스트),중소기업은행,중소기업은행 포항공단,지점,금융위원회,기타공공기관,경상북도 포항시 남구 철강로 362,054-278-4623,-,0505-075-0531,-,-,-
중앙/지방(기관리스트),중소기업은행,중소기업은행 포항남,지점,금융위원회,기타공공기관,경상북도 포항시 남구 포스코대로 369,054-281-1658,-,0505-075-0280,-,-,-
중앙/지방(기관리스트),중소기업은행,중소기업은행 하남,지점,금융위원회,기타공공기관,경기도 하남시 하남대로 843,031-796-1105,-,0505-075-0398,-,-,-
중앙/지방(기관리스트),중소기업은행,중소기업은행 하남공단,지점,금융위원회,기타공공기관,광주광역시 광산구 하남산단8번로 169,062-958-5902,-,0505-075-0408,-,-,-
중앙/지방(기관리스트),중소기업은행,중소기업은행 하남공단기업금융,지점,금융위원회,기타공공기관,"광주광역시 광산구 하남산단8번로 169 (도천동) 2층, 기업은행 하남공단기업금융지점",062-610-3691,-,0505-075-1021,-,-,-
중앙/지방(기관리스트),중소기업은행,중소기업은행 하남센텀,지점,금융위원회,기타공공기관,경기도 하남시 조정대로 45 미즈센텀비즈,031-728-7601,-,0505-075-0954,-,-,-
중앙/지방(기관리스트),중소기업은행,중소기업은행 하남풍산,지점,금융위원회,기타공공기관,경기도 하남시 조정대로 150 ITECO,031-790-4072,-,0505-075-0699,-,-,-
중앙/지방(기관리스트),중소기업은행,중소기업은행 하단역,지점,금융위원회,기타공공기관,부산광역시 사하구 낙동남로 1400,051-291-8361,-,0505-075-0103,-,-,-
중앙/지방(기관리스트),중소기업은행,중소기업은행 하안동,지점,금융위원회,기타공공기관,경기도 광명시 하안로 287 (하안동) 기업은행 하안동지점,02-894-7672,-,0505-075-0306,-,-,-
중앙/지방(기관리스트),중소기업은행,중소기업은행 학동역,지점,금융위원회,기타공공기관,서울특별시 강남구 학동로 177 태석빌딩,02-3448-0833,-,0505-075-0551,-,-,-
중앙/지방(기관리스트),중소기업은행,중소기업은행 학장동,지점,금융위원회,기타공공기관,부산광역시 사상구 학장로 187,051-325-8004,-,0505-075-0195,-,-,-
중앙/지방(기관리스트),중소기업은행,중소기업은행 한국기술센터(출),지점,금융위원회,기타공공기관,서울특별시 강남구 테헤란로 305,02-6009-3400,-,0505-075-0449,-,-,-
중앙/지방(기관리스트),중소기업은행,중소기업은행 한국산업기술대(출),지점,금융위원회,기타공공기관,경기도 시흥시 산기대학로 237 (정왕동) 기업은행 한국산업기술대(출),031-8041-1801,-,0505-075-0539,-,-,-
중앙/지방(기관리스트),중소기업은행,중소기업은행 한국산업단지공단(출),지점,금융위원회,기타공공기관,대구광역시 동구 첨단로 39 (신서동) 기업은행 한국산업단지공단(출),053-960-3901,-,0505-075-0962,-,-,-
중앙/지방(기관리스트),중소기업은행,중소기업은행 한남동WM센터,지점,금융위원회,기타공공기관,서울특별시 용산구 한남대로 72,02-3425-4033,-,0505-075-0855,-,-,-
중앙/지방(기관리스트),중소기업은행,중소기업은행 한성대학교(출),지점,금융위원회,기타공공기관,서울특별시 성북구 삼선교로16길 116 한성대학교內,02-745-2611,-,0505-075-0689,-,-,-
중앙/지방(기관리스트),중소기업은행,중소기업은행 한티역,지점,금융위원회,기타공공기관,서울특별시 강남구 선릉로 332,02-508-3983,-,0505-075-0343,-,-,-
중앙/지방(기관리스트),중소기업은행,중소기업은행 해운대역,지점,금융위원회,기타공공기관,부산광역시 해운대구 해운대로 601 에이치스위트 2층,051-744-7184,-,0505-075-0602,-,-,-
중앙/지방(기관리스트),중소기업은행,중소기업은행 행신동,지점,금융위원회,기타공공기관,"경기도 고양시 덕양구 행신로 266 (행신동) 2층, 기업은행 행신동지점",031-978-8591,-,0505-075-0924,-,-,-
중앙/지방(기관리스트),중소기업은행,중소기업은행 호계동,지점,금융위원회,기타공공기관,경기도 안양시 동안구 엘에스로 92,031-479-5003,-,0505-075-0185,-,-,-
중앙/지방(기관리스트),중소기업은행,중소기업은행 호계중앙,지점,금융위원회,기타공공기관,경기도 안양시 동안구 엘에스로 122,031-479-8871,-,0505-075-1013,-,-,-
중앙/지방(기관리스트),중소기업은행,중소기업은행 호서대학교(출),지점,금융위원회,기타공공기관,충청남도 아산시 배방읍 호서로79번길 20,041-549-6911,-,0505-075-0643,-,-,-
중앙/지방(기관리스트),중소기업은행,중소기업은행 호평,지점,금융위원회,기타공공기관,경기도 남양주시 늘을2로14번길 5,031-559-6114,-,0505-075-0492,-,-,-
중앙/지방(기관리스트),중소기업은행,중소기업은행 홍대역,지점,금융위원회,기타공공기관,서울특별시 마포구 양화로 148 4층,02-333-0113,-,0505-075-0208,-,-,-
중앙/지방(기관리스트),중소기업은행,중소기업은행 화성남양,지점,금융위원회,기타공공기관,경기도 화성시 남양읍 시청로 3,031-355-7512,-,0505-075-0450,-,-,-
중앙/지방(기관리스트),중소기업은행,중소기업은행 화성마도,지점,금융위원회,기타공공기관,경기도 화성시 마도면 마도공단로1길 8,031-357-4926,-,0505-075-0557,-,-,-
중앙/지방(기관리스트),중소기업은행,중소기업은행 화성발안,지점,금융위원회,기타공공기관,경기도 화성시 향남읍 삼천병마로 194,031-359-9303,-,0505-075-0465,-,-,-
중앙/지방(기관리스트),중소기업은행,중소기업은행 화성병점,지점,금융위원회,기타공공기관,경기도 화성시 효행로 1041,031-267-3695,-,0505-075-0468,-,-,-
중앙/지방(기관리스트),중소기업은행,중소기업은행 화성봉담,지점,금융위원회,기타공공기관,경기도 화성시 봉담읍 삼천병마로 1268,031-278-2112,-,0505-075-0519,-,-,-
중앙/지방(기관리스트),중소기업은행,중소기업은행 화성송산,지점,금융위원회,기타공공기관,경기도 화성시 송산면 사강로 161,031-8047-5196,-,0505-075-0927,-,-,-
중앙/지방(기관리스트),중소기업은행,중소기업은행 화성시청,지점,금융위원회,기타공공기관,경기도 화성시 남양읍 역골로 9-4,031-210-2931,-,0505-075-1044,-,-,-
중앙/지방(기관리스트),중소기업은행,중소기업은행 화성왕림,지점,금융위원회,기타공공기관,경기도 화성시 봉담읍 삼천병마로 890,031-210-2940,-,0505-075-1045,-,-,-
중앙/지방(기관리스트),중소기업은행,중소기업은행 화성장안,지점,금융위원회,기타공공기관,경기도 화성시 장안면 3.1만세로 365,031-358-8594,-,0505-075-0582,-,-,-
중앙/지방(기관리스트),중소기업은행,중소기업은행 화성정남,지점,금융위원회,기타공공기관,경기도 화성시 정남면 서봉로 1104,031-366-1500,-,0505-075-0504,-,-,-
중앙/지방(기관리스트),중소기업은행,중소기업은행 화성팔탄,지점,금융위원회,기타공공기관,경기도 화성시 팔탄면 푸른들판로 661-3,031-366-3704,-,0505-075-0532,-,-,-
중앙/지방(기관리스트),중소기업은행,중소기업은행 화정역,지점,금융위원회,기타공공기관,경기도 고양시 덕양구 화정로 53,031-968-8413,-,0505-075-0427,-,-,-
중앙/지방(기관리스트),중소기업은행,중소기업은행 회기역(출),지점,금융위원회,기타공공기관,서울특별시 동대문구 망우로 46,02-966-7903,-,0505-075-0016,-,-,-
중앙/지방(기관리스트),중소기업은행,중소기업은행 흥덕,지점,금융위원회,기타공공기관,경기도 용인시 기흥구 흥덕1로 13 흥덕IT밸리 타워동,031-217-7965,-,0505-075-0660,-,-,-
중앙/지방(기관리스트),중소벤처기업연구원,중소벤처기업연구원,본점,중소벤처기업부,기타공공기관,서울특별시 동작구 신대방1가길 77 (신대방동) 중소기업연구원,02-707-9800,-,-,-,-,-
중앙/지방(기관리스트),중소벤처기업진흥공단,중소벤처기업진흥공단,본점,중소벤처기업부,준정부기관(기금관리형),경상남도 진주시 동진로 430 (충무공동) 중소기업진흥공단,055-751-9000,-,-,-,-,-
중앙/지방(기관리스트),중소벤처기업진흥공단,중소벤처기업진흥공단 강원영동지부,지점,중소벤처기업부,준정부기관(기금관리형),강원특별자치도 강릉시 강릉대로 33 (홍제동) 15층 중소벤처기업진흥공단 강원영동지부,033-649-9376,-,033-646-9960,-,-,-
중앙/지방(기관리스트),중소벤처기업진흥공단,중소벤처기업진흥공단 강원지역본부,지점,중소벤처기업부,준정부기관(기금관리형),강원특별자치도 춘천시 중앙로 54 (중앙로2가) 5층 중소벤처기업진흥공단 강원지역본부,033-269-6900,-,033-256-9614,-,-,-
중앙/지방(기관리스트),중소벤처기업진흥공단,중소벤처기업진흥공단 경기남부지부,지점,중소벤처기업부,준정부기관(기금관리형),"경기도 화성시 봉담읍 동화길 51 제431호, 제432호, 제433호, 제434호",031-899-9112,-,-,-,-,-
중앙/지방(기관리스트),중소벤처기업진흥공단,중소벤처기업진흥공단 경기동부지부,지점,중소벤처기업부,준정부기관(기금관리형),경기도 성남시 분당구 양현로 322 (야탑동) 203호 중소벤처기업진흥공단 경기동부지부,031-760-9000,-,031-788-7899,-,-,-
중앙/지방(기관리스트),중소벤처기업진흥공단,중소벤처기업진흥공단 경기북부지부,지점,중소벤처기업부,준정부기관(기금관리형),경기도 고양시 일산동구 일산로 138 (백석동) 102호 중소벤처기업진흥공단 경기북부지부,031-920-6739,-,031-920-6789,-,-,-
중앙/지방(기관리스트),중소벤처기업진흥공단,중소벤처기업진흥공단 경기서부지부,지점,중소벤처기업부,준정부기관(기금관리형),경기도 안산시 단원구 광덕대로 243 (고잔동) 1층 중소벤처기업진흥공단 경기서부지부,031-783-0617,-,031-496-1020,-,-,-
중앙/지방(기관리스트),중소벤처기업진흥공단,중소벤처기업진흥공단 경기지역본부,지점,중소벤처기업부,준정부기관(기금관리형),경기도 수원시 영통구 광교로 107 (이의동) 11층 중소벤처기업진흥공단 경기지역본부,031-260-4915,-,031-259-7901,-,-,-
중앙/지방(기관리스트),중소벤처기업진흥공단,중소벤처기업진흥공단 경남동부지부,지점,중소벤처기업부,준정부기관(기금관리형),경상남도 김해시 주촌면 골든루트로 80-16 김해중소기업비즈니스센터 4층,055-310-6615,-,055-325-6690,-,-,-
중앙/지방(기관리스트),중소벤처기업진흥공단,중소벤처기업진흥공단 경남서부지부,지점,중소벤처기업부,준정부기관(기금관리형),경상남도 진주시 영천강로 167 (충무공동) 이노휴먼씨티 3층 중소벤처기업진흥공단 경남서부지부,055-751-2905,-,055-751-2908,-,-,-
중앙/지방(기관리스트),중소벤처기업진흥공단,중소벤처기업진흥공단 경남지역본부,지점,중소벤처기업부,준정부기관(기금관리형),경상남도 창원시 성산구 원이대로 362 (대원동) 13층 중소벤처기업진흥공단 경남지역본부,055-270-9753,-,055-212-1360,-,-,-
중앙/지방(기관리스트),중소벤처기업진흥공단,중소벤처기업진흥공단 경북남부지부,지점,중소벤처기업부,준정부기관(기금관리형),"경상북도 경산시 삼풍로 27 (삼풍동) 경북테크노파크 본부동 501호, 513호",053-603-3301,-,053-603-3305,-,-,-
중앙/지방(기관리스트),중소벤처기업진흥공단,중소벤처기업진흥공단 경북동부지부,지점,중소벤처기업부,준정부기관(기금관리형),"경상북도 포항시 남구 지곡로 394 (지곡동, 포항테크노파크) 포항테크노파크 112호",054-288-7346,-,0505-047-4453,-,-,-
중앙/지방(기관리스트),중소벤처기업진흥공단,중소벤처기업진흥공단 경북지역본부,지점,중소벤처기업부,준정부기관(기금관리형),경상북도 구미시 이계북로 7 (임수동) 경상북도경제진흥원 5층,054-440-5913,-,054-476-9318,-,-,-
중앙/지방(기관리스트),중소벤처기업진흥공단,중소벤처기업진흥공단 광주지역본부,지점,중소벤처기업부,준정부기관(기금관리형),광주광역시 서구 상무중앙로 84 (치평동) 6층 중소벤처기업진흥공단 광주지역본부,062-600-3000,-,062-956-7518,-,-,-
중앙/지방(기관리스트),중소벤처기업진흥공단,중소벤처기업진흥공단 글로벌리더십연수원,지점,중소벤처기업부,준정부기관(기금관리형),강원특별자치도 태백시 구와우길 38-7 (황지동) 글로벌리더십연수원,033-550-5000,-,033-550-5015,-,-,-
중앙/지방(기관리스트),중소벤처기업진흥공단,중소벤처기업진흥공단 대구경북연수원,지점,중소벤처기업부,준정부기관(기금관리형),경상북도 경산시 경청로222길 86 (백천동) 대구경북연수원,053-819-5001,-,053-819-5050,-,-,-
중앙/지방(기관리스트),중소벤처기업진흥공단,중소벤처기업진흥공단 대구지역본부,지점,중소벤처기업부,준정부기관(기금관리형),대구광역시 북구 엑스코로 10 (산격동) 4층 중소벤처기업진흥공단 대구지역본부,053-606-8840,-,053-601-5301,-,-,-
중앙/지방(기관리스트),중소벤처기업진흥공단,중소벤처기업진흥공단 대전지역본부,지점,중소벤처기업부,준정부기관(기금관리형),대전광역시 서구 청사로 136 (월평동) 대전무역회관 15층 중소벤처기업진흥공단 대전지역본부,042-281-3736,-,042-281-3748,-,-,-
중앙/지방(기관리스트),중소벤처기업진흥공단,중소벤처기업진흥공단 동부권경영지원처,지점,중소벤처기업부,준정부기관(기금관리형),대구광역시 동구 동대구로 489 (신천동) 1403호,053-320-3114,-,053-260-4620,-,-,-
중앙/지방(기관리스트),중소벤처기업진흥공단,중소벤처기업진흥공단 부산경남연수원,지점,중소벤처기업부,준정부기관(기금관리형),경상남도 창원시 진해구 남영로473번길 22 (남양동) 부산경남연수원,055-548-8045,-,055-548-8080,-,-,-
중앙/지방(기관리스트),중소벤처기업진흥공단,중소벤처기업진흥공단 부산동부지부,지점,중소벤처기업부,준정부기관(기금관리형),부산광역시 해운대구 센텀동로 99 (재송동) 201~202호 중소벤처기업진흥공단 부산동부지부,051-745-5928,-,051-784-3635,-,-,-
중앙/지방(기관리스트),중소벤처기업진흥공단,중소벤처기업진흥공단 부산지역본부,지점,중소벤처기업부,준정부기관(기금관리형),부산광역시 사상구 학감대로 257 (감전동) A동 1층,051-630-7424,-,051-646-0516,-,-,-
중앙/지방(기관리스트),중소벤처기업진흥공단,중소벤처기업진흥공단 서부권경영지원처,지점,중소벤처기업부,준정부기관(기금관리형),대전광역시 서구 청사로 136 (월평동) 대전무역회관 15층 중소벤처기업진흥공단 서부권경영지원처,042-281-3765,-,042-866-0163,-,-,-
중앙/지방(기관리스트),중소벤처기업진흥공단,중소벤처기업진흥공단 서울동남부지부,지점,중소벤처기업부,준정부기관(기금관리형),서울특별시 서초구 서초대로45길 16 (서초동) 101~102호,02-2023-4326,-,02-2023-4309,-,-,-
중앙/지방(기관리스트),중소벤처기업진흥공단,중소벤처기업진흥공단 서울북부지부,지점,중소벤처기업부,준정부기관(기금관리형),서울특별시 중구 무교로 21 (무교동) 5층 중소벤처기업진흥공단 서울북부지부,02-769-6431,-,02-769-6429,-,-,-
중앙/지방(기관리스트),중소벤처기업진흥공단,중소벤처기업진흥공단 서울지역본부,지점,중소벤처기업부,준정부기관(기금관리형),서울특별시 금천구 가산디지털1로 181 (가산동) 413호 중소벤처기업진흥공단 서울지역본부,02-2106-7436,-,02-2106-7499,-,-,-
중앙/지방(기관리스트),중소벤처기업진흥공단,중소벤처기업진흥공단 세종지역본부,지점,중소벤처기업부,준정부기관(기금관리형),"세종특별자치시 한누리대로 320 (나성동) 203호(나성동, 세종리치먼드시티)",044-860-8302,-,-,-,-,-
중앙/지방(기관리스트),중소벤처기업진흥공단,중소벤처기업진흥공단 수도권경영지원처,지점,중소벤처기업부,준정부기관(기금관리형),서울특별시 양천구 목동동로 309 (목동) 사무동 17층 중소벤처기업진흥공단 수도권경영지원처,02-2130-1337,-,02-6678-4009,-,-,-
중앙/지방(기관리스트),중소벤처기업진흥공단,중소벤처기업진흥공단 울산지역본부,지점,중소벤처기업부,준정부기관(기금관리형),울산광역시 남구 삼산로 274 (삼산동) W-center 14층,052-703-1126,-,052-703-1190,-,-,-
중앙/지방(기관리스트),중소벤처기업진흥공단,중소벤처기업진흥공단 인천서부지부,지점,중소벤처기업부,준정부기관(기금관리형),인천광역시 서구 봉수대로 806 (연희동) 3층 중소벤처기업진흥공단 인천서부지부,032-560-2365,-,0505-047-4432,-,-,-
중앙/지방(기관리스트),중소벤처기업진흥공단,중소벤처기업진흥공단 인천지역본부,지점,중소벤처기업부,준정부기관(기금관리형),인천광역시 연수구 갯벌로 12 (송도동) 갯벌타워 14층 중소벤처기업진흥공단 인천지역본부,032-837-7025,-,032-442-3236,-,-,-
중앙/지방(기관리스트),중소벤처기업진흥공단,중소벤처기업진흥공단 전남동부지부,지점,중소벤처기업부,준정부기관(기금관리형),전라남도 순천시 장명로 18 (장천동) 순천상공회의소 3층 중소벤처기업진흥공단 전남동부지부,061-729-1503,-,061-724-1057,-,-,-
중앙/지방(기관리스트),중소벤처기업진흥공단,중소벤처기업진흥공단 전남지역본부,지점,중소벤처기업부,준정부기관(기금관리형),전라남도 무안군 삼향읍 오룡3길 2 4층 중소벤처기업진흥공단 전남지역본부,061-280-8070,-,061-280-8080,-,-,-
중앙/지방(기관리스트),중소벤처기업진흥공단,중소벤처기업진흥공단 전북서부지부,지점,중소벤처기업부,준정부기관(기금관리형),전라북도 군산시 대학로 331 (나운동) 4층 중소벤처기업진흥공단 전북서부지부,063-460-9800,-,063-460-9888,-,-,-
중앙/지방(기관리스트),중소벤처기업진흥공단,중소벤처기업진흥공단 전북지역본부,지점,중소벤처기업부,준정부기관(기금관리형),전라북도 전주시 완산구 홍산로 276 (효자동3가) 4층 중소벤처기업진흥공단 전북지역본부,063-210-9947,-,063-210-9988,-,-,-
중앙/지방(기관리스트),중소벤처기업진흥공단,중소벤처기업진흥공단 제주지역본부,지점,중소벤처기업부,준정부기관(기금관리형),제주특별자치도 제주시 연삼로 473 (이도이동) 3층 중소벤처기업진흥공단 제주지역본부,064-754-5154,-,064-754-5158,-,-,-
중앙/지방(기관리스트),중소벤처기업진흥공단,중소벤처기업진흥공단 중소벤처기업연수원,지점,중소벤처기업부,준정부기관(기금관리형),경기도 안산시 단원구 연수원로 87 (원곡동) 중소벤처기업연수원,031-490-1472,-,031-490-1122,-,-,-
중앙/지방(기관리스트),중소벤처기업진흥공단,중소벤처기업진흥공단 충남지역본부,지점,중소벤처기업부,준정부기관(기금관리형),충청남도 천안시 서북구 광장로 215 (불당동) 4층 중소벤처기업진흥공단 충남지역본부,041-589-4590,-,041-621-3689,-,-,-
중앙/지방(기관리스트),중소벤처기업진흥공단,중소벤처기업진흥공단 충북북부지부,지점,중소벤처기업부,준정부기관(기금관리형),충청북도 충주시 번영대로 200 (연수동) 2층 중소벤처기업진흥공단 충북북부지부,043-841-3600,-,043-841-3619,-,-,-
중앙/지방(기관리스트),중소벤처기업진흥공단,중소벤처기업진흥공단 충북지역본부,지점,중소벤처기업부,준정부기관(기금관리형),충청북도 청주시 흥덕구 풍산로 50 (가경동) 4충 중소벤처기업진흥공단 충북지역본부,043-230-6800,-,043-230-6888,-,-,-
중앙/지방(기관리스트),중소벤처기업진흥공단,중소벤처기업진흥공단 충청연수원,지점,중소벤처기업부,준정부기관(기금관리형),충청남도 천안시 서북구 직산읍 남산2길 41 충청연수원,041-559-9213,-,-,-,-,-
중앙/지방(기관리스트),중소벤처기업진흥공단,중소벤처기업진흥공단 호남연수원,지점,중소벤처기업부,준정부기관(기금관리형),광주광역시 북구 동문대로456번길 40 (장등동) 호남연수원,062-250-3000,-,062-250-3077,-,-,-
중앙/지방(기관리스트),중앙사회서비스원,중앙사회서비스원,본점,보건복지부,기타공공기관,nan,nan,-,-,-,-,-
중앙/지방(기관리스트),차세대수치예보모델개발사업단,차세대수치예보모델개발사업단,본점,기상청,기타공공기관,"서울특별시 동작구 보라매로5길 35 (신대방동, 파크스퀘어,보라매현대APT) 4층",02-6480-6300,-,-,-,-,-
중앙/지방(기관리스트),창업진흥원,창업진흥원,본점,중소벤처기업부,기타공공기관,세종특별자치시 집현중앙7로 16 (집현동) 5층,044-410-1566,-,-,mvp@kised.or.kr,-,-
중앙/지방(기관리스트),축산물품질평가원,축산물품질평가원,본점,농림축산식품부,준정부기관(위탁집행형),세종특별자치시 아름서길 21 (아름동) 축산물품질평가원,044-410-7000,1577-2633,044-410-7173,master@ekape.or.kr,-,-
중앙/지방(기관리스트),축산물품질평가원,축산물품질평가원 강원지원,지점,농림축산식품부,준정부기관(위탁집행형),강원도 횡성군 횡성읍 횡성로 402 3층,033-813-1583,-,033-813-1582,-,-,-
중앙/지방(기관리스트),축산물품질평가원,축산물품질평가원 경기지원,지점,농림축산식품부,준정부기관(위탁집행형),경기도 수원시 영통구 대학로 34(이의동) 경기캠퍼스프라자803호,031-216-7902,-,031-216-7903,-,-,-
중앙/지방(기관리스트),축산물품질평가원,축산물품질평가원 광주전남지원,지점,농림축산식품부,준정부기관(위탁집행형),광주광역시 북구 첨단연신로107번길 45-22(신용동) 토담빌딩 8층 801호,062-573-3644,-,-,-,-,-
중앙/지방(기관리스트),축산물품질평가원,축산물품질평가원 대구경북지원,지점,농림축산식품부,준정부기관(위탁집행형),대구광역시 북구 유통단지로24길 16(산격동) 경북대구한우협동조합 2층,053-384-2711,-,053-384-2713,-,-,-
중앙/지방(기관리스트),축산물품질평가원,축산물품질평가원 대전충남지원,지점,농림축산식품부,준정부기관(위탁집행형),대전광역시 유성구 반석서로 77(반석동) 스마트빌딩 3층,042-626-3860,-,042-822-3890,-,-,-
중앙/지방(기관리스트),축산물품질평가원,축산물품질평가원 부산경남지원,지점,농림축산식품부,준정부기관(위탁집행형),경상남도 김해시 내외로95번길 7(내동) 축산물품질평가원,055-723-2588,-,055-723-2589,-,-,-
중앙/지방(기관리스트),축산물품질평가원,축산물품질평가원 서울지원,지점,농림축산식품부,준정부기관(위탁집행형),경기도 부천시 부천로198번길 36(춘의동) 춘의테크노파크 102동 108호,032-613-6368,-,-,-,-,-
중앙/지방(기관리스트),축산물품질평가원,축산물품질평가원 전북지원,지점,농림축산식품부,준정부기관(위탁집행형),전라북도 전주시 완산구 천잠로 506(효자동3가) 대림빌딩 403호,063-278-2363,-,063-272-2363,-,-,-
중앙/지방(기관리스트),축산물품질평가원,축산물품질평가원 제주지원,지점,농림축산식품부,준정부기관(위탁집행형),제주특별자치도 제주시 도리로 48(이호일동) 축산물품질평가원,064-744-7691,-,-,-,-,-
중앙/지방(기관리스트),축산물품질평가원,축산물품질평가원 충북지원,지점,농림축산식품부,준정부기관(위탁집행형),충청북도 음성군 삼성면 상곡로 45 축산물품질평가원,043-882-7358,-,-,-,-,-
중앙/지방(기관리스트),충남대학교병원,세종 충남대학교병원,지점,교육부,기타공공기관,세종특별자치시 보듬7로 20(도담동) 세종충남대학교병원,044-1800-3114,-,-,-,-,-
중앙/지방(기관리스트),충남대학교병원,충남대학교병원,본점,교육부,기타공공기관,대전광역시 중구 문화로 282 (대사동) 충남대학교병원,1599-7123,1599-7123,-,-,-,-
중앙/지방(기관리스트),충북대학교병원,충북대학교병원,본점,교육부,기타공공기관,충청북도 청주시 서원구 1순환로 776 (개신동) 충북대학교병원,043-269-6114,-,-,-,-,-
중앙/지방(기관리스트),코레일관광개발(주),코레일관광개발(주),본점,국토교통부,기타공공기관,서울특별시 용산구 청파로 378 (동자동) KORAIL KTX B/D 1층,1544-7755,1544-7755,02-2084-7779,-,-,-
중앙/지방(기관리스트),코레일관광개발(주),코레일관광개발(주) 강릉테마지사(정동진 레일바이크),지점,국토교통부,기타공공기관,강원도 강릉시 강동면 정동역길 17 코레일관광개발(주) 강릉테마지사(정동진 레일바이크),1544-7755,-,02-2084-7779,-,-,-
중앙/지방(기관리스트),코레일관광개발(주),코레일관광개발(주) 곡성테마지사(곡성 섬진강 기차마을),지점,국토교통부,기타공공기관,전라남도 곡성군 오곡면 기차마을로 232 코레일관광개발(주) 곡성테마지사,1544-7755,-,02-2084-7779,-,-,-
중앙/지방(기관리스트),코레일관광개발(주),코레일관광개발(주) 삼척테마지사(바다열차),지점,국토교통부,기타공공기관,강원도 삼척시 중앙로 13(사직동) 코레일관광개발(주) 삼척테마지사(바다열차),1544-7755,-,02-2084-7779,-,-,-
중앙/지방(기관리스트),코레일관광개발(주),코레일관광개발(주) 정선테마지사(정선 레일바이크),지점,국토교통부,기타공공기관,강원도 정선군 여량면 노추산로 745 코레일관광개발(주) 정선테마지사,1544-7755,-,02-2084-7779,-,-,-
중앙/지방(기관리스트),코레일관광개발(주),코레일관광개발(주) 청도테마지사(청도 레일바이크),지점,국토교통부,기타공공기관,경상북도 청도군 청도읍 하지길 46-51 코레일관광개발(주) 청도테마지사(청도 레일바이크),1544-7755,-,02-2084-7779,-,-,-
중앙/지방(기관리스트),코레일네트웍스(주),코레일네트웍스(주),본점,국토교통부,기타공공기관,"서울특별시 용산구 한강대로 69 (한강로2가, 용산푸르지오써밋) 업무동 13층, 14층 코레일네트웍스(주)",02-707-5451,1588-7788,02-707-5429,-,-,-
중앙/지방(기관리스트),코레일로지스(주),코레일로지스(주),본점,국토교통부,기타공공기관,서울특별시 중구 중림로 49(중림동) 실로암빌딩 2층 코레일로지스(주),02-390-5900,-,02-312-7808,-,-,-
중앙/지방(기관리스트),코레일로지스(주),코레일로지스(주) 부산사업소,지점,국토교통부,기타공공기관,부산광역시 동구 충장대로 255-1(좌천동) CFS 201호 코레일로지스(주),051-638-1280,-,051-637-7014,-,-,-
중앙/지방(기관리스트),코레일로지스(주),코레일로지스(주) 여수사업소,지점,국토교통부,기타공공기관,전라남도 여수시 여수산단로 394-18(평여동) 코레일로지스(주),070-4490-6931,-,061-685-7850,-,-,-
중앙/지방(기관리스트),코레일로지스(주),코레일로지스(주) 의왕사업소,지점,국토교통부,기타공공기관,경기도 의왕시 오봉로 175(이동) 의왕ICD 제2터미널 6군 2층 코레일로지스(주),031-461-7812,-,031-461-8101,-,-,-
중앙/지방(기관리스트),코레일유통(주),코레일유통(주),본점,국토교통부,기타공공기관,서울특별시 영등포구 국회대로 612(당산동3가) 코레일유통,02-2630-8800,-,-,homemaster@korailretail.com,-,-
중앙/지방(기관리스트),코레일유통(주),코레일유통(주) 경기본부,지점,국토교통부,기타공공기관,경기도 수원시 권선구 덕영대로 960 (세류동) 코레일유통 경기본부,070-7092-7036,-,031-251-5403,-,-,-
중앙/지방(기관리스트),코레일유통(주),코레일유통(주) 경인본부,지점,국토교통부,기타공공기관,서울특별시 영등포구 여의대방로 300 (신길동) 대방역2층 코레일유통 경인본부,070-7092-7136,-,02-2636-3290,-,-,-
중앙/지방(기관리스트),코레일유통(주),코레일유통(주) 대구경북본부,지점,국토교통부,기타공공기관,대구광역시 동구 동대구로 550 (신암동) KTX 동대구역 4층 코레일유통 대구경북본부,070-7092-7188,-,053-959-2684,-,-,-
중앙/지방(기관리스트),코레일유통(주),코레일유통(주) 동부본부,지점,국토교통부,기타공공기관,"서울특별시 동대문구 회기로26길 15 (회기동, 회기힐스테이트) 힐스테이스 상가 2층 코레일유통 동부본부",070-7092-7289,-,02-959-3568,-,-,-
중앙/지방(기관리스트),코레일유통(주),코레일유통(주) 동해본부,지점,국토교통부,기타공공기관,강원도 동해시 임항로 121 (발한동) 코레일유통 동해본부,070-7092-7193,-,033-533-2249,-,-,-
중앙/지방(기관리스트),코레일유통(주),코레일유통(주) 부산경남본부,지점,국토교통부,기타공공기관,부산광역시 동구 중앙대로196번길 16-8 (초량동) 코레일유통 부산경남본부,070-7092-7209,-,051-469-9460,-,-,-
중앙/지방(기관리스트),코레일유통(주),코레일유통(주) 서울본부,지점,국토교통부,기타공공기관,서울특별시 용산구 청파로89길 31 (서계동) 코레일유통 서울본부,070-7092-7339,-,02-716-3067,-,-,-
중앙/지방(기관리스트),코레일유통(주),코레일유통(주) 수도권남부본부,지점,국토교통부,기타공공기관,경기도 성남시 분당구 야탑로 94 (야탑동) 농협빌딩 2층 코레일유통 수도권남부본부,070-7092-7095,-,031-701-1373,-,-,-
중앙/지방(기관리스트),코레일유통(주),코레일유통(주) 충청본부,지점,국토교통부,기타공공기관,대전광역시 동구 대전로 822 (정동) 남부빌딩 4층 코레일유통 충청본부,070-7092-7156,-,042-256-1985,-,-,-
중앙/지방(기관리스트),코레일유통(주),코레일유통(주) 호남본부,지점,국토교통부,기타공공기관,전라북도 익산시 익산대로 153 (창인동2가) 익산역 1층 광장 코레일유통 호남본부,070-7092-7192,-,063-858-2165,-,-,-
중앙/지방(기관리스트),코레일테크(주),코레일테크(주),본점,국토교통부,기타공공기관,대전광역시 중구 대종로 476 (은행동) 2층~9층,042-257-9486,-,042-257-9485,korailtech_sv@naver.com,-,-
중앙/지방(기관리스트),태권도진흥재단,태권도진흥재단,본점,문화체육관광부,기타공공기관,전북특별자치도 무주군 설천면 무설로 1482 태권도원,063-320-0114,-,063-320-0032,-,-,-
중앙/지방(기관리스트),통일연구원,통일연구원,본점,국무조정실,기타공공기관,서울특별시 서초구 반포대로 217(반포동) 통일연구원,02-2023-8000,2023-8000,02-2023-8299,manager@kinu.or.kr,-,-
중앙/지방(기관리스트),학교법인한국폴리텍,학교법인한국폴리텍,본점,고용노동부,기타공공기관,인천광역시 부평구 무네미로 478(구산동) 인천노동복지합동청사 5~6층(학교법인 한국폴리텍),032-650-6780,-,-,-,-,-
중앙/지방(기관리스트),학교법인한국폴리텍,학교법인한국폴리텍 강릉캠퍼스,지점,고용노동부,기타공공기관,강원도 강릉시 남산초교길 121 (노암동) 한국폴리텍대학 강릉캠퍼스,033-610-6110,-,033-610-6194,-,-,-
중앙/지방(기관리스트),학교법인한국폴리텍,학교법인한국폴리텍 광주캠퍼스,지점,고용노동부,기타공공기관,광주광역시 북구 하서로 85 (운암동) 한국폴리텍대학 광주캠퍼스,062-519-7114,-,062-519-7039,-,-,-
중앙/지방(기관리스트),학교법인한국폴리텍,학교법인한국폴리텍 구미캠퍼스,지점,고용노동부,기타공공기관,경상북도 구미시 수출대로3길 84 (공단동) 한국폴리텍대학 구미캠퍼스,054-461-5241,-,054-461-5244,-,-,-
중앙/지방(기관리스트),학교법인한국폴리텍,학교법인한국폴리텍 김제캠퍼스,지점,고용노동부,기타공공기관,전라북도 김제시 백학제길 154 (백학동) 한국폴리텍대학 김제캠퍼스,063-540-7600,-,063-540-7700,-,-,-
중앙/지방(기관리스트),학교법인한국폴리텍,학교법인한국폴리텍 남인천캠퍼스,지점,고용노동부,기타공공기관,인천광역시 미추홀구 염전로333번길 23 (주안동) 한국폴리텍대학 남인천캠퍼스,032-450-0300,-,032-873-2098,-,-,-
중앙/지방(기관리스트),학교법인한국폴리텍,학교법인한국폴리텍 다솜고등학교,지점,고용노동부,기타공공기관,충청북도 제천시 원강저로 94 (강제동) 한국폴리텍 다솜고등학교,043-649-2800,-,043-649-2819,-,-,-
중앙/지방(기관리스트),학교법인한국폴리텍,학교법인한국폴리텍 달성캠퍼스,지점,고용노동부,기타공공기관,대구광역시 달성군 논공읍 논공로 226 한국폴리텍대학 달성캠퍼스,053-610-6600,-,053-610-6526,-,-,-
중앙/지방(기관리스트),학교법인한국폴리텍,학교법인한국폴리텍 대구캠퍼스,지점,고용노동부,기타공공기관,대구광역시 서구 국채보상로43길 15 (평리동) 한국폴리텍대학 대구캠퍼스,053-567-0101,-,053-567-0104,-,-,-
중앙/지방(기관리스트),학교법인한국폴리텍,학교법인한국폴리텍 대전캠퍼스,지점,고용노동부,기타공공기관,대전광역시 동구 우암로 352-21 (가양동) 한국폴리텍대학 대전캠퍼스,042-670-0600,-,042-670-0519,-,-,-
중앙/지방(기관리스트),학교법인한국폴리텍,학교법인한국폴리텍 동부산캠퍼스,지점,고용노동부,기타공공기관,부산광역시 기장군 정관읍 산단4로 2-69 한국폴리텍대학 동부산캠퍼스,051-609-6000,-,051-728-5586,-,-,-
중앙/지방(기관리스트),학교법인한국폴리텍,학교법인한국폴리텍 목포캠퍼스,지점,고용노동부,기타공공기관,전라남도 무안군 청계면 영산로 1854-16 한국폴리텍대한 목포캠퍼스,061-450-7370,-,061-454-5236,-,-,-
중앙/지방(기관리스트),학교법인한국폴리텍,학교법인한국폴리텍 바이오캠퍼스,지점,고용노동부,기타공공기관,충청남도 논산시 강경읍 동안로112번길 48 한국폴리텍대학 바이오캠퍼스,041-746-7300,-,041-746-7310,-,-,-
중앙/지방(기관리스트),학교법인한국폴리텍,학교법인한국폴리텍 부산캠퍼스,지점,고용노동부,기타공공기관,부산광역시 북구 만덕대로155번길 99 (덕천동) 한국폴리텍대학 부산캠퍼스,051-330-7800,-,051-332-4802,-,-,-
중앙/지방(기관리스트),학교법인한국폴리텍,학교법인한국폴리텍 서울강서캠퍼스,지점,고용노동부,기타공공기관,서울특별시 강서구 우장산로10길 112 (화곡동) 한국폴리텍대학 서울강서캠퍼스,02-2186-5952,-,02-2186-5959,cheoltico@daum.net,-,-
중앙/지방(기관리스트),학교법인한국폴리텍,학교법인한국폴리텍 서울정수캠퍼스,지점,고용노동부,기타공공기관,서울특별시 용산구 보광로 73 (보광동) 한국폴리텍대학 서울정수캠퍼스,02-2001-4000,-,02-2001-4180,-,-,-
중앙/지방(기관리스트),학교법인한국폴리텍,학교법인한국폴리텍 섬유패션캠퍼스,지점,고용노동부,기타공공기관,대구광역시 동구 팔공로 222 (봉무동) 한국폴리텍대학 섬유패션캠퍼스,053-980-1100,-,053-980-1130,-,-,-
중앙/지방(기관리스트),학교법인한국폴리텍,학교법인한국폴리텍 성남캠퍼스,지점,고용노동부,기타공공기관,경기도 성남시 수정구 수정로 398 (산성동) 한국폴리텍대학 성남캠퍼스,031-739-4000,-,031-749-3374,-,-,-
중앙/지방(기관리스트),학교법인한국폴리텍,학교법인한국폴리텍 순천캠퍼스,지점,고용노동부,기타공공기관,전라남도 순천시 기적의도서관1길 41 (조례동) 한국폴리텍대학 순천캠퍼스,061-720-0300,-,061-721-0303,-,-,-
중앙/지방(기관리스트),학교법인한국폴리텍,학교법인한국폴리텍 신기술교육원,지점,고용노동부,기타공공기관,전라북도 전주시 덕진구 유상로 20 (팔복동2가) 한국폴리텍대학 신기술교육원,063-210-9114,-,063-210-9169,-,-,-
중앙/지방(기관리스트),학교법인한국폴리텍,학교법인한국폴리텍 아산캠퍼스,지점,고용노동부,기타공공기관,충청남도 아산시 신창면 행목로 45 한국폴리텍대학 아산캠퍼스,041-539-9300,-,041-532-0300,-,-,-
중앙/지방(기관리스트),학교법인한국폴리텍,학교법인한국폴리텍 안성캠퍼스,지점,고용노동부,기타공공기관,경기도 안성시 공도읍 송원길 41-12 한국폴리텍대학 안성캠퍼스,031-650-7300,-,031-651-4314,-,-,-
중앙/지방(기관리스트),학교법인한국폴리텍,학교법인한국폴리텍 영주캠퍼스,지점,고용노동부,기타공공기관,경상북도 영주시 가흥로 2 (문정동) 한국폴리텍대학 영주캠퍼스,054-633-9500,-,054-633-4865,-,-,-
중앙/지방(기관리스트),학교법인한국폴리텍,학교법인한국폴리텍 울산캠퍼스,지점,고용노동부,기타공공기관,울산광역시 중구 산전길 155 (동동) 한국폴리텍대학 울산캠퍼스,052-290-1500,-,052-290-1529,-,-,-
중앙/지방(기관리스트),학교법인한국폴리텍,학교법인한국폴리텍 원주캠퍼스,지점,고용노동부,기타공공기관,강원도 원주시 북원로2425번길 73 (우산동) 한국폴리텍대학 원주캠퍼스,033-741-7000,-,033-748-5191,-,-,-
중앙/지방(기관리스트),학교법인한국폴리텍,학교법인한국폴리텍 융합기술교육원,지점,고용노동부,기타공공기관,경기도 성남시 분당구 황새울로329번길 5 (서현동) 한국폴리텍대학 융합기술교육원,031-696-8800,-,031-696-8809,-,-,-
중앙/지방(기관리스트),학교법인한국폴리텍,학교법인한국폴리텍 익산캠퍼스,지점,고용노동부,기타공공기관,전라북도 익산시 선화로 579 (어양동) 한국폴리텍대학 익산캠퍼스,063-830-3000,-,063-830-3155,-,-,-
중앙/지방(기관리스트),학교법인한국폴리텍,학교법인한국폴리텍 인재원,지점,고용노동부,기타공공기관,전라북도 남원시 내척길 31 (용정동) 한국폴리텍대학 인재원,063-620-9000,-,063-620-9060,-,-,-
중앙/지방(기관리스트),학교법인한국폴리텍,학교법인한국폴리텍 인천캠퍼스,지점,고용노동부,기타공공기관,인천광역시 부평구 무네미로448번길 56 (구산동) 한국폴리텍대학 인천캠퍼스,032-510-2114,-,032-519-6059,-,-,-
중앙/지방(기관리스트),학교법인한국폴리텍,학교법인한국폴리텍 제주캠퍼스,지점,고용노동부,기타공공기관,제주특별자치도 제주시 산천단동3길 2 (아라일동) 한국폴리텍대학 제주캠퍼스,064-754-7100,-,064-754-7112,-,-,-
중앙/지방(기관리스트),학교법인한국폴리텍,학교법인한국폴리텍 진주캠퍼스,지점,고용노동부,기타공공기관,경상남도 진주시 모덕로 299 (하대동) 한국폴리텍대학 진주캠퍼스,055-752-9901,-,055-752-0819,-,-,-
중앙/지방(기관리스트),학교법인한국폴리텍,학교법인한국폴리텍 창원캠퍼스,지점,고용노동부,기타공공기관,경상남도 창원시 성산구 외동반림로 51-88 (중앙동) 한국폴리텍대학 창원캠퍼스,055-279-1700,-,055-282-1386,-,-,-
중앙/지방(기관리스트),학교법인한국폴리텍,학교법인한국폴리텍 청주캠퍼스,지점,고용노동부,기타공공기관,충청북도 청주시 흥덕구 산단로 54 (송정동) 한국폴리텍대학 청주캠퍼스,043-279-7407,-,043-279-7477,-,-,-
중앙/지방(기관리스트),학교법인한국폴리텍,학교법인한국폴리텍 춘천캠퍼스,지점,고용노동부,기타공공기관,강원도 춘천시 동산면 영서로 1290-31 한국폴리텍대학 춘천캠퍼스,033-260-7600,-,033-260-7608,-,-,-
중앙/지방(기관리스트),학교법인한국폴리텍,학교법인한국폴리텍 충주캠퍼스,지점,고용노동부,기타공공기관,충청북도 충주시 국원대로 548 (목행동) 한국폴리텍대학 충주캠퍼스,043-850-4200,-,043-853-3843,-,-,-
중앙/지방(기관리스트),학교법인한국폴리텍,학교법인한국폴리텍 포항캠퍼스,지점,고용노동부,기타공공기관,경상북도 포항시 남구 호동로 162 (괴동동) 한국폴리텍대학 포항캠퍼스,054-288-2200,-,054-274-2098,-,-,-
중앙/지방(기관리스트),학교법인한국폴리텍,학교법인한국폴리텍 항공캠퍼스,지점,고용노동부,기타공공기관,경상남도 사천시 대학길 46 (이금동) 한국폴리텍대학 항공캠퍼스,055-830-3500,-,055-830-3515,-,-,-
중앙/지방(기관리스트),학교법인한국폴리텍,학교법인한국폴리텍 홍성캠퍼스,지점,고용노동부,기타공공기관,충청남도 홍성군 홍성읍 충서로 1200 한국폴리텍대학 홍성캠퍼스,041-630-3523,-,041-631-3522,-,-,-
중앙/지방(기관리스트),학교법인한국폴리텍,학교법인한국폴리텍 화성캠퍼스,지점,고용노동부,기타공공기관,경기도 화성시 팔탄면 제암고주로 108 한국폴리텍대학 화성캠퍼스,031-350-3200,-,031-350-3129,-,-,-
중앙/지방(기관리스트),한국가스공사,한국가스공사,본점,산업통상부,공기업(시장형),대구광역시 동구 첨단로 120 (신서동) 한국가스공사 본사,053-670-0114,-,053-670-0117,-,-,-
중앙/지방(기관리스트),한국가스공사,한국가스공사 가스연구원,지점,산업통상부,공기업(시장형),경기도 안산시 상록구 수인로 1248 (일동) 한국가스공사 가스연구원,031-400-7500,-,031-406-2643,kjoh@kogas.or.kr,-,-
중앙/지방(기관리스트),한국가스공사,한국가스공사 강원지역본부,지점,산업통상부,공기업(시장형),강원도 원주시 단구로 423 (단구동) 한국가스공사 강원지역본부,033-760-6605,-,033-760-6639,-,-,-
중앙/지방(기관리스트),한국가스공사,한국가스공사 경기지역본부,지점,산업통상부,공기업(시장형),경기도 안산시 상록구 수인로 1248 (일동) 한국가스공사 경기지역본부,031-400-7204,-,031-400-7205,-,-,-
중앙/지방(기관리스트),한국가스공사,한국가스공사 광주전남지역본부,지점,산업통상부,공기업(시장형),광주광역시 광산구 손재로 368-21 (오선동) 한국가스공사 광주전남지역본부,062-950-1114,-,062-950-1112,-,-,-
중앙/지방(기관리스트),한국가스공사,한국가스공사 대구경북지역본부,지점,산업통상부,공기업(시장형),경상북도 경산시 진량읍 공단6로 122 한국가스공사 대구경북지역본부,053-850-1900,-,053-850-1824,-,-,-
중앙/지방(기관리스트),한국가스공사,한국가스공사 대전충청지역본부,지점,산업통상부,공기업(시장형),대전광역시 중구 유등천동로 788 (중촌동) 한국가스공사 대전충청지역본부,042-229-3403,-,042-229-3439,-,-,-
중앙/지방(기관리스트),한국가스공사,한국가스공사 부산경남지역본부,지점,산업통상부,공기업(시장형),경상남도 김해시 김해대로2596번길 53 (안동) 한국가스공사 부산경남지역본부,055-330-7700,-,055-335-5456,-,-,-
중앙/지방(기관리스트),한국가스공사,한국가스공사 삼척기지본부,지점,산업통상부,공기업(시장형),강원도 삼척시 원덕읍 호산해변길 18 한국가스공사 삼척기지본부,033-571-4000,-,033-571-5599,-,-,-
중앙/지방(기관리스트),한국가스공사,한국가스공사 서울지역본부,지점,산업통상부,공기업(시장형),서울특별시 강서구 공항대로 340 (내발산동) 한국가스공사 서울지역본부,02-2657-1026,-,02-2657-1039,-,-,-
중앙/지방(기관리스트),한국가스공사,한국가스공사 인천기지본부,지점,산업통상부,공기업(시장형),인천광역시 연수구 인천신항대로 960 (송도동) 한국가스공사 인천기지본부,032-810-4502,-,032-810-4609,-,-,-
중앙/지방(기관리스트),한국가스공사,한국가스공사 인천지역본부,지점,산업통상부,공기업(시장형),인천광역시 서구 청라사파이어로 226 (청라동) 한국가스공사 인천지역본부,032-453-6700,-,032-453-6609,-,-,-
중앙/지방(기관리스트),한국가스공사,한국가스공사 전북지역본부,지점,산업통상부,공기업(시장형),전라북도 군산시 대야면 만자로 12 한국가스공사 전북지역본부,063-850-3800,-,063-850-3829,-,-,-
중앙/지방(기관리스트),한국가스공사,한국가스공사 제주LNG본부,지점,산업통상부,공기업(시장형),제주특별자치도 제주시 애월읍 애월해안로 59-38 .,064-766-3600,-,-,-,-,-
중앙/지방(기관리스트),한국가스공사,한국가스공사 통영기지본부,지점,산업통상부,공기업(시장형),경상남도 통영시 광도면 안정로 770 한국가스공사 통영기지본부,055-640-6104,-,055-640-6190,-,-,-
중앙/지방(기관리스트),한국가스공사,한국가스공사 평택기지본부,지점,산업통상부,공기업(시장형),경기도 평택시 포승읍 남양만로 175-88 한국가스공사 평택기지본부,031-680-3222,-,031-680-3113,-,-,-
중앙/지방(기관리스트),한국가스안전공사,한국가스안전공사,본점,산업통상부,준정부기관(위탁집행형),충청북도 음성군 맹동면 원중로 1390 한국가스안전공사,043-750-1000,1544-4500,-,-,-,-
중앙/지방(기관리스트),한국가스안전공사,한국가스안전공사 가스안전교육원,지점,산업통상부,준정부기관(위탁집행형),충청남도 천안시 동남구 목천읍 교천지산길 331-39 가스안전교육원,041-629-0500,-,0505-106-4500,-,-,-
중앙/지방(기관리스트),한국가스안전공사,한국가스안전공사 가스안전연구원,지점,산업통상부,준정부기관(위탁집행형),충청북도 음성군 맹동면 원중로 1390 가스안전연구원,043-750-1000,-,043-750-1943,-,-,-
중앙/지방(기관리스트),한국가스안전공사,한국가스안전공사 강원광역본부,지점,산업통상부,준정부기관(위탁집행형),강원특별자치도 춘천시 동내면 춘천순환로 128 세종빌딩 3층,033-254-0019,-,0505-106-4523,-,-,-
중앙/지방(기관리스트),한국가스안전공사,한국가스안전공사 강원영동지사,지점,산업통상부,준정부기관(위탁집행형),강원특별자치도 강릉시 강릉대로 348 (포남동) 강릉축협빌딩 4층,033-643-0019,-,0505-106-4524,-,-,-
중앙/지방(기관리스트),한국가스안전공사,한국가스안전공사 경기광역본부,지점,산업통상부,준정부기관(위탁집행형),"경기도 수원시 장안구 경수대로 1045 (파장동) SCC빌딩 2층, 3층",031-259-3500,-,0505-106-4518,-,-,-
중앙/지방(기관리스트),한국가스안전공사,한국가스안전공사 경기동부지사,지점,산업통상부,준정부기관(위탁집행형),경기도 광주시 광주대로 214-1 (송정동) 정민빌딩 4층,031-798-0019,-,0505-106-4521,-,-,-
중앙/지방(기관리스트),한국가스안전공사,한국가스안전공사 경기북부지사,지점,산업통상부,준정부기관(위탁집행형),경기도 의정부시 평화로 478 (의정부동) 교보생명빌딩 5층,031-878-0019,-,0505-106-4519,-,-,-
중앙/지방(기관리스트),한국가스안전공사,한국가스안전공사 경기서부지사,지점,산업통상부,준정부기관(위탁집행형),경기도 부천시 경인로 519 (괴안동) 역곡프라자빌딩 5층 2호,032-345-0019,-,0505-106-4520,-,-,-
중앙/지방(기관리스트),한국가스안전공사,한국가스안전공사 경기중부지사,지점,산업통상부,준정부기관(위탁집행형),"경기도 고양시 일산서구 킨텍스로 217-59 (대화동) 404, 405호",031-927-2700,-,0505-106-4522,-,-,-
중앙/지방(기관리스트),한국가스안전공사,한국가스안전공사 경남본부,지점,산업통상부,준정부기관(위탁집행형),경상남도 창원시 성산구 창원대로 780 (외동) 경남본부,055-212-1700,-,0505-106-4527,-,-,-
중앙/지방(기관리스트),한국가스안전공사,한국가스안전공사 경남서부지사,지점,산업통상부,준정부기관(위탁집행형),경상남도 진주시 문산읍 동부로 310 2층 국제라이온스협회,055-746-0019,-,0505-106-4528,-,-,-
중앙/지방(기관리스트),한국가스안전공사,한국가스안전공사 경북동부지사,지점,산업통상부,준정부기관(위탁집행형),경상북도 포항시 북구 중흥로 109 (죽도동) 7층 701호,054-284-0019,-,0505-106-4509,-,-,-
중앙/지방(기관리스트),한국가스안전공사,한국가스안전공사 경북북부지사,지점,산업통상부,준정부기관(위탁집행형),경상북도 안동시 광명로 168 (옥동) 10층,054-854-0019,-,0505-106-4510,-,-,-
중앙/지방(기관리스트),한국가스안전공사,한국가스안전공사 광주광역본부,지점,산업통상부,준정부기관(위탁집행형),광주광역시 서구 상무번영로 74 (치평동) 광주광역본부,062-383-0019,-,0505-106-4512,-,-,-
중앙/지방(기관리스트),한국가스안전공사,한국가스안전공사 대구광역본부,지점,산업통상부,준정부기관(위탁집행형),대구광역시 동구 경안로 861 (각산동) 대구광역본부,053-588-0019,-,0505-106-4508,-,-,-
중앙/지방(기관리스트),한국가스안전공사,한국가스안전공사 대전광역본부,지점,산업통상부,준정부기관(위탁집행형),대전광역시 서구 계룡로553번길 34 (탄방동) 대전광역본부,042-485-0019,-,0505-106-4515,-,-,-
중앙/지방(기관리스트),한국가스안전공사,한국가스안전공사 부산광역본부,지점,산업통상부,준정부기관(위탁집행형),부산광역시 동구 중앙대로 331 (초량동) 부산메리츠타워 16층,051-646-0019,-,0505-106-4506,-,-,-
중앙/지방(기관리스트),한국가스안전공사,한국가스안전공사 부산북부지사,지점,산업통상부,준정부기관(위탁집행형),부산광역시 금정구 중앙대로 1925 (구서동) 금정타워 9층 901호,051-503-0019,-,0505-106-4507,-,-,-
중앙/지방(기관리스트),한국가스안전공사,한국가스안전공사 산업가스안전기술센터,지점,산업통상부,준정부기관(위탁집행형),충청북도 진천군 덕산읍 산수산단2로 76 산업가스안전기술센터,043-750-1700,-,043-750-1940,-,-,-
중앙/지방(기관리스트),한국가스안전공사,한국가스안전공사 서울광역본부,지점,산업통상부,준정부기관(위탁집행형),서울특별시 강남구 남부순환로 3183 (대치동) 서울광역본부,02-3411-2081,-,0505-106-4502,-,-,-
중앙/지방(기관리스트),한국가스안전공사,한국가스안전공사 서울남부지사,지점,산업통상부,준정부기관(위탁집행형),"서울특별시 동작구 보라매로5길 51 (신대방동, 롯데타워) 4층 403호, 404호",02-843-0019,-,0505-106-4504,-,-,-
중앙/지방(기관리스트),한국가스안전공사,한국가스안전공사 서울동부지사,지점,산업통상부,준정부기관(위탁집행형),"서울특별시 동대문구 천호대로 295 (답십리동, 우창프라자아파트) 우창프라자 6층",02-2217-8611,-,0505-106-4505,-,-,-
중앙/지방(기관리스트),한국가스안전공사,한국가스안전공사 서울서부지사,지점,산업통상부,준정부기관(위탁집행형),서울특별시 서대문구 충정로 53 (충정로2가) 10층 1002,02-393-0795,-,0505-106-4503,-,-,-
중앙/지방(기관리스트),한국가스안전공사,한국가스안전공사 에너지안전실증연구센터,지점,산업통상부,준정부기관(위탁집행형),강원특별자치도 영월군 주천면 송학주천로 1467-51 에너지안전실증연구센터,033-834-2500,-,043-750-1946,-,-,-
중앙/지방(기관리스트),한국가스안전공사,한국가스안전공사 울산본부,지점,산업통상부,준정부기관(위탁집행형),울산광역시 남구 북부순환도로 17 (무거동) 남운오피스텔 12층 1201호,052-247-0019,-,0505-106-4517,-,-,-
중앙/지방(기관리스트),한국가스안전공사,한국가스안전공사 인천본부,지점,산업통상부,준정부기관(위탁집행형),인천광역시 미추홀구 주안로 108 (주안동) 12층,032-435-1525,-,0505-106-4511,-,-,-
중앙/지방(기관리스트),한국가스안전공사,한국가스안전공사 전남동부지사,지점,산업통상부,준정부기관(위탁집행형),전라남도 여수시 성산2길 10-6 (화장동) 전남동부지사,061-682-0019,-,0505-106-4513,-,-,-
중앙/지방(기관리스트),한국가스안전공사,한국가스안전공사 전남서부지사,지점,산업통상부,준정부기관(위탁집행형),전라남도 무안군 삼향읍 후광대로 242 전남개발빌딩 5층,061-283-0019,-,0505-106-4514,-,-,-
중앙/지방(기관리스트),한국가스안전공사,한국가스안전공사 전북본부,지점,산업통상부,준정부기관(위탁집행형),전라북도 전주시 완산구 새터로 122-6 (서신동) 전북본부,063-272-0019,-,0505-106-4526,-,-,-
중앙/지방(기관리스트),한국가스안전공사,한국가스안전공사 제주본부,지점,산업통상부,준정부기관(위탁집행형),제주특별자치도 제주시 첨단로 213-4 (영평동) 엘리트빌딩 207호,064-748-0019,-,0505-106-4529,-,-,-
중앙/지방(기관리스트),한국가스안전공사,한국가스안전공사 충남본부,지점,산업통상부,준정부기관(위탁집행형),충청남도 천안시 동남구 청수14로 96 (청당동) 백석문화센터 8층 802호,041-561-0019,-,0505-106-4516,-,-,-
중앙/지방(기관리스트),한국가스안전공사,한국가스안전공사 충북본부,지점,산업통상부,준정부기관(위탁집행형),충청북도 청주시 흥덕구 대신로146번길 30 (송정동) 충북본부,043-268-0019,-,0505-106-4525,-,-,-
중앙/지방(기관리스트),한국가스안전공사,한국가스안전공사 충북북부지사,지점,산업통상부,준정부기관(위탁집행형),충청북도 충주시 탄금대로 117 (봉방동) 2층,043-724-4500,-,-,-,-,-
중앙/지방(기관리스트),한국개발연구원,한국개발연구원,본점,국무조정실,기타공공기관,세종특별자치시 남세종로 263 (반곡동) 한국개발연구원(KDI),044-550-4114,-,044-550-4310,kdiweb@kdi.re.kr,-,-
중앙/지방(기관리스트),한국개발연구원,한국개발연구원 KDI국제정책대학원,지점,국무조정실,기타공공기관,세종특별자치시 남세종로 263(반곡동) KDI국제정책대학원,044-550-1114,-,044-550-1007,-,-,-
중앙/지방(기관리스트),한국건강가정진흥원,한국건강가정진흥원,본점,성평등가족부,기타공공기관,"서울특별시 중구 퇴계로 173(충무로3가) 21층,24층",02-3479-7600,-,02-3479-7787,kihf7600@kihf.or.kr,-,-
중앙/지방(기관리스트),한국건강증진개발원,한국건강증진개발원,본점,보건복지부,기타공공기관,서울특별시 광진구 능동로 400(중곡동) 8~10 층,02-3781-3500,-,02-3781-3583,khealth@khealth.or.kr,-,-
중앙/지방(기관리스트),한국고용노동교육원,한국고용노동교육원,본점,고용노동부,기타공공기관,경기도 광주시 오포읍 봉골길 229 한국고용노동교육원,031-760-7700,-,-,-,-,-
중앙/지방(기관리스트),한국고용정보원,한국고용정보원,본점,고용노동부,준정부기관(위탁집행형),충청북도 음성군 맹동면 태정로 6 -,1577-7114,1577-7114,-,-,-,-
중앙/지방(기관리스트),한국고용정보원,한국고용정보원 서울스마트워크센터,지점,고용노동부,준정부기관(위탁집행형),서울특별시 영등포구 선유로 59 (문래동6가) 3층,1577-7114,-,043-870-8791,lee70@keis.or.kr,-,-
중앙/지방(기관리스트),한국고용정보원,한국고용정보원 청년정책허브센터,지점,고용노동부,준정부기관(위탁집행형),충청북도 음성군 맹동면 장성4길 5 (포스사우나 3-7층),1577-7114,-,-,-,-,-
중앙/지방(기관리스트),한국고전번역원,한국고전번역원,본점,교육부,기타공공기관,서울특별시 은평구 진관1로 85 (진관동) 한국고전번역원,02-350-4800,-,02-350-4994,-,-,-
중앙/지방(기관리스트),한국고전번역원,한국고전번역원 부설 고전번역교육원,지점,교육부,기타공공기관,서울특별시 은평구 진관1로 85 (진관동) 한국고전번역원,02-350-4900,-,02-350-4997,-,-,-
중앙/지방(기관리스트),한국고전번역원,한국고전번역원 부설 고전번역교육원 밀양분원,지점,교육부,기타공공기관,경상남도 밀양시 삼랑진읍 삼랑진로 1268-50 도서관2층 1228호,055-350-5978,-,055-350-5954,-,-,-
중앙/지방(기관리스트),한국고전번역원,한국고전번역원 부설 고전번역교육원 전주분원,지점,교육부,기타공공기관,전라북도 전주시 완산구 경기전길 125-7(교동) 79-41 (한옥마을 내),063-283-5251,-,063-287-5251,-,-,-
중앙/지방(기관리스트),한국공예디자인문화진흥원,한국공예디자인문화진흥원,본점,문화체육관광부,기타공공기관,서울특별시 종로구 율곡로 53 (안국동) 해영회관 4~5층,02-398-7900,398-7900,02-398-7998,kcdf@kcdf.kr,-,-
중앙/지방(기관리스트),한국공예디자인문화진흥원,한국공예디자인문화진흥원 KCDF갤러리,지점,문화체육관광부,기타공공기관,서울특별시 종로구 인사동11길 8 (관훈동) KCDF갤러리,02-732-9382,-,02-732-9939,-,-,-
중앙/지방(기관리스트),한국공예디자인문화진흥원,한국공예디자인문화진흥원 문화역서울284,지점,문화체육관광부,기타공공기관,서울특별시 중구 통일로 1 (봉래동2가) 문화역서울 284,02-3407-3508,-,-,-,-,-
중앙/지방(기관리스트),한국공예디자인문화진흥원,한국공예디자인문화진흥원 한복진흥센터,지점,문화체육관광부,기타공공기관,서울특별시 종로구 율곡로 53 (안국동) 해영회관 5층,02-398-7988,-,02-398-7998,-,-,-
중앙/지방(기관리스트),한국공정거래조정원,한국공정거래조정원,본점,공정거래위원회,기타공공기관,서울특별시 중구 세종대로 39(남대문로4가) 9층,02-6363-9111,1588-1490,-,dyk@kofair.or.kr,-,-
중앙/지방(기관리스트),한국공항공사,한국공항공사,본점,국토교통부,공기업(시장형),서울특별시 강서구 하늘길 78(과해동) 한국공항공사,1661-2626,-,-,-,-,-
중앙/지방(기관리스트),한국공항공사,한국공항공사 광주공항,지점,국토교통부,공기업(시장형),광주광역시 광산구 상무대로 420-25 (신촌동) 한국공항공사 광주공항,1661-2626,-,-,-,-,-
중앙/지방(기관리스트),한국공항공사,한국공항공사 군산공항,지점,국토교통부,공기업(시장형),전북특별자치도 군산시 옥서면 산동길 2 한국공항공사 군산공항,1661-2626,-,-,-,-,-
중앙/지방(기관리스트),한국공항공사,한국공항공사 김포공항,지점,국토교통부,공기업(시장형),서울특별시 강서구 하늘길 76 (과해동) 한국공항공사 김포공항,1661-2626,-,-,-,-,-
중앙/지방(기관리스트),한국공항공사,한국공항공사 김해공항,지점,국토교통부,공기업(시장형),부산광역시 강서구 공항진입로 108 (대저2동) 한국공항공사 김해공항,1661-2626,-,-,-,-,-
중앙/지방(기관리스트),한국공항공사,한국공항공사 대구공항,지점,국토교통부,공기업(시장형),대구광역시 동구 공항로 221 (지저동) 한국공항공사 대구공항,1661-2626,-,-,-,-,-
중앙/지방(기관리스트),한국공항공사,한국공항공사 무안공항,지점,국토교통부,공기업(시장형),전라남도 무안군 망운면 공항로 970-260 한국공항공사 무안공항,1661-2626,-,-,-,-,-
중앙/지방(기관리스트),한국공항공사,한국공항공사 사천공항,지점,국토교통부,공기업(시장형),경상남도 사천시 사천읍 사천대로 1971 한국공항공사 사천공항,1661-2626,-,-,-,-,-
중앙/지방(기관리스트),한국공항공사,한국공항공사 양양공항,지점,국토교통부,공기업(시장형),강원특별자치도 양양군 손양면 공항로 201 한국공항공사 양양공항,1661-2626,-,-,-,-,-
중앙/지방(기관리스트),한국공항공사,한국공항공사 여수공항,지점,국토교통부,공기업(시장형),전라남도 여수시 율촌면 여순로 386 한국공항공사 여수공항,1661-2626,-,-,-,-,-
중앙/지방(기관리스트),한국공항공사,한국공항공사 울산공항,지점,국토교통부,공기업(시장형),울산광역시 북구 산업로 1103 (송정동) 한국공항공사 울산공항,1661-2626,-,-,-,-,-
중앙/지방(기관리스트),한국공항공사,한국공항공사 원주공항,지점,국토교통부,공기업(시장형),강원특별자치도 횡성군 횡성읍 횡성로 38 한국공항공사 원주공항,1661-2626,-,-,-,-,-
중앙/지방(기관리스트),한국공항공사,한국공항공사 제주공항,지점,국토교통부,공기업(시장형),제주특별자치도 제주시 공항로 2 (용담이동) 한국공항공사 제주공항,1661-2626,-,-,-,-,-
중앙/지방(기관리스트),한국공항공사,한국공항공사 청주공항,지점,국토교통부,공기업(시장형),충청북도 청주시 청원구 내수읍 오창대로 980 한국공항공사 청주공항,1661-2626,-,-,-,-,-
중앙/지방(기관리스트),한국공항공사,한국공항공사 포항경주공항,지점,국토교통부,공기업(시장형),경상북도 포항시 남구 동해면 일월로 18 한국공항공사 포항경주공항,1661-2626,-,-,-,-,-
중앙/지방(기관리스트),한국공항공사,한국공항공사 항공기술훈련원,지점,국토교통부,공기업(시장형),충청북도 청주시 상당구 문의면 남계길 22-55 한국공항공사 항공기술훈련원,043-290-2333,-,-,-,-,-
중앙/지방(기관리스트),한국공항공사,한국공항공사 항로시설본부,지점,국토교통부,공기업(시장형),대구광역시 동구 매여로1길 50-12(상매동) 한국공항공사 항로시설본부,053-668-0309,-,-,-,-,-
중앙/지방(기관리스트),한국과학기술기획평가원,한국과학기술기획평가원,본점,과학기술정보통신부,기타공공기관,충청북도 음성군 맹동면 원중로 1339 한국과학기술기획평가원,043-750-2300,-,-,thdtn12@kistep.re.kr,-,-
중앙/지방(기관리스트),한국과학기술기획평가원,한국과학기술기획평가원 국가과학기술인력개발원,지점,과학기술정보통신부,기타공공기관,충청북도 청주시 청원구 오창읍 양청4길 45 -,043-251-7000,-,043-251-7063,kird@kird.re.kr,-,-
중앙/지방(기관리스트),한국과학창의재단,한국과학창의재단,본점,과학기술정보통신부,기타공공기관,서울특별시 강남구 테헤란로7길 22(역삼동) 한국과학기술회관 2관 한국과학창의재단(4층~5층),02-555-0701,-,02-555-0702,-,-,-
중앙/지방(기관리스트),한국관광공사,한국관광공사,본점,문화체육관광부,준정부기관(위탁집행형),강원도 원주시 세계로 10(반곡동) 한국관광공사,033-738-3000,-,-,-,-,-
중앙/지방(기관리스트),한국관광공사,한국관광공사 강원지사,지점,문화체육관광부,준정부기관(위탁집행형),강원특별자치도 춘천시 중앙로 16 (요선동) 무림빌딩 5층,033-254-2107,-,033-254-2125,-,-,-
중앙/지방(기관리스트),한국관광공사,한국관광공사 경남지사,지점,문화체육관광부,준정부기관(위탁집행형),경상남도 진주시 강남로 287 (강남동) 영창빌딩 6층 601호,055-742-0633,-,055-742-0623,-,-,-
중앙/지방(기관리스트),한국관광공사,한국관광공사 경인지사,지점,문화체육관광부,준정부기관(위탁집행형),인천광역시 연수구 센트럴로 123 (송도동) 송도컨벤시아 3층,032-210-1301,-,032-210-1304,-,-,-
중앙/지방(기관리스트),한국관광공사,한국관광공사 광주전남지사,지점,문화체육관광부,준정부기관(위탁집행형),광주광역시 서구 상무중앙로 110 (치평동) 우체국보험광주회관 7층,062-371-1580,-,062-371-1586,-,-,-
중앙/지방(기관리스트),한국관광공사,한국관광공사 대구경북지사,지점,문화체육관광부,준정부기관(위탁집행형),대구광역시 중구 동덕로 167 (동인동2가) KT Smart Tower 6층,053-423-1330,-,053-428-1329,-,-,-
중앙/지방(기관리스트),한국관광공사,한국관광공사 대전충남지사,지점,문화체육관광부,준정부기관(위탁집행형),대전광역시 서구 청사로 136 (월평동) 대전무역회관 7층,042-486-8731,-,042-486-8734,-,-,-
중앙/지방(기관리스트),한국관광공사,한국관광공사 부산울산지사,지점,문화체육관광부,준정부기관(위탁집행형),부산광역시 해운대구 센텀서로 30 (우동) KNN타워 14층,051-664-8700,-,051-608-9935,-,-,-
중앙/지방(기관리스트),한국관광공사,한국관광공사 세종충북지사,지점,문화체육관광부,준정부기관(위탁집행형),충청북도 청주시 흥덕구 가경로161번길 20 (가경동) KT 5층,043-239-1330,-,043-239-1331,-,-,-
중앙/지방(기관리스트),한국관광공사,한국관광공사 전북지사,지점,문화체육관광부,준정부기관(위탁집행형),전라북도 전주시 완산구 마전들로 66 (효자동3가) KT&G 3층,063-237-4763,-,063-237-4766,-,-,-
중앙/지방(기관리스트),한국관광공사,한국관광공사 제주지사,지점,문화체육관광부,준정부기관(위탁집행형),제주특별자치도 서귀포시 중문관광로72번길 60 (색달동) 한국관광공사 제주지사,064-735-7200,-,064-738-2052,-,-,-
중앙/지방(기관리스트),한국관세정보원,한국관세정보원,본점,관세청,기타공공기관,nan,nan,-,-,-,-,-
중앙/지방(기관리스트),한국광해광업공단,한국광해광업공단,본점,산업통상부,공기업(준시장형),nan,nan,-,-,-,-,-
중앙/지방(기관리스트),한국교육개발원,한국교육개발원,본점,국무조정실,기타공공기관,충청북도 진천군 덕산읍 교학로 7 한국교육개발원,043-530-9114,-,043-530-9819,-,-,-
중앙/지방(기관리스트),한국교육과정평가원,한국교육과정평가원,본점,국무조정실,기타공공기관,충청북도 진천군 덕산면 교학로 8 한국교육과정평가원,043-931-0114,-,043-931-0884,-,-,-
중앙/지방(기관리스트),한국교육학술정보원,한국교육학술정보원,본점,교육부,기타공공기관,대구광역시 동구 동내로 64(동내동) KERIS 빌딩,053-714-0114,-,-,-,-,-
중앙/지방(기관리스트),한국교통안전공단,한국교통안전공단,본점,국토교통부,준정부기관(위탁집행형),경상북도 김천시 혁신6로 17 (율곡동) 한국교통안전공단,1577-0990,1577-0990,-,-,-,-
중앙/지방(기관리스트),한국교통안전공단,한국교통안전공단 강원본부,지점,국토교통부,준정부기관(위탁집행형),강원도 춘천시 동내로 10 (석사동) 한국교통안전공단 강원본부,033-261-3386,-,0502-384-5384,-,-,-
중앙/지방(기관리스트),한국교통안전공단,한국교통안전공단 경기남부본부,지점,국토교통부,준정부기관(위탁집행형),경기도 수원시 권선구 수인로 24 (서둔동) 한국교통안전공단 경기남부본부,031-297-5000,-,031-297-9124,-,-,-
중앙/지방(기관리스트),한국교통안전공단,한국교통안전공단 경기북부본부,지점,국토교통부,준정부기관(위탁집행형),경기도 의정부시 평화로 285 (호원동) 한국교통안전공단 경기북부본부,031-837-0700,-,031-837-7605,-,-,-
중앙/지방(기관리스트),한국교통안전공단,한국교통안전공단 경남본부,지점,국토교통부,준정부기관(위탁집행형),"경상남도 창원시 마산회원구 3·15대로 628 (석전동) 12, 13층",055-294-2501,-,0502-384-5482,-,-,-
중앙/지방(기관리스트),한국교통안전공단,한국교통안전공단 광주전남본부,지점,국토교통부,준정부기관(위탁집행형),광주광역시 남구 송암로 96 (송하동) 한국교통안전공단 광주전남본부,062-606-7600,-,062-606-7645,-,-,-
중앙/지방(기관리스트),한국교통안전공단,한국교통안전공단 대구경북본부,지점,국토교통부,준정부기관(위탁집행형),대구광역시 수성구 노변로 33 (노변동) 한국교통안전공단 대구경북본부,053-794-3811,-,053-794-3817,-,-,-
중앙/지방(기관리스트),한국교통안전공단,한국교통안전공단 대전충남본부,지점,국토교통부,준정부기관(위탁집행형),대전광역시 대덕구 대덕대로1417번길 31 (문평동) 한국교통안전공단 대전충남본부,042-933-4324,-,0502-384-5396,-,-,-
중앙/지방(기관리스트),한국교통안전공단,한국교통안전공단 부산본부,지점,국토교통부,준정부기관(위탁집행형),부산광역시 사상구 학장로 256 (주례동) 한국교통안전공단 부산본부,051-315-1421,-,051-328-7797,-,-,-
중앙/지방(기관리스트),한국교통안전공단,한국교통안전공단 상주교통안전체험교육센터,지점,국토교통부,준정부기관(위탁집행형),경상북도 상주시 청리면 마공공단로 80-15 상주 교통안전체험교육센터,054-530-0100,-,054-530-0103,-,-,-
중앙/지방(기관리스트),한국교통안전공단,한국교통안전공단 서울본부,지점,국토교통부,준정부기관(위탁집행형),서울특별시 마포구 월드컵로 220 (성산동) 한국교통안전공단 서울본부,02-309-5000,-,02-375-1274,-,-,-
중앙/지방(기관리스트),한국교통안전공단,한국교통안전공단 울산본부,지점,국토교통부,준정부기관(위탁집행형),울산광역시 남구 번영로 90-1 (달동) 8층,052-256-9371,-,052-256-9376,-,-,-
중앙/지방(기관리스트),한국교통안전공단,한국교통안전공단 인천본부,지점,국토교통부,준정부기관(위탁집행형),인천광역시 남동구 백범로 357 (간석동) 3층,032-832-5000,-,032-831-4492,-,-,-
중앙/지방(기관리스트),한국교통안전공단,한국교통안전공단 자동차안전연구원,지점,국토교통부,준정부기관(위탁집행형),경기도 화성시 송산면 삼존로 200 자동차안전연구원,031-369-1114,-,031-357-4980,-,-,-
중앙/지방(기관리스트),한국교통안전공단,한국교통안전공단 전북본부,지점,국토교통부,준정부기관(위탁집행형),전라북도 전주시 덕진구 신행로 44 (팔복동3가) 한국교통안전공단 전북본부,063-212-4740,-,0502-384-5433,-,-,-
중앙/지방(기관리스트),한국교통안전공단,한국교통안전공단 제주본부,지점,국토교통부,준정부기관(위탁집행형),제주특별자치도 제주시 삼봉로 79 (도련이동) 한국교통안전공단 제주본부,064-723-3111,-,064-723-3120,-,-,-
중앙/지방(기관리스트),한국교통안전공단,한국교통안전공단 충북본부,지점,국토교통부,준정부기관(위탁집행형),충청북도 청주시 흥덕구 사운로386번길 21 (신봉동) 한국교통안전공단 충북본부,043-269-5000,-,0502-384-5398,-,-,-
중앙/지방(기관리스트),한국교통안전공단,한국교통안전공단 화성교통안전체험교육센터,지점,국토교통부,준정부기관(위탁집행형),경기도 화성시 송산면 삼존로 200 화성 교통안전체험교육센터,031-8053-9800,-,031-8053-9892,-,-,-
중앙/지방(기관리스트),한국교통연구원,한국교통연구원,본점,국무조정실,기타공공기관,세종특별자치시 시청대로 370(반곡동) 세종국책연구단지 과학인프라동 한국교통연구원,044-211-3114,-,044-211-3222,-,-,-
중앙/지방(기관리스트),한국국방연구원,한국국방연구원,본점,국방부,기타공공기관,서울특별시 동대문구 회기로 37 (청량리동) 한국국방연구원,02-967-4911,-,02-965-3295,-,-,-
중앙/지방(기관리스트),한국국제교류재단,한국국제교류재단,본점,외교부,기타공공기관,제주특별자치도 서귀포시 신중로 55 (법환동) KF한국국제교류재단,064-804-1000,-,-,webmaster@kf.or.kr,-,-
중앙/지방(기관리스트),한국국제교류재단,한국국제교류재단 KF글로벌센터,지점,외교부,기타공공기관,서울특별시 중구 을지로5길 26 (수하동) 서관 19층 한국국제교류재단,02-2151-6565,-,-,-,-,-
중앙/지방(기관리스트),한국국제교류재단,한국국제교류재단 부산 아세안문화원,지점,외교부,기타공공기관,부산광역시 해운대구 좌동로 162 (좌동) -,051-775-2000,-,-,ach@kf.or.kr,-,-
중앙/지방(기관리스트),한국국제보건의료재단,한국국제보건의료재단,본점,보건복지부,기타공공기관,서울특별시 광진구 능동로 400(중곡동) 6-7층 한국국제보건의료재단,02-3396-9700,-,02-386-3155,-,-,-
중앙/지방(기관리스트),한국국제협력단,한국국제협력단,본점,외교부,준정부기관(위탁집행형),경기도 성남시 수정구 대왕판교로 825 (시흥동) 한국국제협력단,1588-0434,1588-0434,031-740-0247,webmaster@koica.go.kr,-,-
중앙/지방(기관리스트),한국국제협력단,한국국제협력단 KOICA 부산사무소,지점,외교부,준정부기관(위탁집행형),부산광역시 해운대구 APEC로 55 (우동) 벡스코 제1전시장 사무동 353호,051-860-7880,-,-,koicabusan@koica.go.kr,-,-
중앙/지방(기관리스트),한국국제협력단,한국국제협력단 글로벌인재교육원(서울),지점,외교부,준정부기관(위탁집행형),서울특별시 서초구 헌릉로 15-18 (염곡동) (염곡동 304-3번지),02-3460-5811,-,02-3460-5849,wfsc@koica.go.kr,-,-
중앙/지방(기관리스트),한국국제협력단,한국국제협력단 글로벌인재교육원(영월),지점,외교부,준정부기관(위탁집행형),강원도 영월군 주천면 다래골길 53 도천리 79번지,033-834-5811,-,033-834-5840,wfyc@koica.go.kr,-,-
중앙/지방(기관리스트),한국국토정보공사,한국국토정보공사,본점,국토교통부,준정부기관(위탁집행형),전라북도 전주시 덕진구 기지로 120 (중동) 한국국토정보공사,063-713-1000,1588-7704,-,lx0903@lx.or.kr,-,-
중앙/지방(기관리스트),한국국토정보공사,한국국토정보공사 가평지사,지점,국토교통부,준정부기관(위탁집행형),경기도 가평군 가평읍 석봉로 158 한국국토정보공사 가평지사,031-8078-3400,-,031-8078-3439,lx1748@lx.or.kr,-,-
중앙/지방(기관리스트),한국국토정보공사,한국국토정보공사 강남서초지사,지점,국토교통부,준정부기관(위탁집행형),서울특별시 강남구 봉은사로114길 30 (삼성동) 한국국토정보공사 강남서초지사,02-6937-2120,-,02-6937-2148,lx1133@lx.or.kr,-,-
중앙/지방(기관리스트),한국국토정보공사,한국국토정보공사 강동송파지사,지점,국토교통부,준정부기관(위탁집행형),서울특별시 강동구 풍성로 144 (성내동) 한국국토정보공사 강동송파지사,02-6937-2150,-,02-6937-2179,lx1135@lx.or.kr,-,-
중앙/지방(기관리스트),한국국토정보공사,한국국토정보공사 강릉지사,지점,국토교통부,준정부기관(위탁집행형),강원도 강릉시 동해대로 3314 (죽헌동) 한국국토정보공사 강릉지사,033-820-8100,-,033-820-8139,lx1813@lx.or.kr,-,-
중앙/지방(기관리스트),한국국토정보공사,한국국토정보공사 강서양천지사,지점,국토교통부,준정부기관(위탁집행형),서울특별시 강서구 공항대로 426 (화곡동) 한국국토정보공사 강서양천지사,02-6937-2180,-,02-6937-2208,lx1126@lx.or.kr,-,-
중앙/지방(기관리스트),한국국토정보공사,한국국토정보공사 강서지사,지점,국토교통부,준정부기관(위탁집행형),부산광역시 강서구 체육공원로26번길 148 (대저1동) 한국국토정보공사 강서지사,051-794-5070,-,051-794-5099,lx1222@lx.or.kr,-,-
중앙/지방(기관리스트),한국국토정보공사,한국국토정보공사 강원지역본부,지점,국토교통부,준정부기관(위탁집행형),강원도 춘천시 후석로 303 (후평동) 한국국토정보공사 강원지역본부,033-815-8632,-,033-815-8649,lx1801@lx.or.kr,-,-
중앙/지방(기관리스트),한국국토정보공사,한국국토정보공사 강화지사,지점,국토교통부,준정부기관(위탁집행형),인천광역시 강화군 강화읍 강화대로 372-8 한국국토정보공사 강화지사,032-713-2800,-,032-713-2837,lx1419@lx.or.kr,-,-
중앙/지방(기관리스트),한국국토정보공사,한국국토정보공사 거제지사,지점,국토교통부,준정부기관(위탁집행형),경상남도 거제시 고현로2길 6 (고현동) 한국국토정보공사 거제지사,055-730-5500,-,055-730-5529,lx2425@lx.or.kr,-,-
중앙/지방(기관리스트),한국국토정보공사,한국국토정보공사 거창지사,지점,국토교통부,준정부기관(위탁집행형),경상남도 거창군 거창읍 중앙로 4 한국국토정보공사 거창지사,055-808-5650,-,055-808-5666,lx2436@lx.or.kr,-,-
중앙/지방(기관리스트),한국국토정보공사,한국국토정보공사 경기중부지사,지점,국토교통부,준정부기관(위탁집행형),경기도 의왕시 왕곡로 4 (왕곡동) 한국국토정보공사 경기중부지사,031-8056-3900,-,031-8056-3939,lx1735@lx.or.kr,-,-
중앙/지방(기관리스트),한국국토정보공사,한국국토정보공사 경기지역본부,지점,국토교통부,준정부기관(위탁집행형),경기도 수원시 팔달구 인계로 170 (인계동) 한국국토정보공사 경기지역본부,031-250-0925,-,031-250-0935,lx1701@lx.or.kr,-,-
중앙/지방(기관리스트),한국국토정보공사,한국국토정보공사 경남지역본부,지점,국토교통부,준정부기관(위탁집행형),경상남도 창원시 의창구 창이대로532번길 6 (신월동) 한국국토정보공사 경남지역본부,055-250-5330,-,055-250-5397,lx2401@lx.or.kr,-,-
중앙/지방(기관리스트),한국국토정보공사,한국국토정보공사 경산지사,지점,국토교통부,준정부기관(위탁집행형),경상북도 경산시 장산로25길 48 (중방동) 한국국토정보공사 경산지사,053-714-7960,-,053-714-7989,lx2322@lx.or.kr,-,-
중앙/지방(기관리스트),한국국토정보공사,한국국토정보공사 경주지사,지점,국토교통부,준정부기관(위탁집행형),경상북도 경주시 양정로 342 (용강동) 한국국토정보공사 경주지사,054-702-7200,-,054-702-7248,lx2313@lx.or.kr,-,-
중앙/지방(기관리스트),한국국토정보공사,한국국토정보공사 고령지사,지점,국토교통부,준정부기관(위탁집행형),경상북도 고령군 대가야읍 대가야로 1256 한국국토정보공사 고령지사,054-507-7540,-,054-507-7559,lx2329@lx.or.kr,-,-
중앙/지방(기관리스트),한국국토정보공사,한국국토정보공사 고성지사,지점,국토교통부,준정부기관(위탁집행형),경상남도 고성군 고성읍 남포로 55 한국국토정보공사 고성지사,055-804-5670,-,055-804-5699,lx2431@lx.or.kr,-,-
중앙/지방(기관리스트),한국국토정보공사,한국국토정보공사 고양지사,지점,국토교통부,준정부기관(위탁집행형),경기도 고양시 일산동구 위시티로 24 (식사동) 한국국토정보공사 고양지사,031-995-2430,-,031-995-2468,lx1723@lx.or.kr,-,-
중앙/지방(기관리스트),한국국토정보공사,한국국토정보공사 고창지사,지점,국토교통부,준정부기관(위탁집행형),전라북도 고창군 고창읍 성산로 50 한국국토정보공사 고창지사,063-774-3720,-,063-774-3739,lx2126@lx.or.kr,-,-
중앙/지방(기관리스트),한국국토정보공사,한국국토정보공사 고흥지사,지점,국토교통부,준정부기관(위탁집행형),전라남도 고흥군 고흥읍 신계학림길 47 한국국토정보공사 고흥지사,061-874-6400,-,061-874-6419,lx2223@lx.or.kr,-,-
중앙/지방(기관리스트),한국국토정보공사,한국국토정보공사 곡성구례(곡성)지사,지점,국토교통부,준정부기관(위탁집행형),전라남도 곡성군 곡성읍 학교로 124 한국국토정보공사 곡성구례(곡성)지사,061-884-6230,-,061-884-6248,lx2220@lx.or.kr,-,-
중앙/지방(기관리스트),한국국토정보공사,한국국토정보공사 곡성구례(구례)지사,지점,국토교통부,준정부기관(위탁집행형),전라남도 구례군 구례읍 동편제길 3 한국국토정보공사 곡성구례(구례)지사,061-896-6250,-,061-896-6269,-,-,-
중앙/지방(기관리스트),한국국토정보공사,한국국토정보공사 공간정보연구원,지점,국토교통부,준정부기관(위탁집행형),전라북도 완주군 이서면 안전로 163 한국국토정보공사 공간정보연구원,063-906-5611,-,063-906-5629,lx0701@lx.or.kr,-,-
중앙/지방(기관리스트),한국국토정보공사,한국국토정보공사 공주지사,지점,국토교통부,준정부기관(위탁집행형),충청남도 공주시 봉황로 26 (봉황동) 한국국토정보공사 공주지사,041-400-4630,-,041-400-4658,lx2013@lx.or.kr,-,-
중앙/지방(기관리스트),한국국토정보공사,한국국토정보공사 광양지사,지점,국토교통부,준정부기관(위탁집행형),전라남도 광양시 중마중앙로 115 (중동) 한국국토정보공사 광양지사,061-815-6300,-,061-815-6328,lx2217@lx.or.kr,-,-
중앙/지방(기관리스트),한국국토정보공사,한국국토정보공사 광주서부지사,지점,국토교통부,준정부기관(위탁집행형),광주광역시 서구 상무중앙로 102 (치평동) 한국국토정보공사 광주서부지사,062-714-6900,-,062-714-6939,lx1515@lx.or.kr,-,-
중앙/지방(기관리스트),한국국토정보공사,한국국토정보공사 광주전남지역본부,지점,국토교통부,준정부기관(위탁집행형),광주광역시 서구 상무중앙로 102 (치평동) 한국국토정보공사 광주전남지역본부,062-714-6801,-,062-714-6819,lx2201@lx.or.kr,-,-
중앙/지방(기관리스트),한국국토정보공사,한국국토정보공사 광주중부지사,지점,국토교통부,준정부기관(위탁집행형),광주광역시 북구 금호로 50 (운암동) 한국국토정보공사 광주중부지사,062-714-6860,-,062-714-6899,lx6038@lx.or.kr,-,-
중앙/지방(기관리스트),한국국토정보공사,한국국토정보공사 광주지사,지점,국토교통부,준정부기관(위탁집행형),경기도 광주시 이배재로 16 (탄벌동) 한국국토정보공사 광주지사,031-8027-3600,-,031-8027-3659,lx1745@lx.or.kr,-,-
중앙/지방(기관리스트),한국국토정보공사,한국국토정보공사 괴산증평(괴산)지사,지점,국토교통부,준정부기관(위탁집행형),충청북도 괴산군 괴산읍 임꺽정로 152 한국국토정보공사 괴산증평(괴산)지사,043-760-4760,-,043-760-4779,lx1920@lx.or.kr,-,-
중앙/지방(기관리스트),한국국토정보공사,한국국토정보공사 괴산증평(증평)지사,지점,국토교통부,준정부기관(위탁집행형),충청북도 증평군 증평읍 중앙로 194 한국국토정보공사 괴산증평(증평)지사,043-760-4780,-,043-760-4799,lx1920@lx.or.kr,-,-
중앙/지방(기관리스트),한국국토정보공사,한국국토정보공사 구미지사,지점,국토교통부,준정부기관(위탁집행형),경상북도 구미시 송원동로 11-14 (송정동) 한국국토정보공사 구미지사,054-712-7250,-,054-712-7289,lx2316@lx.or.kr,-,-
중앙/지방(기관리스트),한국국토정보공사,한국국토정보공사 국토정보교육원,지점,국토교통부,준정부기관(위탁집행형),경기도 용인시 처인구 동부로 213-20 (운학동) 한국국토정보공사 국토정보교육원,031-326-3360,-,031-326-3390,lx0901@lx.or.kr,-,-
중앙/지방(기관리스트),한국국토정보공사,한국국토정보공사 군산지사,지점,국토교통부,준정부기관(위탁집행형),전라북도 군산시 양안로 18 (조촌동) 한국국토정보공사 군산지사,063-730-3130,-,063-730-3158,lx2114@lx.or.kr,-,-
중앙/지방(기관리스트),한국국토정보공사,한국국토정보공사 군위지사,지점,국토교통부,준정부기관(위탁집행형),경상북도 군위군 군위읍 동서1길 13 한국국토정보공사 군위지사,054-521-7560,-,054-521-7579,lx2323@lx.or.kr,-,-
중앙/지방(기관리스트),한국국토정보공사,한국국토정보공사 금산지사,지점,국토교통부,준정부기관(위탁집행형),충청남도 금산군 금산읍 진산로 7 한국국토정보공사 금산지사,041-450-4500,-,041-450-4529,lx2017@lx.or.kr,-,-
중앙/지방(기관리스트),한국국토정보공사,한국국토정보공사 기장지사,지점,국토교통부,준정부기관(위탁집행형),부산광역시 기장군 기장읍 대청로35번길 67 한국국토정보공사 기장지사,051-794-5040,-,051-794-5068,lx1226@lx.or.kr,-,-
중앙/지방(기관리스트),한국국토정보공사,한국국토정보공사 김제지사,지점,국토교통부,준정부기관(위탁집행형),전라북도 김제시 전초암길 7 (서암동) 한국국토정보공사 김제지사,063-770-3160,-,063-770-3189,lx2119@lx.or.kr,-,-
중앙/지방(기관리스트),한국국토정보공사,한국국토정보공사 김천지사,지점,국토교통부,준정부기관(위탁집행형),경상북도 김천시 삼락택지길 28 (삼락동) 한국국토정보공사 김천지사,054-811-8800,-,054-811-8829,lx2314@lx.or.kr,-,-
중앙/지방(기관리스트),한국국토정보공사,한국국토정보공사 김포지사,지점,국토교통부,준정부기관(위탁집행형),경기도 김포시 사우중로11번길 25 (사우동) 한국국토정보공사 김포지사,031-8048-3200,-,031-8048-3249,lx1751@lx.or.kr,-,-
중앙/지방(기관리스트),한국국토정보공사,한국국토정보공사 김해지사,지점,국토교통부,준정부기관(위탁집행형),경상남도 김해시 김해대로2415번길 8-25 (부원동) 한국국토정보공사 김해지사,055-722-5460,-,055-722-5499,lx2422@lx.or.kr,-,-
중앙/지방(기관리스트),한국국토정보공사,한국국토정보공사 나주지사,지점,국토교통부,준정부기관(위탁집행형),전라남도 나주시 재신길 32 (송월동) 한국국토정보공사 나주지사,061-820-6330,-,061-820-6359,lx2215@lx.or.kr,-,-
중앙/지방(기관리스트),한국국토정보공사,한국국토정보공사 남양주구리지사,지점,국토교통부,준정부기관(위탁집행형),경기도 남양주시 경춘로1015번길 5 (금곡동) 한국국토정보공사 남양주구리지사,031-522-3940,-,031-522-3999,lx1738@lx.or.kr,-,-
중앙/지방(기관리스트),한국국토정보공사,한국국토정보공사 남원지사,지점,국토교통부,준정부기관(위탁집행형),전라북도 남원시 의총로 158 (향교동) 한국국토정보공사 남원지사,063-772-6040,-,063-772-6069,lx2118@lx.or.kr,-,-
중앙/지방(기관리스트),한국국토정보공사,한국국토정보공사 남해지사,지점,국토교통부,준정부기관(위탁집행형),경상남도 남해군 남해읍 망운로61번길 53 한국국토정보공사 남해지사,055-812-2970,-,055-812-2999,lx2432@lx.or.kr,-,-
중앙/지방(기관리스트),한국국토정보공사,한국국토정보공사 논산계룡지사,지점,국토교통부,준정부기관(위탁집행형),충청남도 논산시 관촉로 109 (지산동) 한국국토정보공사 논산계룡지사,041-435-4600,-,041-435-4629,lx2019@lx.or.kr,-,-
중앙/지방(기관리스트),한국국토정보공사,한국국토정보공사 단양지사,지점,국토교통부,준정부기관(위탁집행형),충청북도 단양군 단양읍 중앙1로 26 한국국토정보공사 단양지사,043-767-4930,-,043-767-4947,lx1922@lx.or.kr,-,-
중앙/지방(기관리스트),한국국토정보공사,한국국토정보공사 달성지사,지점,국토교통부,준정부기관(위탁집행형),대구광역시 달성군 화원읍 비슬로 2597 한국국토정보공사 달성지사,053-714-7930,-,053-714-7959,lx1320@lx.or.kr,-,-
중앙/지방(기관리스트),한국국토정보공사,한국국토정보공사 담양지사,지점,국토교통부,준정부기관(위탁집행형),전라남도 담양군 담양읍 삼거리길 29 한국국토정보공사 담양지사,061-882-6070,-,061-882-6099,lx2219@lx.or.kr,-,-
중앙/지방(기관리스트),한국국토정보공사,한국국토정보공사 당진지사,지점,국토교통부,준정부기관(위탁집행형),충청남도 당진시 대덕1로 51 (대덕동) 한국국토정보공사 당진지사,041-431-8050,-,041-431-8088,lx2026@lx.or.kr,-,-
중앙/지방(기관리스트),한국국토정보공사,한국국토정보공사 대구경북지역본부,지점,국토교통부,준정부기관(위탁집행형),대구광역시 달서구 이곡동로 8 (이곡동) 한국국토정보공사 대구경북지역본부,053-714-7831,-,053-714-7841,lx2301@lx.or.kr,-,-
중앙/지방(기관리스트),한국국토정보공사,한국국토정보공사 대구동부지사,지점,국토교통부,준정부기관(위탁집행형),대구광역시 동구 동부로 103 (신천동) 한국국토정보공사 대구동부지사,053-714-7860,-,053-714-7898,lx1311@lx.or.kr,-,-
중앙/지방(기관리스트),한국국토정보공사,한국국토정보공사 대구서부지사,지점,국토교통부,준정부기관(위탁집행형),대구광역시 북구 팔거천동로 90 (동천동) 한국국토정보공사 대구서부지사,053-714-7900,-,053-714-7929,lx1316@lx.or.kr,-,-
중앙/지방(기관리스트),한국국토정보공사,한국국토정보공사 대전동부지사,지점,국토교통부,준정부기관(위탁집행형),대전광역시 중구 대흥로10번길 41 (대사동) 한국국토정보공사 대전동부지사,042-718-4100,-,042-718-4129,lx1611@lx.or.kr,-,-
중앙/지방(기관리스트),한국국토정보공사,한국국토정보공사 대전서부지사,지점,국토교통부,준정부기관(위탁집행형),대전광역시 서구 문정로48번길 12 (탄방동) 한국국토정보공사 대전서부지사,042-718-4060,-,042-718-4089,lx1611@lx.or.kr,-,-
중앙/지방(기관리스트),한국국토정보공사,한국국토정보공사 대전충남지역본부,지점,국토교통부,준정부기관(위탁집행형),대전광역시 서구 문정로48번길 12 (탄방동) 한국국토정보공사 대전충남지역본부,042-718-4000,-,042-718-4047,lx2001@lx.or.kr,-,-
중앙/지방(기관리스트),한국국토정보공사,한국국토정보공사 동두천지사,지점,국토교통부,준정부기관(위탁집행형),경기도 동두천시 정장로 78 (생연동) 한국국토정보공사 동두천지사,031-951-3550,-,031-951-3569,lx1726@lx.or.kr,-,-
중앙/지방(기관리스트),한국국토정보공사,한국국토정보공사 목포지사,지점,국토교통부,준정부기관(위탁집행형),전라남도 목포시 하당로 288 (옥암동) 한국국토정보공사 목포지사,061-800-6100,-,061-800-6119,lx2211@lx.or.kr,-,-
중앙/지방(기관리스트),한국국토정보공사,한국국토정보공사 무안지사,지점,국토교통부,준정부기관(위탁집행형),전라남도 무안군 무안읍 공항로 30 한국국토정보공사 무안지사,061-876-6420,-,061-876-6449,lx2230@lx.or.kr,-,-
중앙/지방(기관리스트),한국국토정보공사,한국국토정보공사 무주지사,지점,국토교통부,준정부기관(위탁집행형),전라북도 무주군 무주읍 신교로3길 11 한국국토정보공사 무주지사,063-780-3760,-,063-780-3770,lx2122@lx.or.kr,-,-
중앙/지방(기관리스트),한국국토정보공사,한국국토정보공사 문경지사,지점,국토교통부,준정부기관(위탁집행형),경상북도 문경시 매봉1길 63 (모전동) 한국국토정보공사 문경지사,054-505-7300,-,054-505-7319,lx2321@lx.or.kr,-,-
중앙/지방(기관리스트),한국국토정보공사,한국국토정보공사 밀양지사,지점,국토교통부,준정부기관(위탁집행형),경상남도 밀양시 내이1길 5 (내이동) 한국국토정보공사 밀양지사,055-802-5530,-,055-802-5569,lx2424@lx.or.kr,-,-
중앙/지방(기관리스트),한국국토정보공사,한국국토정보공사 보령지사,지점,국토교통부,준정부기관(위탁집행형),충청남도 보령시 대청로 160 (동대동) 한국국토정보공사 보령지사,041-402-4400,-,041-402-4427,lx2014@lx.or.kr,-,-
중앙/지방(기관리스트),한국국토정보공사,한국국토정보공사 보성지사,지점,국토교통부,준정부기관(위탁집행형),전라남도 보성군 보성읍 송재로 221 한국국토정보공사 보성지사,061-888-6450,-,061-888-6479,lx2224@lx.or.kr,-,-
중앙/지방(기관리스트),한국국토정보공사,한국국토정보공사 보은지사,지점,국토교통부,준정부기관(위탁집행형),충청북도 보은군 보은읍 보청대로 1912 한국국토정보공사 보은지사,043-773-4830,-,043-773-4849,lx1916@lx.or.kr,-,-
중앙/지방(기관리스트),한국국토정보공사,한국국토정보공사 부산남부지사,지점,국토교통부,준정부기관(위탁집행형),"부산광역시 사하구 낙동대로 542 (하단동, 대우에덴프라자) 한국국토정보공사 부산남부지사",051-794-5180,-,051-794-5219,lx1211@lx.or.kr,-,-
중앙/지방(기관리스트),한국국토정보공사,한국국토정보공사 부산동부지사,지점,국토교통부,준정부기관(위탁집행형),부산광역시 해운대구 해운대해변로 203 (우동) 한국국토정보공사 부산동부지사,051-794-5100,-,051-794-5139,lx1217@lx.or.kr,-,-
중앙/지방(기관리스트),한국국토정보공사,한국국토정보공사 부산울산지역본부,지점,국토교통부,준정부기관(위탁집행형),부산광역시 동래구 금강로 77 (온천동) 한국국토정보공사 부산울산지역본부,051-794-5000,-,051-794-5039,lx1201@lx.or.kr,-,-
중앙/지방(기관리스트),한국국토정보공사,한국국토정보공사 부산중부지사,지점,국토교통부,준정부기관(위탁집행형),부산광역시 부산진구 동천로 116 (전포동) 한국국토정보공사 부산중부지사,051-794-5140,-,051-794-5178,lx1215@lx.or.kr,-,-
중앙/지방(기관리스트),한국국토정보공사,한국국토정보공사 부안지사,지점,국토교통부,준정부기관(위탁집행형),전라북도 부안군 부안읍 용계길 30 한국국토정보공사 부안지사,063-777-3740,-,063-777-3759,lx2127@lx.or.kr,-,-
중앙/지방(기관리스트),한국국토정보공사,한국국토정보공사 부여지사,지점,국토교통부,준정부기관(위탁집행형),충청남도 부여군 부여읍 계백로 251 한국국토정보공사 부여지사,041-408-4460,-,041-408-4479,lx2020@lx.or.kr,-,-
중앙/지방(기관리스트),한국국토정보공사,한국국토정보공사 부천지사,지점,국토교통부,준정부기관(위탁집행형),경기도 부천시 부천로136번길 59 (원미동) 한국국토정보공사 부천지사,032-713-2670,-,032-713-2699,lx1720@lx.or.kr,-,-
중앙/지방(기관리스트),한국국토정보공사,한국국토정보공사 사천지사,지점,국토교통부,준정부기관(위탁집행형),경상남도 사천시 용현면 시청2길 86 한국국토정보공사 사천지사,055-786-4950,-,055-786-4979,lx2421@lx.or.kr,-,-
중앙/지방(기관리스트),한국국토정보공사,한국국토정보공사 산청지사,지점,국토교통부,준정부기관(위탁집행형),경상남도 산청군 산청읍 웅석봉로62번길 8 한국국토정보공사 산청지사,055-822-5700,-,055-822-5727,lx2434@lx.or.kr,-,-
중앙/지방(기관리스트),한국국토정보공사,한국국토정보공사 상주지사,지점,국토교통부,준정부기관(위탁집행형),경상북도 상주시 경상대로 3053 (무양동) 한국국토정보공사 상주지사,054-501-7320,-,054-501-7349,lx2320@lx.or.kr,-,-
중앙/지방(기관리스트),한국국토정보공사,한국국토정보공사 서귀포지사,지점,국토교통부,준정부기관(위탁집행형),제주특별자치도 서귀포시 서호중로 71 (서호동) 한국국토정보공사 서귀포지사,064-801-6730,-,064-801-6795,lx2512@lx.or.kr,-,-
중앙/지방(기관리스트),한국국토정보공사,한국국토정보공사 서대문은평지사,지점,국토교통부,준정부기관(위탁집행형),서울특별시 은평구 은평로 181 (녹번동) 한국국토정보공사 서대문은평지사,02-6937-2400,-,02-6937-2429,lx1123@lx.or.kr,-,-
중앙/지방(기관리스트),한국국토정보공사,한국국토정보공사 서산지사,지점,국토교통부,준정부기관(위탁집행형),충청남도 서산시 덕지천로 145-27 (석림동) 한국국토정보공사 서산지사,041-429-4330,-,041-429-4367,lx2016@lx.or.kr,-,-
중앙/지방(기관리스트),한국국토정보공사,한국국토정보공사 서울남부지사,지점,국토교통부,준정부기관(위탁집행형),서울특별시 관악구 남부순환로 1808 (봉천동) 한국국토정보공사 서울남부지사,02-6937-2210,-,02-6937-2239,lx1128@lx.or.kr,-,-
중앙/지방(기관리스트),한국국토정보공사,한국국토정보공사 서울동부지사,지점,국토교통부,준정부기관(위탁집행형),서울특별시 동대문구 고산자로 420 (용두동) 한국국토정보공사 서울동부지사,02-6937-2270,-,02-6937-2299,lx1117@lx.or.kr,-,-
중앙/지방(기관리스트),한국국토정보공사,한국국토정보공사 서울북부지사,지점,국토교통부,준정부기관(위탁집행형),서울특별시 노원구 동일로 1021 (공릉동) 한국국토정보공사 서울북부지사,02-6937-2240,-,02-6937-2269,lx1118@lx.or.kr,-,-
중앙/지방(기관리스트),한국국토정보공사,한국국토정보공사 서울중부지사,지점,국토교통부,준정부기관(위탁집행형),서울특별시 성북구 인촌로7다길 8 (안암동1가) 한국국토정보공사 서울중부지사,02-6937-2330,-,02-6937-2358,lx1112@lx.or.kr,-,-
중앙/지방(기관리스트),한국국토정보공사,한국국토정보공사 서울지역본부,지점,국토교통부,준정부기관(위탁집행형),서울특별시 강남구 언주로 703 (논현동) 한국국토정보공사 서울지역본부,02-6937-2000,-,02-6937-2107,lx1101@lx.or.kr,-,-
중앙/지방(기관리스트),한국국토정보공사,한국국토정보공사 서천지사,지점,국토교통부,준정부기관(위탁집행형),충청남도 서천군 서천읍 군청로 49-1 한국국토정보공사 서천지사,041-453-4480,-,041-453-4499,lx2021@lx.or.kr,-,-
중앙/지방(기관리스트),한국국토정보공사,한국국토정보공사 성남지사,지점,국토교통부,준정부기관(위탁집행형),경기도 성남시 분당구 서현로210번길 2 (서현동) 한국국토정보공사 성남지사,031-5178-3250,-,031-5178-3289,lx1715@lx.or.kr,-,-
중앙/지방(기관리스트),한국국토정보공사,한국국토정보공사 성주지사,지점,국토교통부,준정부기관(위탁집행형),경상북도 성주군 성주읍 성주순환로 68 한국국토정보공사 성주지사,054-509-7600,-,054-509-7628,lx2330@lx.or.kr,-,-
중앙/지방(기관리스트),한국국토정보공사,한국국토정보공사 세종,지점,국토교통부,준정부기관(위탁집행형),세종특별자치시 조치원읍 군청로 77 한국국토정보공사 세종지사,041-410-4660,-,041-410-4698,lx2018@lx.or.kr,-,-
중앙/지방(기관리스트),한국국토정보공사,한국국토정보공사 수원지사,지점,국토교통부,준정부기관(위탁집행형),경기도 수원시 팔달구 인계로 170 (인계동) 한국국토정보공사 수원지사,031-8066-7120,-,031-8066-7149,lx1711@lx.or.kr,-,-
중앙/지방(기관리스트),한국국토정보공사,한국국토정보공사 순천지사,지점,국토교통부,준정부기관(위탁집행형),전라남도 순천시 대석길 49 (연향동) 한국국토정보공사 순천지사,061-804-6360,-,061-804-6389,lx2213@lx.or.kr,-,-
중앙/지방(기관리스트),한국국토정보공사,한국국토정보공사 시흥광명지사,지점,국토교통부,준정부기관(위탁집행형),경기도 시흥시 새재로 41 (장현동) 한국국토정보공사 시흥광명지사,031-8099-8860,-,031-8099-8899,lx1059@lx.or.kr,-,-
중앙/지방(기관리스트),한국국토정보공사,한국국토정보공사 신안지사,지점,국토교통부,준정부기관(위탁집행형),전라남도 신안군 압해읍 압해로 821 한국국토정보공사 신안지사,061-800-6120,-,061-800-6148,lx2236@lx.or.kr,-,-
중앙/지방(기관리스트),한국국토정보공사,한국국토정보공사 아산지사,지점,국토교통부,준정부기관(위탁집행형),충청남도 아산시 충무로 80 (권곡동) 한국국토정보공사 아산지사,041-422-8160,-,041-422-8198,lx2015@lx.or.kr,-,-
중앙/지방(기관리스트),한국국토정보공사,한국국토정보공사 안동지사,지점,국토교통부,준정부기관(위탁집행형),경상북도 안동시 제비원로 351-5 (안기동) 한국국토정보공사 안동지사,054-806-7400,-,054-806-7429,lx2315@lx.or.kr,-,-
중앙/지방(기관리스트),한국국토정보공사,한국국토정보공사 안산지사,지점,국토교통부,준정부기관(위탁집행형),경기도 안산시 단원구 광덕대로 264 (고잔동) 한국국토정보공사 안산지사,031-8099-8830,-,031-8099-8859,lx1731@lx.or.kr,-,-
중앙/지방(기관리스트),한국국토정보공사,한국국토정보공사 안성지사,지점,국토교통부,준정부기관(위탁집행형),경기도 안성시 보개원삼로 47 (가사동) 한국국토정보공사 안성지사,031-8046-5800,-,031-673-4044,lx1750@lx.or.kr,-,-
중앙/지방(기관리스트),한국국토정보공사,한국국토정보공사 양구지사,지점,국토교통부,준정부기관(위탁집행형),강원도 양구군 양구읍 비봉로73번길 7-4 한국국토정보공사 양구지사,033-855-8300,-,033-855-8319,lx1825@lx.or.kr,-,-
중앙/지방(기관리스트),한국국토정보공사,한국국토정보공사 양산지사,지점,국토교통부,준정부기관(위탁집행형),경상남도 양산시 옥곡2길 10-7 (남부동) 한국국토정보공사 양산지사,055-781-6560,-,055-781-6599,lx2430@lx.or.kr,-,-
중앙/지방(기관리스트),한국국토정보공사,한국국토정보공사 양주지사,지점,국토교통부,준정부기관(위탁집행형),경기도 양주시 평화로 1305 (산북동) 한국국토정보공사 양주지사,031-951-3500,-,031-951-3538,lx1742@lx.or.kr,-,-
중앙/지방(기관리스트),한국국토정보공사,한국국토정보공사 양평지사,지점,국토교통부,준정부기관(위탁집행형),경기도 양평군 양평읍 양근로 127 한국국토정보공사 양평지사,031-8079-3800,-,031-8079-3859,lx1749@lx.or.kr,-,-
중앙/지방(기관리스트),한국국토정보공사,한국국토정보공사 여수지사,지점,국토교통부,준정부기관(위탁집행형),전라남도 여수시 웅천북1로 12 (웅천동) 한국국토정보공사 여수지사,061-805-6200,-,061-805-6228,lx2216@lx.or.kr,-,-
중앙/지방(기관리스트),한국국토정보공사,한국국토정보공사 여주지사,지점,국토교통부,준정부기관(위탁집행형),경기도 여주시 여흥로160번길 50 (상동) 한국국토정보공사 여주지사,031-8087-3460,-,031-8087-3498,lx1743@lx.or.kr,-,-
중앙/지방(기관리스트),한국국토정보공사,한국국토정보공사 연천지사,지점,국토교통부,준정부기관(위탁집행형),경기도 연천군 연천읍 문화로 48-20 한국국토정보공사 연천지사,031-8088-2900,-,031-8088-2929,lx1746@lx.or.kr,-,-
중앙/지방(기관리스트),한국국토정보공사,한국국토정보공사 영광지사,지점,국토교통부,준정부기관(위탁집행형),전라남도 영광군 영광읍 천년로11길 51 한국국토정보공사 영광지사,061-872-4870,-,061-872-4899,lx2232@lx.or.kr,-,-
중앙/지방(기관리스트),한국국토정보공사,한국국토정보공사 영덕지사,지점,국토교통부,준정부기관(위탁집행형),경상북도 영덕군 영덕읍 덕곡천길 74 한국국토정보공사 영덕지사,054-513-7630,-,054-513-7649,lx2327@lx.or.kr,-,-
중앙/지방(기관리스트),한국국토정보공사,한국국토정보공사 영동남부(동해)지사,지점,국토교통부,준정부기관(위탁집행형),강원도 동해시 천곡1길 5 (천곡동) 한국국토정보공사 영동남부(동해)지사,033-839-8140,-,033-839-8159,lx1814@lx.or.kr,-,-
중앙/지방(기관리스트),한국국토정보공사,한국국토정보공사 영동남부(삼척)지사,지점,국토교통부,준정부기관(위탁집행형),강원도 삼척시 사직로1길 14-17 (남양동) 한국국토정보공사 영동남부(삼척)지사,033-803-8200,-,033-803-8229,lx2029@lx.or.kr,-,-
중앙/지방(기관리스트),한국국토정보공사,한국국토정보공사 영동남부(태백)지사,지점,국토교통부,준정부기관(위탁집행형),강원도 태백시 태붐로 24 (황지동) 한국국토정보공사 영동남부(태백)지사,033-806-5900,-,033-806-5919,lx2029@lx.or.kr,-,-
중앙/지방(기관리스트),한국국토정보공사,한국국토정보공사 영동북부(고성)지사,지점,국토교통부,준정부기관(위탁집행형),강원도 고성군 간성읍 수성로 147 한국국토정보공사 영동북부(고성)지사,033-801-8230,-,033-801-8249,lx1827@lx.or.kr,-,-
중앙/지방(기관리스트),한국국토정보공사,한국국토정보공사 영동북부(속초)지사,지점,국토교통부,준정부기관(위탁집행형),강원도 속초시 중앙로 193 (동명동) 한국국토정보공사 영동북부(속초)지사,033-801-8250,-,033-801-8269,lx1816@lx.or.kr,-,-
중앙/지방(기관리스트),한국국토정보공사,한국국토정보공사 영동북부(양양)지사,지점,국토교통부,준정부기관(위탁집행형),강원도 양양군 양양읍 관아길 11 한국국토정보공사 영동북부(양양)지사,033-851-8270,-,033-851-8289,lx1816@lx.or.kr,-,-
중앙/지방(기관리스트),한국국토정보공사,한국국토정보공사 영동지사,지점,국토교통부,준정부기관(위탁집행형),충청북도 영동군 영동읍 계산로2길 28 한국국토정보공사 영동지사,043-770-6940,-,043-770-6969,lx1918@lx.or.kr,-,-
중앙/지방(기관리스트),한국국토정보공사,한국국토정보공사 영등포동작지사,지점,국토교통부,준정부기관(위탁집행형),서울특별시 영등포구 당산로 122 (당산동3가) 한국국토정보공사 영등포동작지사,02-6937-2370,-,02-6937-2399,lx1130@lx.or.kr,-,-
중앙/지방(기관리스트),한국국토정보공사,한국국토정보공사 영암지사,지점,국토교통부,준정부기관(위탁집행형),전라남도 영암군 영암읍 열무정로 11 한국국토정보공사 영암지사,061-812-6500,-,061-812-6519,lx2229@lx.or.kr,-,-
중앙/지방(기관리스트),한국국토정보공사,한국국토정보공사 영월지사,지점,국토교통부,준정부기관(위탁집행형),강원도 영월군 영월읍 하송로 17 한국국토정보공사 영월지사,033-834-5570,-,033-834-5599,lx1820@lx.or.kr,-,-
중앙/지방(기관리스트),한국국토정보공사,한국국토정보공사 영주봉화(봉화)지사,지점,국토교통부,준정부기관(위탁집행형),경상북도 봉화군 봉화읍 봉화로 1090 한국국토정보공사 영주봉화(봉화)지사,054-515-7580,-,054-515-7599,lx2333@lx.or.kr,-,-
중앙/지방(기관리스트),한국국토정보공사,한국국토정보공사 영주봉화(영주)지사,지점,국토교통부,준정부기관(위탁집행형),경상북도 영주시 목민로 16 (휴천동) 한국국토정보공사 영주봉화(영주)지사,054-709-7430,-,054-709-7459,lx2318@lx.or.kr,-,-
중앙/지방(기관리스트),한국국토정보공사,한국국토정보공사 영천지사,지점,국토교통부,준정부기관(위탁집행형),경상북도 영천시 중앙동1길 67 (문외동) 한국국토정보공사 영천지사,054-707-7460,-,054-707-7489,lx2319@lx.or.kr,-,-
중앙/지방(기관리스트),한국국토정보공사,한국국토정보공사 예산지사,지점,국토교통부,준정부기관(위탁집행형),충청남도 예산군 예산읍 향교길 3 한국국토정보공사 예산지사,041-404-4530,-,041-404-4559,lx2024@lx.or.kr,-,-
중앙/지방(기관리스트),한국국토정보공사,한국국토정보공사 예천지사,지점,국토교통부,준정부기관(위탁집행형),경상북도 예천군 예천읍 충효로 192 한국국토정보공사 예천지사,054-523-7670,-,054-523-7689,lx2332@lx.or.kr,-,-
중앙/지방(기관리스트),한국국토정보공사,한국국토정보공사 오산지사,지점,국토교통부,준정부기관(위탁집행형),경기도 오산시 대원로39번길 24 (원동) 한국국토정보공사 오산지사,031-8077-0670,-,031-8077-0699,lx1733@lx.or.kr,-,-
중앙/지방(기관리스트),한국국토정보공사,한국국토정보공사 옥천지사,지점,국토교통부,준정부기관(위탁집행형),충청북도 옥천군 옥천읍 중앙로1길 14 한국국토정보공사 옥천지사,043-762-4850,-,043-762-4869,lx1917@lx.or.kr,-,-
중앙/지방(기관리스트),한국국토정보공사,한국국토정보공사 완도지사,지점,국토교통부,준정부기관(위탁집행형),전라남도 완도군 완도읍 개포로 11-19 한국국토정보공사 완도지사,061-886-6520,-,061-886-6538,lx2234@lx.or.kr,-,-
중앙/지방(기관리스트),한국국토정보공사,한국국토정보공사 완주지사,지점,국토교통부,준정부기관(위탁집행형),전라북도 전주시 덕진구 백제대로 730 (인후동2가) 한국국토정보공사 완주지사,063-240-2770,-,063-240-2790,lx2120@lx.or.kr,-,-
중앙/지방(기관리스트),한국국토정보공사,한국국토정보공사 용산마포지사,지점,국토교통부,준정부기관(위탁집행형),서울특별시 마포구 포은로 135 (망원동) 한국국토정보공사 용산마포지사,02-6937-2300,-,02-6937-2329,lx1114@lx.or.kr,-,-
중앙/지방(기관리스트),한국국토정보공사,한국국토정보공사 용인서부지사,지점,국토교통부,준정부기관(위탁집행형),경기도 용인시 기흥구 구갈로60번길 5 (구갈동) 한국국토정보공사 용인서부지사,031-8066-7150,-,031-8066-7189,lx1752@lx.or.kr,-,-
중앙/지방(기관리스트),한국국토정보공사,한국국토정보공사 용인지사,지점,국토교통부,준정부기관(위탁집행형),경기도 용인시 처인구 중부대로 1414 (김량장동) 한국국토정보공사 용인지사,031-326-3300,-,031-326-3359,lx1741@lx.or.kr,-,-
중앙/지방(기관리스트),한국국토정보공사,한국국토정보공사 울릉지사,지점,국토교통부,준정부기관(위탁집행형),경상북도 울릉군 울릉읍 행남길 10-1 한국국토정보공사 울릉지사,054-527-7690,-,054-527-7699,lx2335@lx.or.kr,-,-
중앙/지방(기관리스트),한국국토정보공사,한국국토정보공사 울산지사,지점,국토교통부,준정부기관(위탁집행형),울산광역시 중구 함월10길 6 (성안동) 한국국토정보공사 울산지사,052-706-5220,-,052-706-5259,lx8038@lx.or.kr,-,-
중앙/지방(기관리스트),한국국토정보공사,한국국토정보공사 울주지사,지점,국토교통부,준정부기관(위탁집행형),울산광역시 중구 함월10길 6 (성안동) 한국국토정보공사 울산지사,052-706-5260,-,052-706-5298,lx2415@lx.or.kr,-,-
중앙/지방(기관리스트),한국국토정보공사,한국국토정보공사 울진지사,지점,국토교통부,준정부기관(위탁집행형),경상북도 울진군 울진읍 읍내로 62 한국국토정보공사 울진지사,054-503-7700,-,054-503-7719,lx2334@lx.or.kr,-,-
중앙/지방(기관리스트),한국국토정보공사,한국국토정보공사 원주지사,지점,국토교통부,준정부기관(위탁집행형),강원도 원주시 시청로 2 (무실동) 한국국토정보공사 원주지사,033-810-8000,-,033-810-8047,lx1812@lx.or.kr,-,-
중앙/지방(기관리스트),한국국토정보공사,한국국토정보공사 음성지사,지점,국토교통부,준정부기관(위탁집행형),충청북도 음성군 음성읍 중앙로 18 한국국토정보공사 음성지사,043-751-8500,-,043-751-8538,lx1921@lx.or.kr,-,-
중앙/지방(기관리스트),한국국토정보공사,한국국토정보공사 의령지사,지점,국토교통부,준정부기관(위탁집행형),경상남도 의령군 의령읍 의병로17길 12 한국국토정보공사 의령지사,055-817-5750,-,055-817-5766,lx2427@lx.or.kr,-,-
중앙/지방(기관리스트),한국국토정보공사,한국국토정보공사 의성지사,지점,국토교통부,준정부기관(위탁집행형),경상북도 의성군 의성읍 동서1길 8 한국국토정보공사 의성지사,054-511-7720,-,054-511-7748,lx2324@lx.or.kr,-,-
중앙/지방(기관리스트),한국국토정보공사,한국국토정보공사 의정부지사,지점,국토교통부,준정부기관(위탁집행형),경기도 의정부시 의정로84번길 10 (의정부동) 한국국토정보공사 의정부지사,031-951-3580,-,031-951-3599,lx1714@lx.or.kr,-,-
중앙/지방(기관리스트),한국국토정보공사,한국국토정보공사 이천지사,지점,국토교통부,준정부기관(위탁집행형),경기도 이천시 부악로 45 (중리동) 한국국토정보공사 이천지사,031-8011-2700,-,031-8011-2739,lx1740@lx.or.kr,-,-
중앙/지방(기관리스트),한국국토정보공사,한국국토정보공사 익산지사,지점,국토교통부,준정부기관(위탁집행형),전라북도 익산시 익산대로36길 41 (남중동) 한국국토정보공사 익산지사,063-720-5920,-,063-720-5941,lx2115@lx.or.kr,-,-
중앙/지방(기관리스트),한국국토정보공사,한국국토정보공사 인제지사,지점,국토교통부,준정부기관(위탁집행형),강원도 인제군 인제읍 인제로 129 한국국토정보공사 인제지사,033-853-8340,-,033-853-8359,lx1826@lx.or.kr,-,-
중앙/지방(기관리스트),한국국토정보공사,한국국토정보공사 인천남부지사,지점,국토교통부,준정부기관(위탁집행형),인천광역시 남동구 인하로 545 (구월동) 한국국토정보공사 인천남부지사,032-713-2550,-,032-713-2589,lx1414@lx.or.kr,-,-
중앙/지방(기관리스트),한국국토정보공사,한국국토정보공사 인천북부지사,지점,국토교통부,준정부기관(위탁집행형),인천광역시 계양구 장제로 805 (계산동) 한국국토정보공사 인천북부지사,032-713-2840,-,032-713-2869,lx1416@lx.or.kr,-,-
중앙/지방(기관리스트),한국국토정보공사,한국국토정보공사 인천중부지사,지점,국토교통부,준정부기관(위탁집행형),인천광역시 중구 제물량로 98 (신흥동1가) 한국국토정보공사 인천중부지사,032-713-2600,-,032-713-2638,lx1411@lx.or.kr,-,-
중앙/지방(기관리스트),한국국토정보공사,한국국토정보공사 인천지역본부,지점,국토교통부,준정부기관(위탁집행형),인천광역시 남동구 인주대로551번길 42 (구월동) 한국국토정보공사 인천지역본부,032-713-2500,-,032-713-2519,lx1401@lx.or.kr,-,-
중앙/지방(기관리스트),한국국토정보공사,한국국토정보공사 임실순창(순창)지사,지점,국토교통부,준정부기관(위탁집행형),전라북도 순창군 순창읍 장류로 294 한국국토정보공사 임실순창(순창)지사,063-782-3781,-,063-782-3799,lx2125@lx.or.kr,-,-
중앙/지방(기관리스트),한국국토정보공사,한국국토정보공사 임실순창(임실)지사,지점,국토교통부,준정부기관(위탁집행형),전라북도 임실군 임실읍 호국로 1775 한국국토정보공사 임실순창(임실)지사,063-778-2640,-,063-778-2659,lx2124@lx.or.kr,-,-
중앙/지방(기관리스트),한국국토정보공사,한국국토정보공사 장성지사,지점,국토교통부,준정부기관(위탁집행형),전라남도 장성군 장성읍 영천로 226-5 한국국토정보공사 장성지사,061-878-6540,-,061-878-6559,lx2233@lx.or.kr,-,-
중앙/지방(기관리스트),한국국토정보공사,한국국토정보공사 장흥강진(강진)지사,지점,국토교통부,준정부기관(위탁집행형),전라남도 강진군 강진읍 탐진로 129 한국국토정보공사 장흥강진(강진)지사,061-892-6150,-,061-892-6169,-,-,-
중앙/지방(기관리스트),한국국토정보공사,한국국토정보공사 장흥강진(장흥)지사,지점,국토교통부,준정부기관(위탁집행형),전라남도 장흥군 장흥읍 동부로 21 한국국토정보공사 장흥강진(장흥)지사,061-890-6170,-,061-890-6189,lx2226@lx.or.kr,-,-
중앙/지방(기관리스트),한국국토정보공사,한국국토정보공사 전북지역본부,지점,국토교통부,준정부기관(위탁집행형),전라북도 전주시 덕진구 백제대로 730 (인후동2가) 한국국토정보공사 전북지역본부,063-240-2700,-,063-240-2710,lx2101@lx.or.kr,-,-
중앙/지방(기관리스트),한국국토정보공사,한국국토정보공사 전주지사,지점,국토교통부,준정부기관(위탁집행형),전라북도 전주시 완산구 견훤왕궁로 19 (중노송동) 한국국토정보공사 전주지사,063-712-3100,-,063-712-3129,lx2111@lx.or.kr,-,-
중앙/지방(기관리스트),한국국토정보공사,한국국토정보공사 정선지사,지점,국토교통부,준정부기관(위탁집행형),강원도 정선군 정선읍 비봉로 2-2 한국국토정보공사 정선지사,033-805-8360,-,033-805-8379,lx1822@lx.or.kr,-,-
중앙/지방(기관리스트),한국국토정보공사,한국국토정보공사 정읍지사,지점,국토교통부,준정부기관(위탁집행형),전라북도 정읍시 명륜길 15-3 (수성동) 한국국토정보공사 정읍지사,063-700-6000,-,063-700-6039,lx2117@lx.or.kr,-,-
중앙/지방(기관리스트),한국국토정보공사,한국국토정보공사 제주지사,지점,국토교통부,준정부기관(위탁집행형),제주특별자치도 제주시 신성로8길 9 (도남동) 한국국토정보공사 제주지사,064-801-6650,-,064-801-6728,lx2511@lx.or.kr,-,-
중앙/지방(기관리스트),한국국토정보공사,한국국토정보공사 제주지역본부,지점,국토교통부,준정부기관(위탁집행형),제주특별자치도 제주시 복지로북길 37 (도남동) 한국국토정보공사 제주지역본부,064-909-3302,-,064-909-3397,lx2501@lx.or.kr,-,-
중앙/지방(기관리스트),한국국토정보공사,한국국토정보공사 제천지사,지점,국토교통부,준정부기관(위탁집행형),충청북도 제천시 내토로 291-1 (천남동) 한국국토정보공사 제천지사,043-756-4800,-,043-756-4828,lx1914@lx.or.kr,-,-
중앙/지방(기관리스트),한국국토정보공사,한국국토정보공사 진안장수(장수)지사,지점,국토교통부,준정부기관(위탁집행형),전라북도 장수군 장수읍 호비로 13 한국국토정보공사 진안장수(장수)지사,063-784-5960,-,063-784-5979,-,-,-
중앙/지방(기관리스트),한국국토정보공사,한국국토정보공사 진안장수(진안)지사,지점,국토교통부,준정부기관(위탁집행형),전라북도 진안군 진안읍 성산2길 21-11 한국국토정보공사 진안장수(진안)지사,063-786-5980,-,063-786-5998,lx2121@lx.or.kr,-,-
중앙/지방(기관리스트),한국국토정보공사,한국국토정보공사 진주지사,지점,국토교통부,준정부기관(위탁집행형),경상남도 진주시 영천강로177번길 29 (충무공동) 한국국토정보공사 진주지사,055-790-5600,-,055-790-5625,lx2418@lx.or.kr,-,-
중앙/지방(기관리스트),한국국토정보공사,한국국토정보공사 진천지사,지점,국토교통부,준정부기관(위탁집행형),충청북도 진천군 진천읍 문화로 163 한국국토정보공사 진천지사,043-753-4900,-,043-753-4926,lx1919@lx.or.kr,-,-
중앙/지방(기관리스트),한국국토정보공사,한국국토정보공사 창녕지사,지점,국토교통부,준정부기관(위탁집행형),경상남도 창녕군 창녕읍 군청길 8 한국국토정보공사 창녕지사,055-806-5770,-,055-806-5799,lx2429@lx.or.kr,-,-
중앙/지방(기관리스트),한국국토정보공사,한국국토정보공사 창원 동부지사,지점,국토교통부,준정부기관(위탁집행형),경상남도 창원시 의창구 창이대로532번길 6 (신월동) 한국국토정보공사 창원동부지사,055-717-5380,-,055-717-5419,lx2411@lx.or.kr,-,-
중앙/지방(기관리스트),한국국토정보공사,한국국토정보공사 창원 서부지사,지점,국토교통부,준정부기관(위탁집행형),경상남도 창원시 마산회원구 3·15대로 656 (석전동) 한국국토정보공사 창원서부지사,055-717-5430,-,055-717-5459,lx2412@lx.or.kr,-,-
중앙/지방(기관리스트),한국국토정보공사,한국국토정보공사 천안지사,지점,국토교통부,준정부기관(위탁집행형),충청남도 천안시 동남구 청수7로 24-66 (청당동) 한국국토정보공사 천안지사,041-412-4150,-,041-412-4198,lx2011@lx.or.kr,-,-
중앙/지방(기관리스트),한국국토정보공사,한국국토정보공사 철원지사,지점,국토교통부,준정부기관(위탁집행형),강원도 철원군 갈말읍 명성로 194 한국국토정보공사 철원지사,033-837-8380,-,033-837-8399,lx1823@lx.or.kr,-,-
중앙/지방(기관리스트),한국국토정보공사,한국국토정보공사 청도지사,지점,국토교통부,준정부기관(위탁집행형),경상북도 청도군 청도읍 고수서4길 22 한국국토정보공사 청도지사,054-517-7750,-,054-517-7779,lx2328@lx.or.kr,-,-
중앙/지방(기관리스트),한국국토정보공사,한국국토정보공사 청송영양(영양)지사,지점,국토교통부,준정부기관(위탁집행형),경상북도 영양군 영양읍 중앙로 143 한국국토정보공사 청송영양(영양)지사,054-525-7650,-,054-525-7669,lx2326@lx.or.kr,-,-
중앙/지방(기관리스트),한국국토정보공사,한국국토정보공사 청송영양(청송)지사,지점,국토교통부,준정부기관(위탁집행형),경상북도 청송군 청송읍 군청로 78 한국국토정보공사 청송영양(청송)지사,054-519-7780,-,054-519-7799,lx2325@lx.or.kr,-,-
중앙/지방(기관리스트),한국국토정보공사,한국국토정보공사 청양지사,지점,국토교통부,준정부기관(위탁집행형),충청남도 청양군 청양읍 칠갑산로7길 16-29 한국국토정보공사 청양지사,041-456-4560,-,041-456-4579,lx2022@lx.or.kr,-,-
중앙/지방(기관리스트),한국국토정보공사,한국국토정보공사 청주동부지사,지점,국토교통부,준정부기관(위탁집행형),충청북도 청주시 청원구 향군로 31 (우암동) 한국국토정보공사 청주동부지사,043-710-4290,-,043-710-4328,lx1915@lx.or.kr,-,-
중앙/지방(기관리스트),한국국토정보공사,한국국토정보공사 청주서부지사,지점,국토교통부,준정부기관(위탁집행형),충청북도 청주시 서원구 예체로 149 (사창동) 한국국토정보공사 청주서부지사,043-710-4250,-,043-710-4289,lx1911@lx.or.kr,-,-
중앙/지방(기관리스트),한국국토정보공사,한국국토정보공사 춘천지사,지점,국토교통부,준정부기관(위탁집행형),강원도 춘천시 동내면 춘천순환로 156 한국국토정보공사 춘천지사,033-815-8650,-,033-815-8688,lx1811@lx.or.kr,-,-
중앙/지방(기관리스트),한국국토정보공사,한국국토정보공사 충북지역본부,지점,국토교통부,준정부기관(위탁집행형),충청북도 청주시 서원구 예체로 149 (사창동) 한국국토정보공사 충북지역본부,043-710-4200,-,043-710-4245,lx1901@lx.or.kr,-,-
중앙/지방(기관리스트),한국국토정보공사,한국국토정보공사 충주지사,지점,국토교통부,준정부기관(위탁집행형),충청북도 충주시 칠금11길 46 (칠금동) 한국국토정보공사 충주지사,043-720-4700,-,043-720-4738,lx1913@lx.or.kr,-,-
중앙/지방(기관리스트),한국국토정보공사,한국국토정보공사 칠곡지사,지점,국토교통부,준정부기관(위탁집행형),경상북도 칠곡군 왜관읍 석전로10길 122 한국국토정보공사 칠곡지사,054-801-7350,-,054-801-7379,lx2331@lx.or.kr,-,-
중앙/지방(기관리스트),한국국토정보공사,한국국토정보공사 태안지사,지점,국토교통부,준정부기관(위탁집행형),충청남도 태안군 태안읍 동백로 173 한국국토정보공사 태안지사,041-429-4370,-,041-429-4398,lx2025@lx.or.kr,-,-
중앙/지방(기관리스트),한국국토정보공사,한국국토정보공사 통영지사,지점,국토교통부,준정부기관(위탁집행형),경상남도 통영시 안개2길 16 (무전동) 한국국토정보공사 통영지사,055-725-5630,-,055-725-5649,lx2420@lx.or.kr,-,-
중앙/지방(기관리스트),한국국토정보공사,한국국토정보공사 파주지사,지점,국토교통부,준정부기관(위탁집행형),경기도 파주시 시청로 3-6 (금촌동) 한국국토정보공사 파주지사,031-934-2750,-,031-934-2789,lx1739@lx.co.kr,-,-
중앙/지방(기관리스트),한국국토정보공사,한국국토정보공사 평창지사,지점,국토교통부,준정부기관(위탁집행형),강원도 평창군 평창읍 송학로 55 한국국토정보공사 평창지사,033-833-8400,-,033-833-8429,lx1821@lx.or.kr,-,-
중앙/지방(기관리스트),한국국토정보공사,한국국토정보공사 평택송탄,지점,국토교통부,준정부기관(위탁집행형),경기도 평택시 서정로 308 (서정동) 한국국토정보공사 평택송탄지사,031-8098-8900,-,031-8098-8929,lx1728@lx.or.kr,-,-
중앙/지방(기관리스트),한국국토정보공사,한국국토정보공사 평택안중지사,지점,국토교통부,준정부기관(위탁집행형),경기도 평택시 안중읍 안청로 11 한국국토정보공사 평택안중지사,031-8098-8930,-,031-8098-8959,lx1729@lx.or.kr,-,-
중앙/지방(기관리스트),한국국토정보공사,한국국토정보공사 평택지사,지점,국토교통부,준정부기관(위탁집행형),경기도 평택시 중앙로 260 (합정동) 한국국토정보공사 평택지사,031-8098-8960,-,031-8098-8989,lx1727@lx.or.kr,-,-
중앙/지방(기관리스트),한국국토정보공사,한국국토정보공사 포천지사,지점,국토교통부,준정부기관(위탁집행형),경기도 포천시 군내면 호국로 1521 한국국토정보공사 포천지사,031-8089-2930,-,031-8089-2968,lx1747@lx.or.kr,-,-
중앙/지방(기관리스트),한국국토정보공사,한국국토정보공사 포항지사,지점,국토교통부,준정부기관(위탁집행형),경상북도 포항시 남구 대이로19번길 6 (대잠동) 한국국토정보공사 포항지사,054-720-7500,-,054-720-7538,lx2311@lx.or.kr,-,-
중앙/지방(기관리스트),한국국토정보공사,한국국토정보공사 하남지사,지점,국토교통부,준정부기관(위탁집행형),광주광역시 북구 하남대로 788 (운암동) 한국국토정보공사 하남지사,031-8027-3670,-,031-8027-3699,lx1737@lx.or.kr,-,-
중앙/지방(기관리스트),한국국토정보공사,한국국토정보공사 하동지사,지점,국토교통부,준정부기관(위탁집행형),경상남도 하동군 하동읍 송림1길 7 한국국토정보공사 하동지사,055-810-5800,-,055-810-5828,lx2433@lx.or.kr,-,-
중앙/지방(기관리스트),한국국토정보공사,한국국토정보공사 함안지사,지점,국토교통부,준정부기관(위탁집행형),경상남도 함안군 가야읍 함안대로 464 한국국토정보공사 함안지사,055-800-5850,-,055-800-5879,lx2428@lx.or.kr,-,-
중앙/지방(기관리스트),한국국토정보공사,한국국토정보공사 함양지사,지점,국토교통부,준정부기관(위탁집행형),경상남도 함양군 함양읍 함양남서로 1219 한국국토정보공사 함양지사,055-820-5880,-,055-820-5899,lx2435@lx.or.kr,-,-
중앙/지방(기관리스트),한국국토정보공사,한국국토정보공사 함평지사,지점,국토교통부,준정부기관(위탁집행형),전라남도 함평군 함평읍 중앙길 235 한국국토정보공사 함평지사,061-894-6970,-,061-894-6999,lx2231@lx.or.kr,-,-
중앙/지방(기관리스트),한국국토정보공사,한국국토정보공사 합천지사,지점,국토교통부,준정부기관(위탁집행형),경상남도 합천군 합천읍 동서로 141-4 한국국토정보공사 합천군지사,055-816-8770,-,055-816-8799,lx2437@lx.or.kr,-,-
중앙/지방(기관리스트),한국국토정보공사,한국국토정보공사 해남진도(진도)지사,지점,국토교통부,준정부기관(위탁집행형),전라남도 진도군 진도읍 남동1길 27 한국국토정보공사 해남진도(진도)지사,061-898-6270,-,061-898-6288,lx2235@lx.or.kr,-,-
중앙/지방(기관리스트),한국국토정보공사,한국국토정보공사 해남진도(해남)지사,지점,국토교통부,준정부기관(위탁집행형),전라남도 해남군 해남읍 남부순환로 90 한국국토정보공사 해남진도(해남)지사,061-880-2470,-,061-880-2499,lx2228@lx.or.kr,-,-
중앙/지방(기관리스트),한국국토정보공사,한국국토정보공사 홍성지사,지점,국토교통부,준정부기관(위탁집행형),충청남도 홍성군 홍성읍 문화로 178 한국국토정보공사 홍성지사,041-406-4430,-,041-406-4459,lx2023@lx.or.kr,-,-
중앙/지방(기관리스트),한국국토정보공사,한국국토정보공사 홍천지사,지점,국토교통부,준정부기관(위탁집행형),강원도 홍천군 홍천읍 진리로 32 한국국토정보공사 홍천지사,033-831-8430,-,033-831-8467,lx1818@lx.or.kr,-,-
중앙/지방(기관리스트),한국국토정보공사,한국국토정보공사 화성동부지사,지점,국토교통부,준정부기관(위탁집행형),경기도 화성시 병점동로 78 (병점동) 한국국토정보공사 화성동부지사,031-8065-8700,-,031-8065-8729,lx1753@lx.or.kr,-,-
중앙/지방(기관리스트),한국국토정보공사,한국국토정보공사 화성지사,지점,국토교통부,준정부기관(위탁집행형),경기도 화성시 남양읍 역골로 8 한국국토정보공사 화성지사,031-8077-0600,-,031-8077-0667,lx1744@lx.or.kr,-,-
중앙/지방(기관리스트),한국국토정보공사,한국국토정보공사 화순지사,지점,국토교통부,준정부기관(위탁집행형),전라남도 화순군 화순읍 동헌길 9-5 한국국토정보공사 화순지사,061-871-8570,-,061-871-8599,lx2225@lx.or.kr,-,-
중앙/지방(기관리스트),한국국토정보공사,한국국토정보공사 화천지사,지점,국토교통부,준정부기관(위탁집행형),강원도 화천군 화천읍 산수화로 48 한국국토정보공사 화천지사,033-857-8470,-,033-857-8489,lx1824@lx.or.kr,-,-
중앙/지방(기관리스트),한국국토정보공사,한국국토정보공사 횡성지사,지점,국토교통부,준정부기관(위탁집행형),강원도 횡성군 횡성읍 태기로 61 한국국토정보공사 횡성지사,033-809-8540,-,033-809-8559,lx1819@lx.or.kr,-,-
중앙/지방(기관리스트),한국기상산업기술원,한국기상산업기술원,본점,기상청,기타공공기관,대전광역시 동구 우암로 273 (가양동) 한국기상산업기술원,042-624-0365,-,-,yiseul@kmiti.or.kr,-,-
중앙/지방(기관리스트),한국기상산업기술원,한국기상산업기술원 지진측기검정실,지점,기상청,기타공공기관,서울특별시 동작구 여의대방로16길 61 (신대방동) 지하 1층,070-5003-5450,-,02-733-7364,river@kmiti.or.kr,-,-
중앙/지방(기관리스트),한국기술교육대학교,한국기술교육대학교,본점,고용노동부,기타공공기관,"충청남도 천안시 동남구 병천면 충절로 1600 (가전리, 한국기술교육대학교)",041-560-1114,-,-,-,-,-
중앙/지방(기관리스트),한국기술교육대학교,한국기술교육대학교 능력개발교육원,지점,고용노동부,기타공공기관,충청남도 천안시 서북구 과수원길 18 (부대동) 한국기술교육대학교 능력개발교육원,041-521-8123,-,041-521-8010,-,-,-
중앙/지방(기관리스트),한국기술교육대학교,한국기술교육대학교 온라인평생교육원,지점,고용노동부,기타공공기관,충청남도 천안시 동남구 병천면 충절로 1600 온라인평생교육원,041-580-4500,-,041-580-4506,e-koreatech@koreatech.ac.kr,-,-
중앙/지방(기관리스트),한국기술교육대학교,한국기술교육대학교 직업능력심사평가원,지점,고용노동부,기타공공기관,"서울특별시 중구 후암로 110 (남대문로5가) B1층, 3층, 19층",1644-5113,-,02-6943-4009,ksqa@koreatech.ac.kr,-,-
중앙/지방(기관리스트),한국나노기술원,한국나노기술원,본점,과학기술정보통신부,기타공공기관,경기도 수원시 영통구 광교로 109 (이의동) 한국나노기술원,031-546-6000,-,-,-,-,-
중앙/지방(기관리스트),한국남동발전(주),한국남동발전(주),본점,기후에너지환경부,공기업(시장형),경상남도 진주시 사들로123번길 32 (충무공동) 한국남동발전(주),070-8898-1000,-,-,-,-,-
중앙/지방(기관리스트),한국남동발전(주),한국남동발전(주) 분당발전본부,지점,기후에너지환경부,공기업(시장형),경기도 성남시 분당구 분당로 336 (분당동) 한국남동발전(주) 분당발전본부,070-8898-6000,-,-,-,-,-
중앙/지방(기관리스트),한국남동발전(주),한국남동발전(주) 삼천포발전본부,지점,기후에너지환경부,공기업(시장형),경상남도 고성군 하이면 하이로 1 한국남동발전(주) 삼천포발전본부,070-8898-2000,-,-,-,-,-
중앙/지방(기관리스트),한국남동발전(주),한국남동발전(주) 여수발전본부,지점,기후에너지환경부,공기업(시장형),전라남도 여수시 여수산단로 727 (중흥동) 한국남동발전(주) 여수발전본부,070-8898-5000,-,-,-,-,-
중앙/지방(기관리스트),한국남동발전(주),한국남동발전(주) 영동에코발전본부,지점,기후에너지환경부,공기업(시장형),강원도 강릉시 강동면 염전길 99 한국남동발전(주) 영동에코발전본부,070-8898-4000,-,-,-,-,-
중앙/지방(기관리스트),한국남동발전(주),한국남동발전(주) 영흥발전본부,지점,기후에너지환경부,공기업(시장형),인천광역시 옹진군 영흥면 영흥남로293번길 75 한국남동발전(주) 영흥발전본부,070-8898-3000,-,-,-,-,-
중앙/지방(기관리스트),한국남부발전(주),한국남부발전(주),본점,기후에너지환경부,공기업(시장형),부산광역시 남구 문현금융로 40 (문현동) 부산국제금융센터,070-7713-8000,-,-,-,-,-
중앙/지방(기관리스트),한국남부발전(주),한국남부발전(주) 남제주빛드림본부,지점,기후에너지환경부,공기업(시장형),제주특별자치도 서귀포시 안덕면 화순해안로106번길 55 한국남부발전 남제주빛드림본부,070-7713-6021,-,064-794-1885,-,-,-
중앙/지방(기관리스트),한국남부발전(주),한국남부발전(주) 부산빛드림본부,지점,기후에너지환경부,공기업(시장형),부산광역시 사하구 감천항로 7(감천동) 한국남부발전 부산빛드림본부,070-7713-2021,-,051-294-8643,-,-,-
중앙/지방(기관리스트),한국남부발전(주),한국남부발전(주) 삼척빛드림본부,지점,기후에너지환경부,공기업(시장형),강원도 삼척시 원덕읍 삼척로 734 한국남부발전 삼척빛드림본부,070-7713-5521,-,033-575-6616,-,-,-
중앙/지방(기관리스트),한국남부발전(주),한국남부발전(주) 신세종빛드림건설본부,지점,기후에너지환경부,공기업(시장형),세종특별자치시 연기면 임난수로 280 한국남부발전 신세종빛드림건설본부,070-7713-4051,-,-,-,-,-
중앙/지방(기관리스트),한국남부발전(주),한국남부발전(주) 신인천빛드림본부,지점,기후에너지환경부,공기업(시장형),인천광역시 서구 장도로 57(청라동) 한국남부발전 신인천빛드림본부,070-7713-3025,-,032-562-2909,-,-,-
중앙/지방(기관리스트),한국남부발전(주),한국남부발전(주) 안동빛드림본부,지점,기후에너지환경부,공기업(시장형),경상북도 안동시 풍산읍 산업단지1길 38 한국남부발전 안동빛드림본부,070-7713-7022,-,054-841-9755,-,-,-
중앙/지방(기관리스트),한국남부발전(주),한국남부발전(주) 영월빛드림본부,지점,기후에너지환경부,공기업(시장형),강원도 영월군 영월읍 중앙로 411 한국남부발전 영월빛드림본부,070-7713-7531,-,033-373-6949,-,-,-
중앙/지방(기관리스트),한국남부발전(주),한국남부발전(주) 하동빛드림본부,지점,기후에너지환경부,공기업(시장형),경상남도 하동군 금성면 경제산업로 509 한국남부발전 하동빛드림본부,070-7713-1521,-,070-7713-1900,-,-,-
중앙/지방(기관리스트),한국노동연구원,한국노동연구원,본점,국무조정실,기타공공기관,세종특별자치시 시청대로 370(반곡동) 세종국책연구단지 경제정책동 5~7층,044-287-6114,-,-,webmaster@kli.re.kr,-,-
중앙/지방(기관리스트),한국노인인력개발원,강원지역본부,지점,보건복지부,기타공공기관,강원도 춘천시 경춘로 2360(온의동) 3층,033-911-3011,-,-,-,-,-
중앙/지방(기관리스트),한국노인인력개발원,경기지역본부,지점,보건복지부,기타공공기관,경기도 수원시 영통구 에듀타운로106번길 16(이의동) 광교하이니티 빌딩 3층,031-8067-5060,-,-,-,-,-
중앙/지방(기관리스트),한국노인인력개발원,경남지역본부,지점,보건복지부,기타공공기관,경상남도 창원시 의창구 용동로57번길 24(사림동) 6층,055-713-3080,-,-,-,-,-
중앙/지방(기관리스트),한국노인인력개발원,광주전남지역본부,지점,보건복지부,기타공공기관,광주광역시 북구 제봉로 324 (중흥동) 6층,062-365-8815,-,-,-,-,-
중앙/지방(기관리스트),한국노인인력개발원,대구경북지역본부,지점,보건복지부,기타공공기관,대구광역시 동구 동대구로 475 (신천동) 3층,053-759-1900,-,-,-,-,-
중앙/지방(기관리스트),한국노인인력개발원,대전충남지역본부,지점,보건복지부,기타공공기관,대전광역시 서구 청사로 152 (둔산동) 7층,042-476-9893,-,-,-,-,-
중앙/지방(기관리스트),한국노인인력개발원,부산울산지역본부,지점,보건복지부,기타공공기관,부산광역시 연제구 거제대로 295(거제동) 주성산빌딩 3층,051-507-6373,-,-,-,-,-
중앙/지방(기관리스트),한국노인인력개발원,서울지역본부,지점,보건복지부,기타공공기관,서울특별시 중구 세종대로 17 (남대문로5가) 19층,02-6203-0964,-,-,-,-,-
중앙/지방(기관리스트),한국노인인력개발원,세종충북지역본부,지점,보건복지부,기타공공기관,충청북도 청주시 흥덕구 오송읍 오송생명8로 223 우리새마을금고빌딩 3층,043-715-3045,-,-,-,-,-
중앙/지방(기관리스트),한국노인인력개발원,인천지역본부,지점,보건복지부,기타공공기관,인천광역시 부평구 길주로 641 (삼산동) 근영프라자 10층,032-527-9221,-,-,-,-,-
중앙/지방(기관리스트),한국노인인력개발원,전북지역본부,지점,보건복지부,기타공공기관,전라북도 전주시 완산구 온고을로 29(서신동) KT빌딩 1층,063-251-0212,-,-,-,-,-
중앙/지방(기관리스트),한국노인인력개발원,제주지역본부,지점,보건복지부,기타공공기관,제주특별자치도 제주시 남광북1길 1(이도이동) 제주법조타워 5층 501호,064-805-3078,-,-,-,-,-
중앙/지방(기관리스트),한국노인인력개발원,한국노인인력개발원,본점,보건복지부,기타공공기관,경기도 고양시 일산동구 하늘마을로 106(중산동) 한국노인인력개발원,1566-0151,-,-,-,-,-
중앙/지방(기관리스트),한국농수산식품유통공사,한국농수산식품유통공사,본점,농림축산식품부,준정부기관(위탁집행형),전라남도 나주시 문화로 227(빛가람동) 한국농수산식품유통공사,061-931-1114,-,-,-,-,-
중앙/지방(기관리스트),한국농수산식품유통공사,한국농수산식품유통공사 aT센터,지점,농림축산식품부,준정부기관(위탁집행형),서울특별시 서초구 강남대로 27 (양재동) aT센터,02-6300-1114,-,-,-,-,-
중앙/지방(기관리스트),한국농수산식품유통공사,한국농수산식품유통공사 강원지역본부,지점,농림축산식품부,준정부기관(위탁집행형),강원도 강릉시 강릉대로 33 (홍제동) 13층,033-647-0061,-,033-811-1081,-,-,-
중앙/지방(기관리스트),한국농수산식품유통공사,한국농수산식품유통공사 경남지역본부,지점,농림축산식품부,준정부기관(위탁집행형),경상남도 창원시 의창구 중앙대로 263 (용호동) 408호,055-274-8300,-,055-719-9881,-,-,-
중앙/지방(기관리스트),한국농수산식품유통공사,한국농수산식품유통공사 광주전남지역본부,지점,농림축산식품부,준정부기관(위탁집행형),광주광역시 서구 시청로 84 (치평동) 1층,062-940-7006,-,062-944-2624,-,-,-
중앙/지방(기관리스트),한국농수산식품유통공사,한국농수산식품유통공사 대구경북지역본부,지점,농림축산식품부,준정부기관(위탁집행형),대구광역시 수성구 동대구로 401 (범어동) 18층,053-218-4900,-,053-722-2370,-,-,-
중앙/지방(기관리스트),한국농수산식품유통공사,한국농수산식품유통공사 대전세종충남지역본부,지점,농림축산식품부,준정부기관(위탁집행형),대전광역시 서구 대덕대로290번길 11 (둔산동) aT 대전세종충남지역본부,042-488-8542,-,042-720-9282,-,-,-
중앙/지방(기관리스트),한국농수산식품유통공사,한국농수산식품유통공사 부산울산지역본부,지점,농림축산식품부,준정부기관(위탁집행형),부산광역시 남구 자성로 152 (문현동) 20층,051-644-1401,-,051-719-9630,-,-,-
중앙/지방(기관리스트),한국농수산식품유통공사,한국농수산식품유통공사 서울경기지역본부,지점,농림축산식품부,준정부기관(위탁집행형),경기도 성남시 분당구 운중로 229 (판교동) 7층,031-8060-6000,-,031-8010-1095,-,-,-
중앙/지방(기관리스트),한국농수산식품유통공사,한국농수산식품유통공사 인천지역본부,지점,농림축산식품부,준정부기관(위탁집행형),인천광역시 중구 서해대로 366 (신흥동3가) 608호,032-888-6162,-,032-712-2722,-,-,-
중앙/지방(기관리스트),한국농수산식품유통공사,한국농수산식품유통공사 전북지역본부,지점,농림축산식품부,준정부기관(위탁집행형),전라북도 전주시 완산구 홍산로 245 (효자동2가) 6층,063-904-5873,-,063-711-1273,-,-,-
중앙/지방(기관리스트),한국농수산식품유통공사,한국농수산식품유통공사 제주지역본부,지점,농림축산식품부,준정부기관(위탁집행형),제주특별자치도 제주시 도령로 33 (노형동) 10층,064-746-9471,-,064-800-8960,-,-,-
중앙/지방(기관리스트),한국농수산식품유통공사,한국농수산식품유통공사 충북지역본부,지점,농림축산식품부,준정부기관(위탁집행형),충청북도 청주시 흥덕구 공단로 142 (송정동) aT 충북지사,043-902-9523,-,043-711-1581,-,-,-
중앙/지방(기관리스트),한국농어촌공사,한국농어촌공사,본점,농림축산식품부,준정부기관(위탁집행형),전라남도 나주시 그린로 20(빛가람동) 한국농어촌공사,061-320-5203,-,061-320-5208,-,-,-
중앙/지방(기관리스트),한국농어촌공사,한국농어촌공사 강릉지사,지점,농림축산식품부,준정부기관(위탁집행형),강원도 강릉시 사천면 봉화길 63 강릉지사,033-650-3200,-,033-648-9706,-,-,-
중앙/지방(기관리스트),한국농어촌공사,한국농어촌공사 강원지역본부,지점,농림축산식품부,준정부기관(위탁집행형),강원도 춘천시 사우4길 18(우두동) 강원지역본부,033-240-9600,-,033-254-6864,-,-,-
중앙/지방(기관리스트),한국농어촌공사,한국농어촌공사 강진지사,지점,농림축산식품부,준정부기관(위탁집행형),전라남도 강진군 강진읍 초지길 24 강진지사,061-430-7725,-,061-430-7799,-,-,-
중앙/지방(기관리스트),한국농어촌공사,한국농어촌공사 강화지사,지점,농림축산식품부,준정부기관(위탁집행형),인천광역시 강화군 강화읍 강화대로215번길 20 강화지사,032-930-2500,-,031-934-7911,-,-,-
중앙/지방(기관리스트),한국농어촌공사,한국농어촌공사 거창ㆍ함양지사,지점,농림축산식품부,준정부기관(위탁집행형),"경상남도 거창군 거창읍 상동길 35 거창,함양지사",055-940-5500,-,055-940-5580,-,-,-
중앙/지방(기관리스트),한국농어촌공사,한국농어촌공사 경기지역본부,지점,농림축산식품부,준정부기관(위탁집행형),경기도 수원시 장안구 장안로 347(정자동) 경기지역본부,031-250-3000,-,031-251-2977,-,-,-
중앙/지방(기관리스트),한국농어촌공사,한국농어촌공사 경남지역본부,지점,농림축산식품부,준정부기관(위탁집행형),경상남도 김해시 진영읍 본산로 15-17 진영굿프라임시티 2층 202호,055-269-9300,-,055-284-5805,-,-,-
중앙/지방(기관리스트),한국농어촌공사,한국농어촌공사 경북지역본부,지점,농림축산식품부,준정부기관(위탁집행형),대구광역시 북구 구암로 158(구암동) 경북지역본부,053-320-0700,-,053-324-7274,-,-,-
중앙/지방(기관리스트),한국농어촌공사,한국농어촌공사 경산ㆍ청도지사,지점,농림축산식품부,준정부기관(위탁집행형),"경상북도 경산시 경안로 226(중방동) 경산,청도지사",053-819-6000,-,054-802-1936,-,-,-
중앙/지방(기관리스트),한국농어촌공사,한국농어촌공사 경주지사,지점,농림축산식품부,준정부기관(위탁집행형),경상북도 경주시 원효로 181(황오동) 경주지사,054-772-3841,-,054-744-7027,-,-,-
중앙/지방(기관리스트),한국농어촌공사,한국농어촌공사 고령지사,지점,농림축산식품부,준정부기관(위탁집행형),경상북도 고령군 대가야읍 가야금길 3 고령지사,054-950-0700,-,054-954-6997,-,-,-
중앙/지방(기관리스트),한국농어촌공사,한국농어촌공사 고성ㆍ통영ㆍ거제지사,지점,농림축산식품부,준정부기관(위탁집행형),"경상남도 고성군 고성읍 기월2길 51 고성,통영,거제지사",055-670-7000,-,055-672-8767,-,-,-
중앙/지방(기관리스트),한국농어촌공사,한국농어촌공사 고양지사,지점,농림축산식품부,준정부기관(위탁집행형),경기도 고양시 일산서구 가좌로50번길 14(가좌동) 고양지사,031-929-9400,-,031-929-9410,-,-,-
중앙/지방(기관리스트),한국농어촌공사,한국농어촌공사 고창지사,지점,농림축산식품부,준정부기관(위탁집행형),전라북도 고창군 고창읍 고인돌대로 1636-8 고창지사,063-560-1504,-,063-564-8413,-,-,-
중앙/지방(기관리스트),한국농어촌공사,한국농어촌공사 고흥지사,지점,농림축산식품부,준정부기관(위탁집행형),전라남도 고흥군 고흥읍 고흥로 1551 고흥지사,061-830-2200,-,061-832-0617,-,-,-
중앙/지방(기관리스트),한국농어촌공사,한국농어촌공사 곡성지사,지점,농림축산식품부,준정부기관(위탁집행형),전라남도 곡성군 곡성읍 학교로 165 곡성지사,061-360-1100,-,061-360-1150,-,-,-
중앙/지방(기관리스트),한국농어촌공사,한국농어촌공사 공주지사,지점,농림축산식품부,준정부기관(위탁집행형),충청남도 공주시 공주대학로 17-53(신관동) 공주지사,041-850-6400,-,041-850-6499,-,-,-
중앙/지방(기관리스트),한국농어촌공사,한국농어촌공사 광주지사,지점,농림축산식품부,준정부기관(위탁집행형),광주광역시 서구 상무대로956번길 6(쌍촌동) 영산강빌딩,062-380-8600,-,062-380-8699,-,-,-
중앙/지방(기관리스트),한국농어촌공사,한국농어촌공사 괴산ㆍ증평지사,지점,농림축산식품부,준정부기관(위탁집행형),"충청북도 괴산군 괴산읍 읍내로 39 괴산,증평지사",043-830-5100,-,043-834-9204,-,-,-
중앙/지방(기관리스트),한국농어촌공사,한국농어촌공사 구례지사,지점,농림축산식품부,준정부기관(위탁집행형),전라남도 구례군 구례읍 5일시장큰길 35 구례지사,061-780-3120,-,061-780-3119,-,-,-
중앙/지방(기관리스트),한국농어촌공사,한국농어촌공사 구미ㆍ김천지사,지점,농림축산식품부,준정부기관(위탁집행형),"경상북도 구미시 고아읍 들성로13길 14 구미,김천지사",054-712-3400,-,054-458-8171,-,-,-
중앙/지방(기관리스트),한국농어촌공사,한국농어촌공사 군산지사,지점,농림축산식품부,준정부기관(위탁집행형),전라북도 군산시 옥산면 옥산로 272-6 군산지사,063-440-5600,-,063-463-8426,-,-,-
중앙/지방(기관리스트),한국농어촌공사,한국농어촌공사 금강사업단,지점,농림축산식품부,준정부기관(위탁집행형),전라북도 군산시 성산면 철새로 45 금강사업단,063-450-9999,-,063-450-9977,-,-,-
중앙/지방(기관리스트),한국농어촌공사,한국농어촌공사 기술안전사업단,지점,농림축산식품부,준정부기관(위탁집행형),대전광역시 서구 문예로 5(탄방동) 기술안전사업단,042-479-8235,-,042-479-8397,-,-,-
중앙/지방(기관리스트),한국농어촌공사,한국농어촌공사 김포지사,지점,농림축산식품부,준정부기관(위탁집행형),경기도 김포시 돌문로 11-1(사우동) 김포지사,031-980-8100,-,031-984-2503,-,-,-
중앙/지방(기관리스트),한국농어촌공사,한국농어촌공사 김해ㆍ양산ㆍ부산지사,지점,농림축산식품부,준정부기관(위탁집행형),"경상남도 김해시 가락로49번길 12-1(서상동) 김해,양산,부산지사",055-333-4851,-,055-333-4850,-,-,-
중앙/지방(기관리스트),한국농어촌공사,한국농어촌공사 나주지사,지점,농림축산식품부,준정부기관(위탁집행형),전라남도 나주시 영나로 2418 (용산동) 한국농어촌공사 나주지사,061-330-9500,-,061-334-0004,-,-,-
중앙/지방(기관리스트),한국농어촌공사,한국농어촌공사 남원지사,지점,농림축산식품부,준정부기관(위탁집행형),전라북도 남원시 농고길 25(도통동) 남원지사,063-620-2000,-,063-625-9847,-,-,-
중앙/지방(기관리스트),한국농어촌공사,한국농어촌공사 논산지사,지점,농림축산식품부,준정부기관(위탁집행형),충청남도 논산시 관촉로 152(지산동) 논산지사,041-730-2114,-,041-730-2155,-,-,-
중앙/지방(기관리스트),한국농어촌공사,한국농어촌공사 농어촌연구원,지점,농림축산식품부,준정부기관(위탁집행형),경기도 안산시 상록구 해안로 870(사동) 농어촌연구원,031-400-1700,-,031-409-6055,-,-,-
중앙/지방(기관리스트),한국농어촌공사,한국농어촌공사 농어촌자원개발원,지점,농림축산식품부,준정부기관(위탁집행형),경기도 안양시 동안구 부림로169번길 22(관양동) 농어촌자원개발원,031-8084-9503,-,031-476-7912,-,-,-
중앙/지방(기관리스트),한국농어촌공사,한국농어촌공사 달성지사,지점,농림축산식품부,준정부기관(위탁집행형),대구광역시 남구 성당로 266(대명동) 달성지사,053-628-1123,-,054-628-1131,-,-,-
중앙/지방(기관리스트),한국농어촌공사,한국농어촌공사 담양지사,지점,농림축산식품부,준정부기관(위탁집행형),전라남도 담양군 담양읍 삼거리길 12-27 담양지사,061-381-2122,-,061-381-6897,-,-,-
중앙/지방(기관리스트),한국농어촌공사,한국농어촌공사 당진지사,지점,농림축산식품부,준정부기관(위탁집행형),충청남도 당진시 밤절로 2-22(읍내동) 당진지사,041-351-9114,-,041-351-9119,-,-,-
중앙/지방(기관리스트),한국농어촌공사,한국농어촌공사 동진지사,지점,농림축산식품부,준정부기관(위탁집행형),전라북도 김제시 화동길 112(신풍동) 동진지사,063-540-1114,-,063-547-1174,-,-,-
중앙/지방(기관리스트),한국농어촌공사,한국농어촌공사 무안ㆍ신안지사,지점,농림축산식품부,준정부기관(위탁집행형),전라남도 목포시 후광대로 114(옥암동) 4층,061-260-5500,-,061-279-3083,-,-,-
중앙/지방(기관리스트),한국농어촌공사,한국농어촌공사 무진장지사,지점,농림축산식품부,준정부기관(위탁집행형),전라북도 장수군 장수읍 송천로 135 무진장지사,063-350-7000,-,063-351-1652,-,-,-
중앙/지방(기관리스트),한국농어촌공사,한국농어촌공사 문경지사,지점,농림축산식품부,준정부기관(위탁집행형),경상북도 문경시 산양면 금천로 42-4 문경지사,054-550-5300,-,054-556-2745,-,-,-
중앙/지방(기관리스트),한국농어촌공사,한국농어촌공사 밀양지사,지점,농림축산식품부,준정부기관(위탁집행형),경상남도 밀양시 밀양대로 1920(내이동) 밀양지사,055-354-3921,-,055-354-3920,-,-,-
중앙/지방(기관리스트),한국농어촌공사,한국농어촌공사 보령지사,지점,농림축산식품부,준정부기관(위탁집행형),충청남도 보령시 죽성로 94-19(죽정동) 보령지사,041-930-7800,-,041-883-6112,-,-,-
중앙/지방(기관리스트),한국농어촌공사,한국농어촌공사 보성지사,지점,농림축산식품부,준정부기관(위탁집행형),전라남도 보성군 보성읍 봉화로 183 보성지사,061-850-2500,-,061-850-2590,-,-,-
중앙/지방(기관리스트),한국농어촌공사,한국농어촌공사 보은지사,지점,농림축산식품부,준정부기관(위탁집행형),충청북도 보은군 보은읍 교사삼산길 45 보은지사,043-540-2500,-,043-542-4513,-,-,-
중앙/지방(기관리스트),한국농어촌공사,한국농어촌공사 부안지사,지점,농림축산식품부,준정부기관(위탁집행형),전라북도 부안군 부안읍 번영로 211 부안지사,063-580-1000,-,063-584-9782,-,-,-
중앙/지방(기관리스트),한국농어촌공사,한국농어촌공사 부여지사,지점,농림축산식품부,준정부기관(위탁집행형),충청남도 부여군 부여읍 성왕로 90 부여지사,041-837-9512,-,041-836-4660,-,-,-
중앙/지방(기관리스트),한국농어촌공사,한국농어촌공사 사천지사,지점,농림축산식품부,준정부기관(위탁집행형),경상남도 사천시 사천읍 사천대로 1803 사천지사,055-852-2706,-,055-852-4760,-,-,-
중앙/지방(기관리스트),한국농어촌공사,한국농어촌공사 상주지사,지점,농림축산식품부,준정부기관(위탁집행형),경상북도 상주시 북천로 5(만산동) 상주지사,054-531-3610,-,054-533-4078,-,-,-
중앙/지방(기관리스트),한국농어촌공사,한국농어촌공사 새만금사업단,지점,농림축산식품부,준정부기관(위탁집행형),전라북도 김제시 도작로 71(신풍동) 새만금사업단,063-540-5800,-,063-544-8531,-,-,-
중앙/지방(기관리스트),한국농어촌공사,한국농어촌공사 새만금산업단지사업단,지점,농림축산식품부,준정부기관(위탁집행형),전라북도 군산시 궁포1로 24-9(조촌동) 5층,063-450-9000,-,063-450-9029,-,-,-
중앙/지방(기관리스트),한국농어촌공사,한국농어촌공사 서산ㆍ태안지사,지점,농림축산식품부,준정부기관(위탁집행형),"충청남도 서산시 무석3로 7(석림동) 서산,태안지사",041-660-8500,-,041-933-7974,-,-,-
중앙/지방(기관리스트),한국농어촌공사,한국농어촌공사 서천지사,지점,농림축산식품부,준정부기관(위탁집행형),충청남도 서천군 서천읍 화금서길 29-19 서천지사,041-950-7700,-,041-953-1791,-,-,-
중앙/지방(기관리스트),한국농어촌공사,한국농어촌공사 성주지사,지점,농림축산식품부,준정부기관(위탁집행형),경상북도 성주군 성주읍 성주읍4길 53 성주지사,054-930-0700,-,054-933-6190,-,-,-
중앙/지방(기관리스트),한국농어촌공사,한국농어촌공사 세종ㆍ대전ㆍ금산지사,지점,농림축산식품부,준정부기관(위탁집행형),"세종특별자치시 연서면 세종로 2119 세종,대전,금산지사",044-860-3333,-,044-252-3556,-,-,-
중앙/지방(기관리스트),한국농어촌공사,한국농어촌공사 수도권사업본부,지점,농림축산식품부,준정부기관(위탁집행형),경기도 수원시 권선구 수인로 126(서둔동) 수도권사업본부,031-299-7803,-,031-278-7849,-,-,-
중앙/지방(기관리스트),한국농어촌공사,한국농어촌공사 순창지사,지점,농림축산식품부,준정부기관(위탁집행형),전라북도 순창군 순창읍 광암로 13 순창지사,063-650-7000,-,063-653-5785,-,-,-
중앙/지방(기관리스트),한국농어촌공사,한국농어촌공사 순천ㆍ광양ㆍ여수지사,지점,농림축산식품부,준정부기관(위탁집행형),전라남도 순천시 조례2길 33(조례동) 순천ㆍ광양ㆍ여수지사,061-740-1114,-,061-721-4439,-,-,-
중앙/지방(기관리스트),한국농어촌공사,한국농어촌공사 아산지사,지점,농림축산식품부,준정부기관(위탁집행형),충청남도 아산시 삼동로8번길 17(모종동) 아산지사,041-539-7000,-,041-852-4760,-,-,-
중앙/지방(기관리스트),한국농어촌공사,한국농어촌공사 안동지사,지점,농림축산식품부,준정부기관(위탁집행형),경상북도 안동시 경동로 323(송현동) 송현빌딩 5~6층,054-850-5711,-,054-850-5720,-,-,-
중앙/지방(기관리스트),한국농어촌공사,한국농어촌공사 안성지사,지점,농림축산식품부,준정부기관(위탁집행형),경기도 안성시 실왕길 5(당왕동) 안성지사,031-673-9771,-,031-678-9774,-,-,-
중앙/지방(기관리스트),한국농어촌공사,한국농어촌공사 양평ㆍ광주ㆍ서울지사,지점,농림축산식품부,준정부기관(위탁집행형),"경기도 양평군 강상면 양평대교길 90-8 양평,광주,서울지사",031-770-8004,-,031-772-9306,-,-,-
중앙/지방(기관리스트),한국농어촌공사,한국농어촌공사 여주ㆍ이천지사,지점,농림축산식품부,준정부기관(위탁집행형),"경기도 여주시 능서면 양화로 816 여주,이천지사",031-887-7500,-,031-881-3982,-,-,-
중앙/지방(기관리스트),한국농어촌공사,한국농어촌공사 연천ㆍ포천지사,지점,농림축산식품부,준정부기관(위탁집행형),"경기도 연천군 전곡읍 전곡로 91 연천,포천지사",031-860-8900,-,031-835-1567,-,-,-
중앙/지방(기관리스트),한국농어촌공사,한국농어촌공사 영광지사,지점,농림축산식품부,준정부기관(위탁집행형),전라남도 영광군 군남면 포천길 32 영광지사,061-350-6500,-,061-351-4023,-,-,-
중앙/지방(기관리스트),한국농어촌공사,한국농어촌공사 영덕ㆍ울진지사,지점,농림축산식품부,준정부기관(위탁집행형),"경상북도 영덕군 영해면 영덕로 1786 영덕,울진지사",054-730-5000,-,054-730-5099,-,-,-
중앙/지방(기관리스트),한국농어촌공사,한국농어촌공사 영북지사,지점,농림축산식품부,준정부기관(위탁집행형),강원도 속초시 설악산로4번길 163-4(대포동) 영북지사,033-630-0121,-,033-635-2500,-,-,-
중앙/지방(기관리스트),한국농어촌공사,한국농어촌공사 영산강사업단,지점,농림축산식품부,준정부기관(위탁집행형),전라남도 목포시 영산로 463(상동) 영산강사업단,061-270-6454,-,061-276-3980,-,-,-
중앙/지방(기관리스트),한국농어촌공사,한국농어촌공사 영암지사,지점,농림축산식품부,준정부기관(위탁집행형),전라남도 영암군 영암읍 교동로 59 영암지사,061-470-5555,-,061-470-5577,-,-,-
중앙/지방(기관리스트),한국농어촌공사,한국농어촌공사 영주ㆍ봉화지사,지점,농림축산식품부,준정부기관(위탁집행형),"경상북도 영주시 구성로285번길 10(휴천동) 영주,봉화지사",054-639-5000,-,054-639-5030,-,-,-
중앙/지방(기관리스트),한국농어촌공사,한국농어촌공사 영천지사,지점,농림축산식품부,준정부기관(위탁집행형),경상북도 영천시 주남1길 39-7(완산동) 영천지사,054-339-5000,-,054-339-5070,-,-,-
중앙/지방(기관리스트),한국농어촌공사,한국농어촌공사 예산지사,지점,농림축산식품부,준정부기관(위탁집행형),충청남도 예산군 예산읍 주교로 20 예산지사,041-330-3500,-,041-330-3519,-,-,-
중앙/지방(기관리스트),한국농어촌공사,한국농어촌공사 예천지사,지점,농림축산식품부,준정부기관(위탁집행형),경상북도 예천군 예천읍 충효로 570 예천지사,054-650-7100,-,054-650-7119,-,-,-
중앙/지방(기관리스트),한국농어촌공사,한국농어촌공사 옥천ㆍ영동지사,지점,농림축산식품부,준정부기관(위탁집행형),"충청북도 옥천군 옥천읍 중앙로 155 옥천,영동지사",043-730-2500,-,043-732-9479,-,-,-
중앙/지방(기관리스트),한국농어촌공사,한국농어촌공사 울산지사,지점,농림축산식품부,준정부기관(위탁집행형),울산광역시 중구 새즈믄해거리 28(성남동) 농협성남동지점 2층,052-290-5305,-,052-281-6634,-,-,-
중앙/지방(기관리스트),한국농어촌공사,한국농어촌공사 원주지사,지점,농림축산식품부,준정부기관(위탁집행형),강원도 원주시 문막읍 문막시장1길 9 원주지사,033-749-1600,-,033-749-1698,-,-,-
중앙/지방(기관리스트),한국농어촌공사,한국농어촌공사 음성지사,지점,농림축산식품부,준정부기관(위탁집행형),충청북도 음성군 음성읍 음성로 834 음성지사,043-871-7300,-,043-881-5012,-,-,-
중앙/지방(기관리스트),한국농어촌공사,한국농어촌공사 의령지사,지점,농림축산식품부,준정부기관(위탁집행형),경상남도 의령군 의령읍 의병로14길 5 의령지사,055-570-6060,-,055-573-4454,-,-,-
중앙/지방(기관리스트),한국농어촌공사,한국농어촌공사 의성ㆍ군위지사,지점,농림축산식품부,준정부기관(위탁집행형),"경상북도 의성군 안계면 서부로 1776-46 의성,군위지사",054-830-8100,-,054-862-8401,-,-,-
중앙/지방(기관리스트),한국농어촌공사,한국농어촌공사 익산지사,지점,농림축산식품부,준정부기관(위탁집행형),전라북도 익산시 함열읍 익산대로 1794 익산지사,063-860-0013,-,063-862-8969,-,-,-
중앙/지방(기관리스트),한국농어촌공사,한국농어촌공사 인재개발원,지점,농림축산식품부,준정부기관(위탁집행형),경기도 안산시 상록구 해안로 870(사동) 인재개발원,031-420-0700,-,031-502-2667,-,-,-
중앙/지방(기관리스트),한국농어촌공사,한국농어촌공사 장성지사,지점,농림축산식품부,준정부기관(위탁집행형),전라남도 장성군 장성읍 강변로 572-7 장성지사,061-390-8600,-,061-390-8699,-,-,-
중앙/지방(기관리스트),한국농어촌공사,한국농어촌공사 장흥지사,지점,농림축산식품부,준정부기관(위탁집행형),전라남도 장흥군 장흥읍 남부관광로 107 장흥지사,061-860-7600,-,061-860-7607,-,-,-
중앙/지방(기관리스트),한국농어촌공사,한국농어촌공사 전남지역본부,지점,농림축산식품부,준정부기관(위탁집행형),광주광역시 광산구 무진대로 225(우산동) 전남지역본부,062-958-2305,-,062-953-8779,-,-,-
중앙/지방(기관리스트),한국농어촌공사,한국농어촌공사 전북지역본부,지점,농림축산식품부,준정부기관(위탁집행형),전라북도 전주시 완산구 서원로 137(효자동3가) 전북지역본부,063-239-2000,-,063-241-0334,-,-,-
중앙/지방(기관리스트),한국농어촌공사,한국농어촌공사 전주ㆍ완주ㆍ임실지사,지점,농림축산식품부,준정부기관(위탁집행형),"전라북도 전주시 덕진구 백제대로 740(인후동2가) 전주,완주,임실지사",063-270-0500,-,063-247-8832,-,-,-
중앙/지방(기관리스트),한국농어촌공사,한국농어촌공사 정읍지사,지점,농림축산식품부,준정부기관(위탁집행형),전라북도 정읍시 벚꽃로 24(농소동) 정읍지사,063-530-0300,-,063-534-6822,-,-,-
중앙/지방(기관리스트),한국농어촌공사,한국농어촌공사 제주지역본부,지점,농림축산식품부,준정부기관(위탁집행형),제주특별자치도 제주시 선사로 12(삼양이동) 제주지역본부,064-750-8870,-,064-755-7419,-,-,-
중앙/지방(기관리스트),한국농어촌공사,한국농어촌공사 지역개발지원단,지점,농림축산식품부,준정부기관(위탁집행형),대전광역시 서구 둔산서로 17(둔산동) 양호빌딩 8층,042-610-1905,-,042-610-1999,-,-,-
중앙/지방(기관리스트),한국농어촌공사,한국농어촌공사 진도지사,지점,농림축산식품부,준정부기관(위탁집행형),전라남도 진도군 진도읍 교동4길 25 진도지사,061-540-5400,-,061-544-3854,-,-,-
중앙/지방(기관리스트),한국농어촌공사,한국농어촌공사 진주ㆍ산청지사,지점,농림축산식품부,준정부기관(위탁집행형),"경상남도 진주시 소호로 96(충무공동) 진주,산청지사",055-752-1631,-,055-752-1633,-,-,-
중앙/지방(기관리스트),한국농어촌공사,한국농어촌공사 진천지사,지점,농림축산식품부,준정부기관(위탁집행형),충청북도 진천군 진천읍 중앙북로 38 진천지사,043-530-5700,-,043-533-6109,-,-,-
중앙/지방(기관리스트),한국농어촌공사,한국농어촌공사 창녕지사,지점,농림축산식품부,준정부기관(위탁집행형),경상남도 창녕군 창녕읍 봉천길 43 창녕지사,055-530-7777,-,055-532-8152,-,-,-
중앙/지방(기관리스트),한국농어촌공사,한국농어촌공사 창원지사,지점,농림축산식품부,준정부기관(위탁집행형),경상남도 창원시 의창구 대산면 진산대로 406-7 창원지사,055-291-4636,-,055-252-3556,-,-,-
중앙/지방(기관리스트),한국농어촌공사,한국농어촌공사 천수만사업단,지점,농림축산식품부,준정부기관(위탁집행형),충청남도 홍성군 홍성읍 월산로 58 천수만사업단,041-630-5900,-,041-630-5809,-,-,-
중앙/지방(기관리스트),한국농어촌공사,한국농어촌공사 천안지사,지점,농림축산식품부,준정부기관(위탁집행형),충청남도 천안시 동남구 원성1길 19(원성동) 천안지사,041-556-8064,-,041-940-5580,-,-,-
중앙/지방(기관리스트),한국농어촌공사,한국농어촌공사 철원지사,지점,농림축산식품부,준정부기관(위탁집행형),강원도 철원군 동송읍 금학로74번길 21 철원지사,033-450-1300,-,033-455-2523,-,-,-
중앙/지방(기관리스트),한국농어촌공사,한국농어촌공사 청송ㆍ영양지사,지점,농림축산식품부,준정부기관(위탁집행형),"경상북도 청송군 진보면 진보로 167 청송,영양지사",054-870-0500,-,054-870-0598,-,-,-
중앙/지방(기관리스트),한국농어촌공사,한국농어촌공사 청양지사,지점,농림축산식품부,준정부기관(위탁집행형),충청남도 청양군 청양읍 월촌길 1 청양지사,041-940-1700,-,041-940-1703,-,-,-
중앙/지방(기관리스트),한국농어촌공사,한국농어촌공사 청주지사,지점,농림축산식품부,준정부기관(위탁집행형),충청북도 청주시 상당구 중흥로 50(용암동) 청주지사,043-290-0500,-,043-294-4189,-,-,-
중앙/지방(기관리스트),한국농어촌공사,한국농어촌공사 충남지역본부,지점,농림축산식품부,준정부기관(위탁집행형),충청남도 홍성군 홍북읍 충남대로 60 한국농어촌공사 충남지역본부,041-339-1800,-,041-339-1901,-,-,-
중앙/지방(기관리스트),한국농어촌공사,한국농어촌공사 충북지역본부,지점,농림축산식품부,준정부기관(위탁집행형),충청북도 청주시 서원구 1순환로 1053(분평동) 충북지역본부,043-290-3300,-,043-295-0027,-,-,-
중앙/지방(기관리스트),한국농어촌공사,한국농어촌공사 충주ㆍ제천ㆍ단양지사,지점,농림축산식품부,준정부기관(위탁집행형),"충청북도 충주시 성터8길 31(문화동) 중춪,제천,단양지사",043-841-3000,-,043-532-8152,-,-,-
중앙/지방(기관리스트),한국농어촌공사,한국농어촌공사 칠곡지사,지점,농림축산식품부,준정부기관(위탁집행형),경상북도 칠곡군 왜관읍 관문로 99 칠곡지사,054-800-5000,-,054-973-0314,-,-,-
중앙/지방(기관리스트),한국농어촌공사,한국농어촌공사 파주지사,지점,농림축산식품부,준정부기관(위탁집행형),경기도 파주시 중앙로 240(금촌동) 파주지사,031-950-3213,-,031-941-2645,-,-,-
중앙/지방(기관리스트),한국농어촌공사,한국농어촌공사 평택지사,지점,농림축산식품부,준정부기관(위탁집행형),경기도 평택시 안중읍 송담1로 128 이화빌딩,031-681-2181,-,031-681-5610,-,-,-
중앙/지방(기관리스트),한국농어촌공사,한국농어촌공사 포항ㆍ울릉지사,지점,농림축산식품부,준정부기관(위탁집행형),"경상북도 포항시 북구 흥해읍 한동로 42 포항,울릉지사",054-261-0602,-,054-261-6097,-,-,-
중앙/지방(기관리스트),한국농어촌공사,한국농어촌공사 하동ㆍ남해지사,지점,농림축산식품부,준정부기관(위탁집행형),"경상남도 하동군 하동읍 송림1길 12 하동,남해지사",055-883-5112,-,055-883-6112,-,-,-
중앙/지방(기관리스트),한국농어촌공사,한국농어촌공사 함안지사,지점,농림축산식품부,준정부기관(위탁집행형),경상남도 함안군 가야읍 함안대로 591 함안지사,055-580-0300,-,055-585-7592,-,-,-
중앙/지방(기관리스트),한국농어촌공사,한국농어촌공사 함평지사,지점,농림축산식품부,준정부기관(위탁집행형),전라남도 함평군 함평읍 기산길 29-10 함평지사,061-320-5200,-,061-320-5208,-,-,-
중앙/지방(기관리스트),한국농어촌공사,한국농어촌공사 합천지사,지점,농림축산식품부,준정부기관(위탁집행형),경상남도 합천군 합천읍 동서로 163 합천지사,055-933-7970,-,055-933-7974,-,-,-
중앙/지방(기관리스트),한국농어촌공사,한국농어촌공사 해남ㆍ완도지사,지점,농림축산식품부,준정부기관(위탁집행형),"전라남도 해남군 해남읍 해리1길 7 해남,완도지사",061-530-1500,-,061-530-1522,-,-,-
중앙/지방(기관리스트),한국농어촌공사,한국농어촌공사 홍성지사,지점,농림축산식품부,준정부기관(위탁집행형),충청남도 홍성군 홍성읍 월산로 58 홍성지사,041-630-5700,-,041-630-5750,-,-,-
중앙/지방(기관리스트),한국농어촌공사,한국농어촌공사 홍천ㆍ춘천지사,지점,농림축산식품부,준정부기관(위탁집행형),"강원도 홍천군 홍천읍 홍천로 671 홍천,춘천지사",033-430-9500,-,033-436-9565,-,-,-
중앙/지방(기관리스트),한국농어촌공사,한국농어촌공사 화성ㆍ수원지사,지점,농림축산식품부,준정부기관(위탁집행형),"경기도 수원시 장안구 이목로74번길 38-2(파장동) 화성,수원지사",031-240-4814,-,031-248-7369,-,-,-
중앙/지방(기관리스트),한국농어촌공사,한국농어촌공사 화순지사,지점,농림축산식품부,준정부기관(위탁집행형),전라남도 화순군 능주면 학포로 2000 화순지사,061-370-8500,-,061-3672-1188,-,-,-
중앙/지방(기관리스트),한국농어촌공사,한국농어촌공사 화안사업단,지점,농림축산식품부,준정부기관(위탁집행형),경기도 안산시 단원구 적금로1길 17(고잔동) 화안사업단,031-412-1400,-,031-412-1420,-,-,-
중앙/지방(기관리스트),한국농업기술진흥원,강원 농식품벤처창업센터,지점,농촌진흥청,기타공공기관,강원도 춘천시 스무숲2길 6 (석사동) 대한빌딩 3층,033-257-8711,-,-,-,-,-
중앙/지방(기관리스트),한국농업기술진흥원,경기 농식품벤처창업센터,지점,농촌진흥청,기타공공기관,경기도 수원시 영통구 광교로 156 (이의동) 광교비즈니스센터 제501호,031-8064-1291,-,-,-,-,-
중앙/지방(기관리스트),한국농업기술진흥원,광주 농식품벤처창업센터,지점,농촌진흥청,기타공공기관,광주광역시 북구 삼소로270번길 25(월출동) 이노비즈센터 607호,062-971-7801,-,-,-,-,-
중앙/지방(기관리스트),한국농업기술진흥원,김제 스마트팜 실증센터,지점,농촌진흥청,기타공공기관,전라북도 김제시 백구면 황토로 1079 김제 스마트팜 실증센터,063-548-3551,-,-,-,-,-
중앙/지방(기관리스트),한국농업기술진흥원,대구 농식품벤처창업센터,지점,농촌진흥청,기타공공기관,대구광역시 동구 동대구로 461 (신천동) 대구경북디자인센터 10층 1006호,053-744-9540,-,-,-,-,-
중앙/지방(기관리스트),한국농업기술진흥원,부산 농식품벤처창업센터,지점,농촌진흥청,기타공공기관,부산광역시 해운대구 센텀중앙로 78 (우동) 센텀그린타워 제9층 제902호,051-747-8401,-,-,-,-,-
중앙/지방(기관리스트),한국농업기술진흥원,상주 스마트팜 실증센터,지점,농촌진흥청,기타공공기관,경상북도 상주시 사벌국면 청룡길 302-38 상주 스마트팜 실증센터,054-536-9731,-,-,-,-,-
중앙/지방(기관리스트),한국농업기술진흥원,서울 남부 농식품벤처창업센터,지점,농촌진흥청,기타공공기관,서울특별시 강남구 테헤란로 415 (삼성동) 스파크플러스 선릉점 4층 422호,02-739-5545,-,-,-,-,-
중앙/지방(기관리스트),한국농업기술진흥원,서울 북부 농식품벤처창업센터,지점,농촌진흥청,기타공공기관,서울특별시 중구 한강대로 416(남대문로5가) 15층 139호,02-779-3326,-,-,-,-,-
중앙/지방(기관리스트),한국농업기술진흥원,세종 농식품벤처창업센터,지점,농촌진흥청,기타공공기관,세종특별자치시 조치원읍 군청로 93 장영실과학기술지원센터(SB 플라자) 703 호,044-868-6837,-,-,-,-,-
중앙/지방(기관리스트),한국농업기술진흥원,영남권 종자종합처리센터,지점,농촌진흥청,기타공공기관,경상북도 안동시 경동로 1462-30(송천동) 영남권 종자종합처리센터,054-823-8892,-,-,-,-,-
중앙/지방(기관리스트),한국농업기술진흥원,종자산업진흥센터,지점,농촌진흥청,기타공공기관,전라북도 김제시 백산면 씨앗길 232 종자산업진흥센터,063-219-8800,-,063-219-8891,-,-,-
중앙/지방(기관리스트),한국농업기술진흥원,한국농업기술진흥원,본점,농촌진흥청,기타공공기관,전라북도 익산시 평동로 457(송학동) 한국농업기술진흥원,063-919-1000,-,-,-,-,-
중앙/지방(기관리스트),한국농업기술진흥원,호남권 종자종합처리센터,지점,농촌진흥청,기타공공기관,전라북도 김제시 백산면 백석로 395-46 호남권 종자종합처리센터,063-919-1671,-,-,-,-,-
중앙/지방(기관리스트),한국농촌경제연구원,한국농촌경제연구원,본점,국무조정실,기타공공기관,전라남도 나주시 빛가람로 601(빛가람동) 한국농촌경제연구원,061-820-2000,1833-5500,061-820-2211,webadm@krei.re.kr,-,-
중앙/지방(기관리스트),한국데이터산업진흥원,한국데이터산업진흥원,본점,과학기술정보통신부,기타공공기관,서울특별시 중구 세종대로9길 42(서소문동) 부영빌딩 7층,02-3708-5300,-,031-318-5041,webmaster@kdata.or.kr,-,-
중앙/지방(기관리스트),한국도로공사,한국도로공사,본점,국토교통부,공기업(시장형),경상북도 김천시 혁신8로 77 (율곡동) 한국도로공사,1588-2504,1588-2504,-,-,-,-
중앙/지방(기관리스트),한국도로공사,한국도로공사 강릉지사,지점,국토교통부,공기업(시장형),강원도 강릉시 성산면 소목길 118 한국도로공사 강릉지사,033-811-6600,-,033-811-6799,-,-,-
중앙/지방(기관리스트),한국도로공사,한국도로공사 강원본부,지점,국토교통부,공기업(시장형),강원도 원주시 북원로 2873 (태장동) 한국도로공사 강원본부,033-811-6000,-,033-811-6199,-,-,-
중앙/지방(기관리스트),한국도로공사,한국도로공사 강진광주건설사업단,지점,국토교통부,공기업(시장형),전라남도 나주시 중야2길 24 (빛가람동) 4층 한국도로공사 강진광주건설사업단,061-820-5800,-,061-820-5899,-,-,-
중앙/지방(기관리스트),한국도로공사,한국도로공사 경기광주지사,지점,국토교통부,공기업(시장형),경기도 광주시 곤지암읍 독고개길 15 한국도로공사 경기광주지사,02-2084-1600,-,02-2084-1698,-,-,-
중앙/지방(기관리스트),한국도로공사,한국도로공사 경주지사,지점,국토교통부,공기업(시장형),경상북도 경주시 양북면 척현길 1 한국도로공사 경주지사,054-811-6700,-,054-811-6799,-,-,-
중앙/지방(기관리스트),한국도로공사,한국도로공사 고령지사,지점,국토교통부,공기업(시장형),경상북도 고령군 쌍림면 대가야로 845 한국도로공사 고령지사,053-714-6600,-,053-714-6799,-,-,-
중앙/지방(기관리스트),한국도로공사,한국도로공사 고성지사,지점,국토교통부,공기업(시장형),경상남도 고성군 마암면 두호1길 125-19 한국도로공사 고성지사,055-711-6900,-,055-711-6998,-,-,-
중앙/지방(기관리스트),한국도로공사,한국도로공사 공주지사,지점,국토교통부,공기업(시장형),충청남도 공주시 유구읍 금계산로 266-77 한국도로공사 공주지사,042-722-6600,-,041-413-6898,-,-,-
중앙/지방(기관리스트),한국도로공사,한국도로공사 광주전남본부,지점,국토교통부,공기업(시장형),전라남도 담양군 대전면 중옥길 34 한국도로공사 광주전남본부,061-883-6000,-,061-883-6199,-,-,-
중앙/지방(기관리스트),한국도로공사,한국도로공사 광주지사,지점,국토교통부,공기업(시장형),광주광역시 북구 하서로 111 (운암동) 한국도로공사 광주지사,061-883-6200,-,061-883-6295,-,-,-
중앙/지방(기관리스트),한국도로공사,한국도로공사 교통센터,지점,국토교통부,공기업(시장형),경기도 성남시 분당구 대왕판교로 246 (궁내동) 한국도로공사 교통센터,031-5170-6102,-,031-5170-6099,-,-,-
중앙/지방(기관리스트),한국도로공사,한국도로공사 구례지사,지점,국토교통부,공기업(시장형),전라남도 구례군 용방면 순천완주고속도로 40 한국도로공사 구례지사,061-883-6600,-,061-883-6698,-,-,-
중앙/지방(기관리스트),한국도로공사,한국도로공사 구미지사,지점,국토교통부,공기업(시장형),경상북도 구미시 구미중앙로 350-28 (신평동) 한국도로공사 구미지사,053-714-6200,-,053-714-6299,-,-,-
중앙/지방(기관리스트),한국도로공사,한국도로공사 군위지사,지점,국토교통부,공기업(시장형),경상북도 군위군 군위읍 경북대로 3291 한국도로공사 군위지사,053-714-6400,-,053-714-6499,-,-,-
중앙/지방(기관리스트),한국도로공사,한국도로공사 군포지사,지점,국토교통부,공기업(시장형),경기도 군포시 군포로 86 (대야미동) 한국도로공사 군포지사,02-2084-1300,-,02-2084-1398,-,-,-
중앙/지방(기관리스트),한국도로공사,한국도로공사 김포양주건설사업단,지점,국토교통부,공기업(시장형),"경기도 의정부시 시민로 24 (의정부동, 신도 아크라티움) 6층 한국도로공사 김포양주건설사업단",031-951-7114,-,031-951-7197,-,-,-
중앙/지방(기관리스트),한국도로공사,한국도로공사 남원지사,지점,국토교통부,공기업(시장형),전라북도 남원시 충정로 265-19 (월락동) 한국도로공사 남원지사,063-772-6800,-,063-772-6899,-,-,-
중앙/지방(기관리스트),한국도로공사,한국도로공사 논산지사,지점,국토교통부,공기업(시장형),충청남도 논산시 연무읍 동안로 1197 한국도로공사 논산지사,041-435-6500,-,041-435-6598,-,-,-
중앙/지방(기관리스트),한국도로공사,한국도로공사 담양지사,지점,국토교통부,공기업(시장형),전라남도 담양군 대전면 중옥길 34 한국도로공사 담양지사,061-883-6311,-,061-883-6398,-,-,-
중앙/지방(기관리스트),한국도로공사,한국도로공사 당진지사,지점,국토교통부,공기업(시장형),충청남도 당진시 송악읍 반촌로 236 한국도로공사 당진지사,042-722-6500,-,042-722-6598,-,-,-
중앙/지방(기관리스트),한국도로공사,한국도로공사 대관령지사,지점,국토교통부,공기업(시장형),강원도 평창군 진부면 진부중앙로 203-5 한국도로공사 대관령지사,033-811-6300,-,033-811-6398,-,-,-
중앙/지방(기관리스트),한국도로공사,한국도로공사 대구경북본부,지점,국토교통부,공기업(시장형),대구광역시 북구 관음로 61-26 (관음동) 한국도로공사 대구경북본부,053-714-6000,-,053-714-6199,-,-,-
중앙/지방(기관리스트),한국도로공사,한국도로공사 대구지사,지점,국토교통부,공기업(시장형),경상북도 경산시 진량읍 낙산1길 11-6 한국도로공사 대구지사,053-714-6300,-,053-714-6399,-,-,-
중앙/지방(기관리스트),한국도로공사,한국도로공사 대전지사,지점,국토교통부,공기업(시장형),대전광역시 대덕구 동서대로 1855 (송촌동) 한국도로공사 대전지사,042-722-6300,-,042-630-7307,-,-,-
중앙/지방(기관리스트),한국도로공사,한국도로공사 대전충남본부,지점,국토교통부,공기업(시장형),대전광역시 대덕구 동서대로 1855 (송촌동) 한국도로공사 대전충남본부,042-722-6000,-,042-630-7308,-,-,-
중앙/지방(기관리스트),한국도로공사,한국도로공사 도로교통연구원,지점,국토교통부,공기업(시장형),경기도 화성시 동부대로922번길 208-96 (산척동) 도로교통연구원,031-8098-6004,-,031-8098-6129,-,-,-
중앙/지방(기관리스트),한국도로공사,한국도로공사 동서울지사,지점,국토교통부,공기업(시장형),경기도 하남시 서하남로 88 (감일동) 한국도로공사 동서울지사,02-2084-1700,-,02-2084-1798,-,-,-
중앙/지방(기관리스트),한국도로공사,한국도로공사 무주지사,지점,국토교통부,공기업(시장형),전라북도 무주군 무주읍 무주로 1762 한국도로공사 무주지사,063-714-6400,-,063-714-6498,-,-,-
중앙/지방(기관리스트),한국도로공사,한국도로공사 보령지사,지점,국토교통부,공기업(시장형),충청남도 보령시 웅천읍 무창포로 197 한국도로공사 보령지사,063-714-6700,-,063-714-6799,-,-,-
중앙/지방(기관리스트),한국도로공사,한국도로공사 보성지사,지점,국토교통부,공기업(시장형),전라남도 보성군 미력면 화보로 407 한국도로공사 보성지사,061-883-6700,-,061-883-6798,-,-,-
중앙/지방(기관리스트),한국도로공사,한국도로공사 보은지사,지점,국토교통부,공기업(시장형),충청북도 보은군 보은읍 남부로 4045 한국도로공사 보은지사,043-721-6500,-,043-753-6798,-,-,-
중앙/지방(기관리스트),한국도로공사,한국도로공사 부산경남본부,지점,국토교통부,공기업(시장형),경상남도 창원시 의창구 동읍 의창대로 1024 한국도로공사 부산경남본부,055-711-6000,-,055-750-6098,-,-,-
중앙/지방(기관리스트),한국도로공사,한국도로공사 부안지사,지점,국토교통부,공기업(시장형),전라북도 부안군 줄포면 주을로 228-18 한국도로공사 부안지사,063-714-6300,-,063-714-6398,-,-,-
중앙/지방(기관리스트),한국도로공사,한국도로공사 부여지사,지점,국토교통부,공기업(시장형),충청남도 부여군 은산면 라복로 257-27 한국도로공사 부여지사,042-722-6700,-,041-435-6699,-,-,-
중앙/지방(기관리스트),한국도로공사,한국도로공사 산청지사,지점,국토교통부,공기업(시장형),경상남도 산청군 금서면 친환경로 2593-43 한국도로공사 산청지사,055-711-6600,-,055-711-6698,-,-,-
중앙/지방(기관리스트),한국도로공사,한국도로공사 상주지사,지점,국토교통부,공기업(시장형),경상북도 상주시 영남제일로 1234 (헌신동) 한국도로공사 상주지사,054-711-6700,-,053-714-6599,-,-,-
중앙/지방(기관리스트),한국도로공사,한국도로공사 새만금전주건설사업단,지점,국토교통부,공기업(시장형),전라북도 완주군 이서면 용서2길 90 한국도로공사 새만금전주건설사업단,063-710-6212,-,063-710-6299,-,-,-
중앙/지방(기관리스트),한국도로공사,한국도로공사 서울산지사,지점,국토교통부,공기업(시장형),울산광역시 울주군 삼남면 진장길 13 한국도로공사 서울산지사,055-714-7070,-,055-7711-7099,-,-,-
중앙/지방(기관리스트),한국도로공사,한국도로공사 성주지사,지점,국토교통부,공기업(시장형),경상북도 성주군 대가면 참별로 2469 한국도로공사 성주지사,053-714-6800,-,053-714-6999,-,-,-
중앙/지방(기관리스트),한국도로공사,한국도로공사 수도권건설사업단,지점,국토교통부,공기업(시장형),경기도 용인시 수지구 동천로 120 (동천동) 한국도로공사 수도권건설사업단,031-327-6123,-,031-327-6199,-,-,-
중앙/지방(기관리스트),한국도로공사,한국도로공사 수도권본부,지점,국토교통부,공기업(시장형),경기도 하남시 서하남로 88 (감일동) 한국도로공사 수도권본부,02-2219-6000,-,02-2219-6009,-,-,-
중앙/지방(기관리스트),한국도로공사,한국도로공사 수목원,지점,국토교통부,공기업(시장형),전라북도 전주시 덕진구 번영로 462-45 (반월동) 한국도로공사 수목원,063-212-0652,-,063-714-6194,-,-,-
중앙/지방(기관리스트),한국도로공사,한국도로공사 수원지사,지점,국토교통부,공기업(시장형),경기도 용인시 기흥구 덕영대로 2062 (영덕동) 한국도로공사 수원지사,02-2084-1500,-,02-2084-1597,-,-,-
중앙/지방(기관리스트),한국도로공사,한국도로공사 순천지사,지점,국토교통부,공기업(시장형),전라남도 순천시 서면 백강로 626 한국도로공사 순천지사,061-883-6400,-,061-883-6498,-,-,-
중앙/지방(기관리스트),한국도로공사,한국도로공사 스마트도로연구단,지점,국토교통부,공기업(시장형),경기도 화성시 동부대로922번길 208-96 (산척동) 한국도로공사 스마트도로연구단,031-8098-6522,-,031-8098-6509,-,-,-
중앙/지방(기관리스트),한국도로공사,한국도로공사 시흥지사,지점,국토교통부,공기업(시장형),경기도 시흥시 동서로1176번길 24 (목감동) 한국도로공사 시흥지사,02-2084-1200,-,02-2084-1298,-,-,-
중앙/지방(기관리스트),한국도로공사,한국도로공사 아산천안건설사업단,지점,국토교통부,공기업(시장형),충청남도 천안시 동남구 청수5로 10 (청당동) 3층 한국도로공사 아산천안건설사업단,041-415-6312,-,041-415-6399,-,-,-
중앙/지방(기관리스트),한국도로공사,한국도로공사 안성용인건설사업단,지점,국토교통부,공기업(시장형),경기도 용인시 처인구 경안천로258번길 14 (고림동) 한국도로공사 안성용인건설사업단,031-8066-7900,-,031-8066-7938,-,-,-
중앙/지방(기관리스트),한국도로공사,한국도로공사 양산지사,지점,국토교통부,공기업(시장형),경상남도 양산시 동면 양산대로 542-45 한국도로공사 양산지사,055-711-6300,-,055-711-6398,-,-,-
중앙/지방(기관리스트),한국도로공사,한국도로공사 양양지사,지점,국토교통부,공기업(시장형),강원도 양양군 서면 곰밭길 141 한국도로공사 양양지사,033-811-6700,-,033-811-7099,-,-,-
중앙/지방(기관리스트),한국도로공사,한국도로공사 엄정지사,지점,국토교통부,공기업(시장형),충청북도 충주시 엄정면 평택제천고속도로 103 한국도로공사 엄정지사,043-721-6600,-,043-720-6899,-,-,-
중앙/지방(기관리스트),한국도로공사,한국도로공사 연수원,지점,국토교통부,공기업(시장형),강원도 속초시 온천로 56 (노학동) 한국도로공사 연수원,033-631-3210,-,033-631-3215,-,-,-
중앙/지방(기관리스트),한국도로공사,한국도로공사 영동지사,지점,국토교통부,공기업(시장형),충청북도 영동군 용산면 용산로 456-15 한국도로공사 영동지사,043-722-6400,-,043-740-6599,-,-,-
중앙/지방(기관리스트),한국도로공사,한국도로공사 영주지사,지점,국토교통부,공기업(시장형),경상북도 영주시 장수면 화계길 127 한국도로공사 영주지사,053-714-6700,-,053-714-6899,-,-,-
중앙/지방(기관리스트),한국도로공사,한국도로공사 영천지사,지점,국토교통부,공기업(시장형),경상북도 영천시 화남면 천문로 1140-35 한국도로공사 영천지사,053-714-6500,-,053-714-6699,-,-,-
중앙/지방(기관리스트),한국도로공사,한국도로공사 용인구리건설사업단,지점,국토교통부,공기업(시장형),경기도 성남시 수정구 설개로 100 (사송동) 한국도로공사 용인구리건설사업단,031-5170-7600,-,031-5170-7699,-,-,-
중앙/지방(기관리스트),한국도로공사,한국도로공사 울산지사,지점,국토교통부,공기업(시장형),울산광역시 울주군 온양읍 광청로 796-66 한국도로공사 울산지사,052-701-6200,-,052-701-6298,-,-,-
중앙/지방(기관리스트),한국도로공사,한국도로공사 원주지사,지점,국토교통부,공기업(시장형),강원도 원주시 북원로 2873 (태장동) 한국도로공사 원주지사,033-811-6200,-,033-811-6298,-,-,-
중앙/지방(기관리스트),한국도로공사,한국도로공사 이천지사,지점,국토교통부,공기업(시장형),경기도 이천시 부발읍 경충대로 2042 한국도로공사 이천지사,033-811-6800,-,02-2084-1899,-,-,-
중앙/지방(기관리스트),한국도로공사,한국도로공사 인재개발원,지점,국토교통부,공기업(시장형),경기도 화성시 동부대로922번길 208-96 (산척동) 한국도로공사 인재개발원,031-8098-6880,-,031-8098-6809,-,-,-
중앙/지방(기관리스트),한국도로공사,한국도로공사 인천지사,지점,국토교통부,공기업(시장형),인천광역시 계양구 경명대로 1322 (용종동) 한국도로공사 인천지사,02-2084-1100,-,02-2084-1198,-,-,-
중앙/지방(기관리스트),한국도로공사,한국도로공사 전북본부,지점,국토교통부,공기업(시장형),전라북도 전주시 덕진구 번영로 420 (용정동) 한국도로공사 전북본부,063-714-6000,-,063-714-6193,-,-,-
중앙/지방(기관리스트),한국도로공사,한국도로공사 전주지사,지점,국토교통부,공기업(시장형),전라북도 김제시 금구면 대송로 494-1 한국도로공사 전주지사,063-714-6200,-,063-714-6299,-,-,-
중앙/지방(기관리스트),한국도로공사,한국도로공사 제천지사,지점,국토교통부,공기업(시장형),충청북도 제천시 봉양읍 용두대로43길 140 한국도로공사 제천지사,043-721-6300,-,043-721-6399,-,-,-
중앙/지방(기관리스트),한국도로공사,한국도로공사 진안지사,지점,국토교통부,공기업(시장형),전라북도 진안군 진안읍 진무로 847 한국도로공사 진안지사,063-714-6600,-,063-714-6798,-,-,-
중앙/지방(기관리스트),한국도로공사,한국도로공사 진주지사,지점,국토교통부,공기업(시장형),경상남도 진주시 가호로 144 (호탄동) 한국도로공사 진주지사,055-711-6500,-,055-711-6598,-,-,-
중앙/지방(기관리스트),한국도로공사,한국도로공사 진천지사,지점,국토교통부,공기업(시장형),충청북도 진천군 진천읍 덕금로 215 한국도로공사 진천지사,043-721-6200,-,043-721-6299,-,-,-
중앙/지방(기관리스트),한국도로공사,한국도로공사 창녕밀양건설사업단,지점,국토교통부,공기업(시장형),경상남도 밀양시 부북면 춘기1길 9 한국도로공사 창녕밀양건설사업단,054-811-6512,-,055-802-6599,-,-,-
중앙/지방(기관리스트),한국도로공사,한국도로공사 창녕지사,지점,국토교통부,공기업(시장형),경상남도 창녕군 창녕읍 우포유어농로 684 한국도로공사 창녕지사,055-711-6800,-,055-711-6899,-,-,-
중앙/지방(기관리스트),한국도로공사,한국도로공사 창원지사,지점,국토교통부,공기업(시장형),경상남도 창원시 의창구 동읍 의창대로 1024 한국도로공사 창원지사,055-711-6400,-,055-711-6498,-,-,-
중앙/지방(기관리스트),한국도로공사,한국도로공사 천안지사,지점,국토교통부,공기업(시장형),충청남도 천안시 동남구 망향로 14 (신부동) 한국도로공사 천안지사,041-413-6200,-,041-413-6299,-,-,-
중앙/지방(기관리스트),한국도로공사,한국도로공사 청송지사,지점,국토교통부,공기업(시장형),경상북도 청송군 파천면 청송로 5359 한국도로공사 청송지사,053-714-6900,-,053-714-6998,-,-,-
중앙/지방(기관리스트),한국도로공사,한국도로공사 춘천지사,지점,국토교통부,공기업(시장형),강원도 춘천시 남면 한덕발산길 1302-5 한국도로공사 춘천지사,033-811-6500,-,033-811-6698,-,-,-
중앙/지방(기관리스트),한국도로공사,한국도로공사 충북본부,지점,국토교통부,공기업(시장형),충청북도 음성군 맹동면 대하1길 4 위너스타워5-7층 한국도로공사 충북본부,043-721-6000,-,043-721-6000,-,-,-
중앙/지방(기관리스트),한국도로공사,한국도로공사 충주지사,지점,국토교통부,공기업(시장형),충청북도 충주시 노은면 중부내륙고속도로 234-1 한국도로공사 충주지사,043-721-6400,-,043-721-6499,-,-,-
중앙/지방(기관리스트),한국도로공사,한국도로공사 통행료정산센터,지점,국토교통부,공기업(시장형),경상북도 김천시 혁신8로 77 (율곡동) 한국도로공사,054-811-4612,-,054-811-4609,-,-,-
중앙/지방(기관리스트),한국도로공사,한국도로공사 포항영덕건설사업단,지점,국토교통부,공기업(시장형),경상북도 포항시 북구 흥해읍 신덕로 80-32 한국도로공사 포항영덕건설사업단,054-811-7312,-,054-811-7399,-,-,-
중앙/지방(기관리스트),한국도로공사,한국도로공사 함양합천건설사업단,지점,국토교통부,공기업(시장형),경상남도 거창군 남상면 수남로 1876 한국도로공사 함양합천건설사업단,055-720-6600,-,055-720-6699,-,-,-
중앙/지방(기관리스트),한국도로공사,한국도로공사 함평지사,지점,국토교통부,공기업(시장형),전라남도 함평군 함평읍 함영로 1435-11 한국도로공사 함평지사,061-883-6500,-,061-883-6598,-,-,-
중앙/지방(기관리스트),한국도로공사,한국도로공사 합천창녕건설사업단,지점,국토교통부,공기업(시장형),경상남도 의령군 의령읍 백산로 160-8 한국도로공사 합천창녕건설사업단,055-720-6700,-,055-720-6799,-,-,-
중앙/지방(기관리스트),한국도로공사,한국도로공사 홍천지사,지점,국토교통부,공기업(시장형),강원도 홍천군 홍천읍 설악로 1374 한국도로공사 홍천지사,033-811-6400,-,033-811-6499,-,-,-
중앙/지방(기관리스트),한국도로공사,한국도로공사 화성지사,지점,국토교통부,공기업(시장형),경기도 화성시 팔탄면 3.1만세로 879-56 한국도로공사 화성지사,02-2084-1400,-,02-2084-1498,-,-,-
중앙/지방(기관리스트),한국도로공사서비스(주),한국도로공사서비스(주),본점,국토교통부,기타공공기관,경기도 성남시 수정구 창업로57번길 11(시흥동) 5층 한국도로공사서비스,1588-2504,1588-2504,-,-,-,-
중앙/지방(기관리스트),한국도로교통공단,도로교통공단 강남시험장,지점,경찰청,준정부기관(위탁집행형),서울특별시 강남구 테헤란로114길 23 (대치동) 도로교통공단 강남시험장,02-2193-7601,-,-,-,-,-
중앙/지방(기관리스트),한국도로교통공단,도로교통공단 강릉시험장,지점,경찰청,준정부기관(위탁집행형),강원특별자치도 강릉시 사천면 중앙서로 464 도로교통공단 강릉시험장,033-640-3200,-,-,-,-,-
중앙/지방(기관리스트),한국도로교통공단,도로교통공단 강서시험장,지점,경찰청,준정부기관(위탁집행형),서울특별시 강서구 남부순환로 171 (외발산동) 도로교통공단 강서시험장,02-2669-2900,-,-,-,-,-
중앙/지방(기관리스트),한국도로교통공단,도로교통공단 강원교통방송,지점,경찰청,준정부기관(위탁집행형),강원특별자치도 원주시 동부순환로 183 (반곡동) 도로교통공단 강원방송,033-749-0114,-,-,-,-,-
중앙/지방(기관리스트),한국도로교통공단,도로교통공단 강원지부,지점,경찰청,준정부기관(위탁집행형),강원특별자치도 춘천시 영서로 2806 (우두동) 도로교통공단 강원지부,033-250-9114,-,-,-,-,-
중앙/지방(기관리스트),한국도로교통공단,도로교통공단 경기지부,지점,경찰청,준정부기관(위탁집행형),경기도 용인시 기흥구 흥덕3로 41 (영덕동) 도로교통공단 경기지부,031-8006-1114,-,-,-,-,-
중앙/지방(기관리스트),한국도로교통공단,도로교통공단 경남교통방송,지점,경찰청,준정부기관(위탁집행형),경상남도 창원시 성산구 창원천로94번길 82-4 (대원동) 도로교통공단 경남방송,055-272-6114,-,-,-,-,-
중앙/지방(기관리스트),한국도로교통공단,도로교통공단 경북교통방송,지점,경찰청,준정부기관(위탁집행형),경상북도 포항시 북구 침촌마을길 39 (장성동) 도로교통공단 경북방송,054-240-6214,-,-,-,-,-
중앙/지방(기관리스트),한국도로교통공단,도로교통공단 경북지부,지점,경찰청,준정부기관(위탁집행형),경상북도 구미시 인동31길 14-3 (인의동) 도로교통공단 경북지부,054-478-6114,-,-,-,-,-
중앙/지방(기관리스트),한국도로교통공단,도로교통공단 경인교통방송,지점,경찰청,준정부기관(위탁집행형),인천광역시 미추홀구 매소홀로 251 (학익동) 도로교통공단 경인방송,032-453-1114,-,-,-,-,-
중앙/지방(기관리스트),한국도로교통공단,도로교통공단 광양시험장,지점,경찰청,준정부기관(위탁집행형),전라남도 광양시 광양읍 대학로 11 도로교통공단 광양시험장,061-760-1600,-,-,-,-,-
중앙/지방(기관리스트),한국도로교통공단,도로교통공단 광주·전남지부,지점,경찰청,준정부기관(위탁집행형),광주광역시 북구 우치로 201 (용봉동) 도로교통공단 광주전남지부,062-530-6114,-,-,-,-,-
중앙/지방(기관리스트),한국도로교통공단,도로교통공단 광주교통방송,지점,경찰청,준정부기관(위탁집행형),광주광역시 광산구 첨단중앙로182번길 40 (쌍암동) 도로교통공단 광주방송,062-970-1114,-,-,-,-,-
중앙/지방(기관리스트),한국도로교통공단,도로교통공단 남부시험장,지점,경찰청,준정부기관(위탁집행형),부산광역시 남구 용호로 16 (용호동) 도로교통공단 남부시험장,051-610-8000,-,-,-,-,-
중앙/지방(기관리스트),한국도로교통공단,도로교통공단 대구교통방송,지점,경찰청,준정부기관(위탁집행형),대구광역시 남구 현충로 120 (대명동) 도로교통공단 대구방송,053-606-0114,-,-,-,-,-
중앙/지방(기관리스트),한국도로교통공단,도로교통공단 대구시험장,지점,경찰청,준정부기관(위탁집행형),대구광역시 북구 태암남로 38 (태전동) 도로교통공단 대구시험장,053-320-2400,-,-,-,-,-
중앙/지방(기관리스트),한국도로교통공단,도로교통공단 대구지부,지점,경찰청,준정부기관(위탁집행형),대구광역시 남구 대명서로 31 (대명동) 도로교통공단 대구지부,053-659-6114,-,-,-,-,-
중앙/지방(기관리스트),한국도로교통공단,도로교통공단 대전·충남지부,지점,경찰청,준정부기관(위탁집행형),대전광역시 유성구 동서대로 621 (상대동) 도로교통공단 대전세종충남지부,042-520-0114,-,-,-,-,-
중앙/지방(기관리스트),한국도로교통공단,도로교통공단 대전교통방송,지점,경찰청,준정부기관(위탁집행형),대전광역시 서구 신갈마로 17 (내동) 도로교통공단 대전방송,042-600-1114,-,-,-,-,-
중앙/지방(기관리스트),한국도로교통공단,도로교통공단 대전시험장,지점,경찰청,준정부기관(위탁집행형),대전광역시 동구 산서로1660번길 90 (대별동) 도로교통공단 대전시험장,042-250-3300,-,-,-,-,-
중앙/지방(기관리스트),한국도로교통공단,도로교통공단 도봉시험장,지점,경찰청,준정부기관(위탁집행형),서울특별시 노원구 동일로 1449 (상계동) 도로교통공단 도봉시험장,02-2092-0100,-,-,-,-,-
중앙/지방(기관리스트),한국도로교통공단,도로교통공단 마산시험장,지점,경찰청,준정부기관(위탁집행형),경상남도 창원시 마산합포구 진동면 진북산업로 90-1 도로교통공단 마산시험장,055-240-8100,-,-,-,-,-
중앙/지방(기관리스트),한국도로교통공단,도로교통공단 문경시험장,지점,경찰청,준정부기관(위탁집행형),경상북도 문경시 신기공단1길 12 (신기동) 도로교통공단 문경시험장,054-550-2600,-,-,-,-,-
중앙/지방(기관리스트),한국도로교통공단,도로교통공단 부산교통방송,지점,경찰청,준정부기관(위탁집행형),부산광역시 남구 용소로 68 (대연동) 도로교통공단 부산방송,051-610-5114,-,-,-,-,-
중앙/지방(기관리스트),한국도로교통공단,도로교통공단 부산지부,지점,경찰청,준정부기관(위탁집행형),부산광역시 남구 용소로 74 (대연동) 도로교통공단 부산지부,051-629-9114,-,-,-,-,-
중앙/지방(기관리스트),한국도로교통공단,도로교통공단 북부시험장,지점,경찰청,준정부기관(위탁집행형),부산광역시 사상구 사상로367번길 35 (덕포동) 도로교통공단 북부시험장,051-310-7600,-,-,-,-,-
중앙/지방(기관리스트),한국도로교통공단,도로교통공단 서부시험장,지점,경찰청,준정부기관(위탁집행형),서울특별시 마포구 월드컵로42길 13 (상암동) 도로교통공단 서부시험장,02-300-3500,-,-,-,-,-
중앙/지방(기관리스트),한국도로교통공단,도로교통공단 서울지부,지점,경찰청,준정부기관(위탁집행형),서울특별시 서초구 양재대로 242 (염곡동) 도로교통공단 서울특별지부,02-3498-2114,-,-,-,-,-
중앙/지방(기관리스트),한국도로교통공단,도로교통공단 안산시험장,지점,경찰청,준정부기관(위탁집행형),경기도 안산시 단원구 순환로 352 (와동) 도로교통공단 안산시험장,031-490-2800,-,-,-,-,-
중앙/지방(기관리스트),한국도로교통공단,도로교통공단 예산시험장,지점,경찰청,준정부기관(위탁집행형),충청남도 예산군 오가면 국사봉로 500 도로교통공단 예산시험장,041-330-7400,-,-,-,-,-
중앙/지방(기관리스트),한국도로교통공단,도로교통공단 용인시험장,지점,경찰청,준정부기관(위탁집행형),경기도 용인시 기흥구 용구대로 2267 (신갈동) 도로교통공단 용인시험장,031-289-0103,-,-,-,-,-
중앙/지방(기관리스트),한국도로교통공단,도로교통공단 울산·경남지부,지점,경찰청,준정부기관(위탁집행형),경상남도 창원시 의창구 창원대로397번길 12-13 (팔용동) 도로교통공단 울산경남지부,055-276-6114,-,-,-,-,-
중앙/지방(기관리스트),한국도로교통공단,도로교통공단 울산교통방송,지점,경찰청,준정부기관(위탁집행형),울산광역시 중구 함월7길 11 (성안동) 도로교통공단 울산방송,052-261-1041,-,-,-,-,-
중앙/지방(기관리스트),한국도로교통공단,도로교통공단 울산시험장,지점,경찰청,준정부기관(위탁집행형),울산광역시 울주군 상북면 봉화로 342 도로교통공단 울산시험장,052-255-8700,-,-,-,-,-
중앙/지방(기관리스트),한국도로교통공단,도로교통공단 원주시험장,지점,경찰청,준정부기관(위탁집행형),강원특별자치도 원주시 호저면 사제로 596 도로교통공단 원주시험장,033-737-0600,-,-,-,-,-
중앙/지방(기관리스트),한국도로교통공단,도로교통공단 의정부시험장,지점,경찰청,준정부기관(위탁집행형),경기도 의정부시 금오로109번길 55 (금오동) 도로교통공단 의정부시험장,031-850-8700,-,-,-,-,-
중앙/지방(기관리스트),한국도로교통공단,도로교통공단 인천시험장,지점,경찰청,준정부기관(위탁집행형),인천광역시 남동구 아암대로 1247 (고잔동) 도로교통공단 인천시험장,032-810-2300,-,-,-,-,-
중앙/지방(기관리스트),한국도로교통공단,도로교통공단 인천지부,지점,경찰청,준정부기관(위탁집행형),인천광역시 연수구 대암로 30 (옥련동) 도로교통공단 인천지부,032-830-6114,-,-,-,-,-
중앙/지방(기관리스트),한국도로교통공단,도로교통공단 전남시험장,지점,경찰청,준정부기관(위탁집행형),전라남도 나주시 내영산2길 49 (삼영동) 도로교통공단 전남시험장,061-339-1500,-,-,-,-,-
중앙/지방(기관리스트),한국도로교통공단,도로교통공단 전북교통방송,지점,경찰청,준정부기관(위탁집행형),전라북도 전주시 덕진구 정여립로 1097-10 (만성동) 도로교통공단 전북방송,063-210-3114,-,-,-,-,-
중앙/지방(기관리스트),한국도로교통공단,도로교통공단 전북시험장,지점,경찰청,준정부기관(위탁집행형),전라북도 전주시 덕진구 팔복로 359 (여의동) 도로교통공단 전북시험장,063-210-3800,-,-,-,-,-
중앙/지방(기관리스트),한국도로교통공단,도로교통공단 전북지부,지점,경찰청,준정부기관(위탁집행형),전라북도 전주시 완산구 내원당길 29 (대성동) 도로교통공단 전북지부,063-281-6114,-,-,-,-,-
중앙/지방(기관리스트),한국도로교통공단,도로교통공단 제주교통방송,지점,경찰청,준정부기관(위탁집행형),제주특별자치도 제주시 기자길 101 (아라이동) 도로교통공단 제주방송,064-717-8114,-,-,-,-,-
중앙/지방(기관리스트),한국도로교통공단,도로교통공단 제주시험장,지점,경찰청,준정부기관(위탁집행형),제주특별자치도 제주시 애월읍 평화로 2072 도로교통공단 제주시험장,064-710-9200,-,-,-,-,-
중앙/지방(기관리스트),한국도로교통공단,도로교통공단 제주지부,지점,경찰청,준정부기관(위탁집행형),제주특별자치도 제주시 노형로 231 (노형동) 도로교통공단 제주지부,064-710-9114,-,-,-,-,-
중앙/지방(기관리스트),한국도로교통공단,도로교통공단 청주시험장,지점,경찰청,준정부기관(위탁집행형),충청북도 청주시 상당구 가덕면 교육원로 131-20 도로교통공단 청주시험장,043-290-0900,-,-,-,-,-
중앙/지방(기관리스트),한국도로교통공단,도로교통공단 춘천시험장,지점,경찰청,준정부기관(위탁집행형),강원특별자치도 춘천시 신북읍 신북로 247 도로교통공단 춘천시험장,033-269-1200,-,-,-,-,-
중앙/지방(기관리스트),한국도로교통공단,도로교통공단 충북지부,지점,경찰청,준정부기관(위탁집행형),충청북도 청주시 상당구 남일면 효덕길 14-5 도로교통공단 충북지부,043-717-7114,-,-,-,-,-
중앙/지방(기관리스트),한국도로교통공단,도로교통공단 충주시험장,지점,경찰청,준정부기관(위탁집행형),충청북도 충주시 대가주1길 16 (가주동) 도로교통공단 충주시험장,043-840-4600,-,-,-,-,-
중앙/지방(기관리스트),한국도로교통공단,도로교통공단 태백시험장,지점,경찰청,준정부기관(위탁집행형),강원특별자치도 태백시 수아밭길 166 (화전동) 도로교통공단 태백시험장,033-550-5700,-,-,-,-,-
중앙/지방(기관리스트),한국도로교통공단,도로교통공단 포항시험장,지점,경찰청,준정부기관(위탁집행형),경상북도 포항시 남구 오천읍 냉천로 656 도로교통공단 포항시험장,054-290-9300,-,-,-,-,-
중앙/지방(기관리스트),한국도로교통공단,한국도로교통공단,본점,경찰청,준정부기관(위탁집행형),강원특별자치도 원주시 혁신로 2 (반곡동) 한국도로교통공단,033-749-5000,1577-1120,-,-,-,-
중앙/지방(기관리스트),한국도박문제예방치유원,한국도박문제예방치유원,본점,문화체육관광부,기타공공기관,서울특별시 중구 퇴계로 173 (충무로3가) 8층,02-740-9000,1336-1336,02-740-9019,minwon@kcgp.or.kr,-,-
중앙/지방(기관리스트),한국동서발전(주),한국동서발전(주),본점,기후에너지환경부,공기업(시장형),울산광역시 중구 종가로 395 (성안동) 한국동서발전(주),070-5000-1000,-,070-5000-1299,-,-,-
중앙/지방(기관리스트),한국동서발전(주),한국동서발전(주) 당진화력본부,지점,기후에너지환경부,공기업(시장형),충청남도 당진시 석문면 교로길 30 한국동서발전(주) 당진화력본부,070-5000-2001,-,070-5000-1299,-,-,-
중앙/지방(기관리스트),한국동서발전(주),한국동서발전(주) 동해바이오화력본부,지점,기후에너지환경부,공기업(시장형),강원도 동해시 공단9로 145 (구호동) 한국동서발전(주) 동해바이오화력본부,070-5000-6013,-,070-5000-1299,-,-,-
중앙/지방(기관리스트),한국동서발전(주),한국동서발전(주) 울산화력본부,지점,기후에너지환경부,공기업(시장형),울산광역시 남구 용잠로 623 (남화동) 한국동서발전(주) 울산화력본부,070-5000-4197,-,070-5000-1299,-,-,-
중앙/지방(기관리스트),한국동서발전(주),한국동서발전(주) 일산화력본부,지점,기후에너지환경부,공기업(시장형),경기도 고양시 일산동구 경의로 201 (백석동) 한국동서발전(주) 일산화력본부,070-5000-7132,-,070-5000-1299,-,-,-
중앙/지방(기관리스트),한국동서발전(주),한국동서발전(주) 호남화력본부,지점,기후에너지환경부,공기업(시장형),전라남도 여수시 여수산단로 1203 (월내동) 한국동서발전(주) 호남화력본부,070-5000-5113,-,070-5000-1299,-,-,-
중앙/지방(기관리스트),한국등산·트레킹지원센터,한국등산·트레킹지원센터,본점,산림청,기타공공기관,대전광역시 대덕구 신상로 67 (비래동) 한국등산트레킹지원센터 2층,042-620-6300,-,042-672-1950,yosan@komount.or.kr,-,-
중앙/지방(기관리스트),한국디자인진흥원,한국디자인진흥원,본점,산업통상부,기타공공기관,경기도 성남시 분당구 양현로 322 (야탑동) 코리아디자인센터 7층,031-780-2200,-,-,-,-,-
중앙/지방(기관리스트),한국디자인진흥원,한국디자인진흥원 미래디자인융합센터,지점,산업통상부,기타공공기관,경상남도 양산시 물금읍 부산대학로 16 (가촌리 1312-4) 미래디자인융합센터,055-379-3600,-,055-379-3604,-,-,-
중앙/지방(기관리스트),한국로봇산업진흥원,한국로봇산업진흥원,본점,산업통상부,기타공공기관,대구광역시 북구 노원로 77(노원동3가) 한국로봇산업진흥원,053-210-9600,-,-,-,-,-
중앙/지방(기관리스트),한국마사회,한국마사회,본점,농림축산식품부,공기업(준시장형),경기도 과천시 경마공원대로 107 (주암동) 한국마사회,02-1566-3333,1566-3333,-,-,-,-
중앙/지방(기관리스트),한국마사회,한국마사회 강동지사,지점,농림축산식품부,공기업(준시장형),서울특별시 강동구 구천면로 200 (천호동) (한국마사회 강동지사),02-6411-5900,-,02-6411-5901,kra1340@kra.co.kr,-,-
중앙/지방(기관리스트),한국마사회,한국마사회 강북지사,지점,농림축산식품부,공기업(준시장형),서울특별시 강북구 도봉로 302 (번동) (한국마사회 강북지사),02-6312-2000,-,02-6312-2100,kra1350@kra.co.kr,-,-
중앙/지방(기관리스트),한국마사회,한국마사회 광명지사,지점,농림축산식품부,공기업(준시장형),경기도 광명시 디지털로 29 (철산동) (한국마사회 광명지사),02-2067-3221,-,02-2067-3288,kra1120@kra.co.kr,-,-
중앙/지방(기관리스트),한국마사회,한국마사회 광주지사,지점,농림축산식품부,공기업(준시장형),광주광역시 동구 구성로 257 (계림동) (한국마사회 광주지사),062-410-5008,-,062-410-5010,kra1630@kra.co.kr,-,-
중앙/지방(기관리스트),한국마사회,한국마사회 구리지사,지점,농림축산식품부,공기업(준시장형),경기도 구리시 안골로 105 (수택동) (한국마사회 구리지사),031-510-5512,-,031-510-5504,kra1130@kra.co.kr,-,-
중앙/지방(기관리스트),한국마사회,한국마사회 대구지사,지점,농림축산식품부,공기업(준시장형),대구광역시 달성군 가창면 가창로175길 6 (한국마사회 대구지사),053-288-1013,-,053-288-1199,kra1670@kra.co.kr,-,-
중앙/지방(기관리스트),한국마사회,한국마사회 도봉지사,지점,농림축산식품부,공기업(준시장형),서울특별시 도봉구 노해로67길 14 (창동) (한국마사회 도봉지사),02-6006-5900,-,02-6006-5919,kra1360@kra.co.kr,-,-
중앙/지방(기관리스트),한국마사회,한국마사회 동대문지사,지점,농림축산식품부,공기업(준시장형),서울특별시 동대문구 난계로 254 (신설동) (한국마사회 동대문지사),02-6233-3671,-,02-6233-3699,kra1440@kra.co.kr,-,-
중앙/지방(기관리스트),한국마사회,한국마사회 부산동구지사,지점,농림축산식품부,공기업(준시장형),부산광역시 동구 자성로 134 (범일동) (한국마사회 부산동구지사),051-999-1011,-,051-999-1100,kra1660@kra.co.kr,-,-
중앙/지방(기관리스트),한국마사회,한국마사회 부산연제지사,지점,농림축산식품부,공기업(준시장형),부산광역시 연제구 월드컵대로164번길 26 (연산동) (한국마사회 부산연제지사),051-999-1200,-,051-999-1234,kra1680@kra.co.kr,-,-
중앙/지방(기관리스트),한국마사회,한국마사회 분당지사,지점,농림축산식품부,공기업(준시장형),경기도 성남시 분당구 황새울로311번길 37 (서현동) (한국마사회 분당지사),031-622-5900,-,031-622-5959,kra1150@kra.co.kr,-,-
중앙/지방(기관리스트),한국마사회,한국마사회 선릉지사,지점,농림축산식품부,공기업(준시장형),서울특별시 강남구 테헤란로 416 (대치동) (한국마사회 선릉지사),02-6006-5300,-,02-6006-5399,kra1310@kra.co.kr,-,-
중앙/지방(기관리스트),한국마사회,한국마사회 수원지사,지점,농림축산식품부,공기업(준시장형),경기도 수원시 영통구 봉영로 1617 (영통동) (한국마사회 수원지사),031-300-2500,-,031-300-2566,kra1190@kra.co.kr,-,-
중앙/지방(기관리스트),한국마사회,한국마사회 시흥지사,지점,농림축산식품부,공기업(준시장형),경기도 시흥시 마유로 415 (정왕동) (한국마사회 시흥지사),031-500-5600,-,031-500-5699,kra1200@kra.co.kr,-,-
중앙/지방(기관리스트),한국마사회,한국마사회 안산지사,지점,농림축산식품부,공기업(준시장형),경기도 안산시 단원구 삼일로 310 (선부동) (한국마사회 안산지사),031-500-2700,-,031-500-5799,kra1160@kra.co.kr,-,-
중앙/지방(기관리스트),한국마사회,한국마사회 영등포지사,지점,농림축산식품부,공기업(준시장형),서울특별시 영등포구 영중로8길 14 (영등포동3가) (한국마사회 영등포지사),02-6006-5500,-,02-6006-5519,kra1400@kra.co.kr,-,-
중앙/지방(기관리스트),한국마사회,한국마사회 의정부지사,지점,농림축산식품부,공기업(준시장형),경기도 의정부시 시민로 45 (가능동) (한국마사회 의정부지사),031-822-6200,-,031-822-6299,kra1170@kra.co.kr,-,-
중앙/지방(기관리스트),한국마사회,한국마사회 인천미추홀지사,지점,농림축산식품부,공기업(준시장형),인천광역시 미추홀구 인중로 9 (숭의동) (한국마사회 인천미추홀지사),032-230-2222,-,032-230-2299,kra1730@kra.co.kr,-,-
중앙/지방(기관리스트),한국마사회,한국마사회 인천부평지사,지점,농림축산식품부,공기업(준시장형),인천광역시 부평구 장제로 54 (부평동) (한국마사회 인천부평지사),032-270-3606,-,032-270-3677,kra1610@kra.co.kr,-,-
중앙/지방(기관리스트),한국마사회,한국마사회 인천연수지사,지점,농림축산식품부,공기업(준시장형),인천광역시 연수구 벚꽃로 114 (연수동) (한국마사회 인천연수지사),032-820-6013,-,032-820-6099,kra1690@kra.co.kr,-,-
중앙/지방(기관리스트),한국마사회,한국마사회 인천중구지사,지점,농림축산식품부,공기업(준시장형),인천광역시 중구 신포로23번길 49 (중앙동3가) (한국마사회 인천중구지사),032-250-2500,-,032-250-2580,kra1620@kra.co.kr,-,-
중앙/지방(기관리스트),한국마사회,한국마사회 일산지사,지점,농림축산식품부,공기업(준시장형),경기도 고양시 일산동구 중앙로1275번길 60-19 (장항동) (한국마사회 일산지사),031-810-2614,-,031-810-2619,kra1180@kra.co.kr,-,-
중앙/지방(기관리스트),한국마사회,한국마사회 종로지사,지점,농림축산식품부,공기업(준시장형),서울특별시 종로구 난계로29길 49 (숭인동) (한국마사회 종로지사),02-6006-5417,-,02-6006-5419,kra1420@kra.co.kr,-,-
중앙/지방(기관리스트),한국마사회,한국마사회 중랑지사,지점,농림축산식품부,공기업(준시장형),서울특별시 중랑구 망우로 390 (망우동) (한국마사회 중랑지사),02-6006-5700,-,02-6006-5719,kra1430@kra.co.kr,-,-
중앙/지방(기관리스트),한국마사회,한국마사회 창원지사,지점,농림축산식품부,공기업(준시장형),경상남도 창원시 성산구 중앙대로 33 (중앙동) (한국마사회 창원지사),055-600-1013,-,055-600-1099,kra1710@kra.co.kr,-,-
중앙/지방(기관리스트),한국마사회,한국마사회 천안지사,지점,농림축산식품부,공기업(준시장형),충청남도 천안시 서북구 성정두정로 62 (두정동) (한국마사회 천안지사),041-901-5560,-,041-901-5566,kra1700@kra.co.kr,-,-
중앙/지방(기관리스트),한국마사회,한국마사회 청담지사,지점,농림축산식품부,공기업(준시장형),서울특별시 강남구 도산대로 529 (청담동) (한국마사회 청담지사),02-6006-5200,-,02-6006-5288,kra1330@kra.co.kr,-,-
중앙/지방(기관리스트),한국마약퇴치운동본부,한국마약퇴치운동본부,본점,식품의약품안전처,기타공공기관,서울특별시 영등포구 선유동2로 57 (양평동4가) 이레빌딩 신관 14층,02-2677-2245,-,02-2677-2247,-,-,-
중앙/지방(기관리스트),한국무역보험공사,한국무역보험공사,본점,산업통상부,준정부기관(기금관리형),서울특별시 종로구 종로 14 (서린동) 한국무역보험공사,02-399-6800,1588-3884,-,-,-,-
중앙/지방(기관리스트),한국무역보험공사,한국무역보험공사 강남지사,지점,산업통상부,준정부기관(기금관리형),서울특별시 강남구 영동대로 511 (삼성동) 트레이드타워 1304호,1588-3884,-,02-551-0487,-,-,-
중앙/지방(기관리스트),한국무역보험공사,한국무역보험공사 강원지사,지점,산업통상부,준정부기관(기금관리형),강원도 원주시 원일로 2 (인동) 삼성생명빌딩 6층,1588-3884,-,033-765-1065,-,-,-
중앙/지방(기관리스트),한국무역보험공사,한국무역보험공사 경기남부지사,지점,산업통상부,준정부기관(기금관리형),경기도 수원시 영통구 광교로 107 (이의동) 경기중소기업종합지원센터 8층,1588-3884,-,031-259-7607,-,-,-
중앙/지방(기관리스트),한국무역보험공사,한국무역보험공사 경기북부지사,지점,산업통상부,준정부기관(기금관리형),경기도 고양시 일산동구 중앙로 1181 (장항동) 교보생명빌딩 8층,1588-3884,-,031-932-3507,-,-,-
중앙/지방(기관리스트),한국무역보험공사,한국무역보험공사 경남지사,지점,산업통상부,준정부기관(기금관리형),경상남도 창원시 의창구 중앙대로 257 (용호동) 경남무역회관 5층,1588-3884,-,055-286-9399,-,-,-
중앙/지방(기관리스트),한국무역보험공사,한국무역보험공사 광주전남지사,지점,산업통상부,준정부기관(기금관리형),광주광역시 동구 제봉로 225 (대인동) 광주은행 본점 10층,1588-3884,-,062-226-4824,-,-,-
중앙/지방(기관리스트),한국무역보험공사,한국무역보험공사 구로디지털지사,지점,산업통상부,준정부기관(기금관리형),서울특별시 구로구 디지털로32길 29 (구로동) 키콕스벤처센터 14층 1402호,1588-3884,-,02-6300-6311,-,-,-
중앙/지방(기관리스트),한국무역보험공사,한국무역보험공사 대구경북지사,지점,산업통상부,준정부기관(기금관리형),대구광역시 동구 동대구로 489 (신천동) 대구무역회관 10층,1588-3884,-,053-256-2684,-,-,-
중앙/지방(기관리스트),한국무역보험공사,한국무역보험공사 대전세종충남지사,지점,산업통상부,준정부기관(기금관리형),대전광역시 서구 청사로 136 (월평동) 대전무역회관 8층,1588-3884,-,042-526-3295,-,-,-
중앙/지방(기관리스트),한국무역보험공사,한국무역보험공사 부산지사,지점,산업통상부,준정부기관(기금관리형),부산광역시 해운대구 APEC로 30 (우동) 벡스코 제2전시장 3층,1588-3884,-,051-246-9833,-,-,-
중앙/지방(기관리스트),한국무역보험공사,한국무역보험공사 시화출장소,지점,산업통상부,준정부기관(기금관리형),경기도 시흥시 산기대학로 237 (정왕동) 시흥비즈니스센터 8층,1588-3884,-,031-499-5589,-,-,-
중앙/지방(기관리스트),한국무역보험공사,한국무역보험공사 울산지사,지점,산업통상부,준정부기관(기금관리형),울산광역시 남구 삼산로 197 (달동) 유안타종합금융증권빌딩 10층,1588-3884,-,052-261-1837,-,-,-
중앙/지방(기관리스트),한국무역보험공사,한국무역보험공사 인천지사,지점,산업통상부,준정부기관(기금관리형),인천광역시 연수구 갯벌로 12 (송도동) 미추홀타워 본관 13층,1588-3884,-,032-422-2718,-,-,-
중앙/지방(기관리스트),한국무역보험공사,한국무역보험공사 전북지사,지점,산업통상부,준정부기관(기금관리형),전라북도 전주시 완산구 온고을로 1 (서신동) 한국교직원공제회관 전북지부 5층,1588-3884,-,063-276-2364,-,-,-
중앙/지방(기관리스트),한국무역보험공사,한국무역보험공사 제주지사,지점,산업통상부,준정부기관(기금관리형),제주특별자치도 제주시 연삼로 473 (이도이동) 제주중소기업종합지원센터 4층,1588-3884,-,064-751-6603,-,-,-
중앙/지방(기관리스트),한국무역보험공사,한국무역보험공사 중앙지사,지점,산업통상부,준정부기관(기금관리형),서울특별시 종로구 종로 14 (서린동) 6층 중앙지사,1588-3884,-,02-399-6131,-,-,-
중앙/지방(기관리스트),한국무역보험공사,한국무역보험공사 천안출장소,지점,산업통상부,준정부기관(기금관리형),충청남도 천안시 서북구 불당14로 48 (불당동) NH농협은행 천안시지부 3층,1588-3884,-,041-622-7521,-,-,-
중앙/지방(기관리스트),한국무역보험공사,한국무역보험공사 충북지사,지점,산업통상부,준정부기관(기금관리형),충청북도 청주시 흥덕구 풍산로 50 (가경동) 중소기업종합센터 4층,1588-3884,-,043-236-1305,-,-,-
중앙/지방(기관리스트),한국무역보험공사,한국무역보험공사 해양금융부,지점,산업통상부,준정부기관(기금관리형),부산광역시 남구 문현금융로 40 (문현동) 부산국제금융센터 21층 2101호,1588-3884,-,051-630-5455,-,-,-
중앙/지방(기관리스트),한국문학번역원,한국문학번역원,본점,문화체육관광부,기타공공기관,서울특별시 강남구 영동대로112길 32 (삼성동) 한국문학번역원,02-6919-7714,-,-,info@klti.or.kr,-,-
중앙/지방(기관리스트),한국문화관광연구원,한국문화관광연구원,본점,문화체육관광부,기타공공기관,서울특별시 강서구 금낭화로 154 (방화동) 한국문화관광연구원,02-2669-9800,-,02-2669-9880,betterjini@kcti.re.kr,-,-
중앙/지방(기관리스트),한국문화예술교육진흥원,한국문화예술교육진흥원,본점,문화체육관광부,기타공공기관,서울특별시 마포구 상암산로 76 (상암동) YTN뉴스퀘어 11~12층 한국문화예술교육진흥원,02-6209-5900,-,-,-,-,-
중앙/지방(기관리스트),한국문화예술위원회,한국문화예술위원회,본점,문화체육관광부,기타공공기관,전라남도 나주시 빛가람로 640(빛가람동) 한국문화예술위원회,061-900-2100,-,061-900-2360,arko@arko.or.kr,-,-
중앙/지방(기관리스트),한국문화예술위원회,한국문화예술위원회 대학로예술극장,지점,문화체육관광부,기타공공기관,서울특별시 종로구 대학로10길 17(동숭동) 대학로예술극장,02-3668-0007,-,02-6969-5246,artstheater@arko.or.kr,-,-
중앙/지방(기관리스트),한국문화예술위원회,한국문화예술위원회 아르코미술관,지점,문화체육관광부,기타공공기관,서울특별시 종로구 동숭길 3(동숭동) 한국문화예술위원회 아르코미술관,02-760-4608,-,-,arkoevent@arko.or.kr,-,-
중앙/지방(기관리스트),한국문화예술위원회,한국문화예술위원회 아르코예술극장,지점,문화체육관광부,기타공공기관,서울특별시 종로구 대학로8길 7(동숭동) 아르코예술극장,02-3668-0007,-,02-744-4008,artstheater@arko.or.kr,-,-
중앙/지방(기관리스트),한국문화예술위원회,한국문화예술위원회 아르코예술기록원,지점,문화체육관광부,기타공공기관,서울특별시 서초구 남부순환로 2406(서초동) 한가람디자인미술관 3층,02-760-4750,-,02-760-4748,artsarchive@arko.or.kr,-,-
중앙/지방(기관리스트),한국문화예술위원회,한국문화예술위원회 아르코예술인력개발원,지점,문화체육관광부,기타공공기관,경기도 고양시 일산동구 성현로513번길 10(사리현동) 한국문화예술위원회 창의예술인력센터,02-760-4658,-,02-760-4647,edu@arko.or.kr,-,-
중앙/지방(기관리스트),한국문화예술위원회,한국문화예술위원회 예술가의집,지점,문화체육관광부,기타공공기관,서울특별시 종로구 동숭길 3(동숭동) 예술가의집,02-760-4715,-,-,artisthouse@arko.or.kr,-,-
중앙/지방(기관리스트),한국문화예술위원회,한국문화예술위원회 인사미술공간,지점,문화체육관광부,기타공공기관,서울특별시 종로구 창덕궁길 89(원서동) 인사미술공간,02-760-4608,-,-,ias.info@arko.or.kr,-,-
중앙/지방(기관리스트),한국문화정보원,한국문화정보원,본점,문화체육관광부,기타공공기관,서울특별시 마포구 월드컵북로 400 (상암동) 6층/8층,02-3153-2820,-,02-3153-2849,-,-,-
중앙/지방(기관리스트),한국문화진흥주식회사,한국문화진흥주식회사,본점,문화체육관광부,기타공공기관,경기도 광주시 삼지곡길 95 (삼동) 뉴서울컨트리클럽,031-762-5672,-,031-762-1155,speedcar1@newseoulgolf.co.kr,-,-
중앙/지방(기관리스트),한국물기술인증원,한국물기술인증원,본점,기후에너지환경부,기타공공기관,nan,nan,-,-,-,-,-
중앙/지방(기관리스트),한국발명진흥회,한국발명진흥회,본점,지식재산처,기타공공기관,서울특별시 강남구 테헤란로 131 (역삼동) 한국지식재산센터 17층,02-3459-2800,-,-,-,-,-
중앙/지방(기관리스트),한국발명진흥회,한국발명진흥회 강원지부,지점,지식재산처,기타공공기관,강원도 춘천시 강원대학길 1 (효자동) 강원대학교 보듬관 403호,033-254-6580,-,033-264-6581,-,-,-
중앙/지방(기관리스트),한국발명진흥회,한국발명진흥회 광주지부,지점,지식재산처,기타공공기관,광주광역시 북구 추암로 249 (월출동) 광주이노비즈센터 7층,062-954-3841,-,062-953-3844,-,-,-
중앙/지방(기관리스트),한국발명진흥회,한국발명진흥회 대전지부,지점,지식재산처,기타공공기관,대전광역시 유성구 대덕대로 593 (도룡동) 대덕테크비즈센터 1007호,042-932-0420,-,042-932-0421,-,-,-
중앙/지방(기관리스트),한국발명진흥회,한국발명진흥회 부산지부,지점,지식재산처,기타공공기관,부산광역시 사상구 학감대로 257 (감전동) 보생빌딩 305호,051-645-9683,-,051-645-9685,-,-,-
중앙/지방(기관리스트),한국발명진흥회,한국발명진흥회 세종지부,지점,지식재산처,기타공공기관,세종특별자치시 조치원읍 군청로 93 세종 SB(Science Biz) 플라자,044-998-7775,-,-,-,-,-
중앙/지방(기관리스트),한국발명진흥회,한국발명진흥회 전북지부,지점,지식재산처,기타공공기관,전라북도 전주시 덕진구 반룡로 109 (팔복동2가) 벤처지원동 105호,063-252-9301,-,063-252-9302,-,-,-
중앙/지방(기관리스트),한국방송광고진흥공사,한국방송광고진흥공사,본점,방송미디어통신위원회,기타공공기관,서울특별시 중구 세종대로 124(태평로1가) 한국프레스센터,02-731-7115,-,-,webmaster@kobaco.co.kr,-,-
중앙/지방(기관리스트),한국방송광고진흥공사,한국방송광고진흥공사 경남지소,지점,방송미디어통신위원회,기타공공기관,경상남도 창원시 마산합포구 불종거리로 46(오동동) 삼성생명빌딩 9층,055-247-7771,-,055-247-7770,-,-,-
중앙/지방(기관리스트),한국방송광고진흥공사,한국방송광고진흥공사 광주지사,지점,방송미디어통신위원회,기타공공기관,광주광역시 서구 상무중앙로 80(치평동) 전문건설회관 빌딩 3층,062-652-3600,-,062-652-6939,-,-,-
중앙/지방(기관리스트),한국방송광고진흥공사,한국방송광고진흥공사 대구지사,지점,방송미디어통신위원회,기타공공기관,대구광역시 수성구 동대구로 126(황금동) 한국방송광고진흥공사빌딩 6층,053-767-9900,-,053-767-9901,-,-,-
중앙/지방(기관리스트),한국방송광고진흥공사,한국방송광고진흥공사 대전지사,지점,방송미디어통신위원회,기타공공기관,대전광역시 서구 대덕대로176번길 51(둔산동) 6층,042-533-3821,-,042-533-3825,-,-,-
중앙/지방(기관리스트),한국방송광고진흥공사,한국방송광고진흥공사 부산지사,지점,방송미디어통신위원회,기타공공기관,대구광역시 수성구 동대구로 126(황금동) 한국방송광고진흥공사빌딩 6층,051-751-0400,-,051-751-0477,-,-,-
중앙/지방(기관리스트),한국방송광고진흥공사,한국방송광고진흥공사 전북지소,지점,방송미디어통신위원회,기타공공기관,전라북도 전주시 완산구 기린대로 192(서노송동) 예원빌딩 3층,063-286-0904,-,063-284-5880,-,-,-
중앙/지방(기관리스트),한국방송통신전파진흥원,한국방송통신전파진흥원,본점,과학기술정보통신부,준정부기관(위탁집행형),전라남도 나주시 빛가람로 760(빛가람동) 한국방송통신전파진흥원,1899-5599,1899-5599,-,-,-,-
중앙/지방(기관리스트),한국방송통신전파진흥원,한국방송통신전파진흥원 강릉사업소,지점,과학기술정보통신부,준정부기관(위탁집행형),강원도 강릉시 강릉대로 368 (포남동) 한국방송통신전파진흥원 강릉사업소,033-646-9751,-,033-646-9753,-,-,-
중앙/지방(기관리스트),한국방송통신전파진흥원,한국방송통신전파진흥원 강원본부,지점,과학기술정보통신부,준정부기관(위탁집행형),강원도 원주시 만대로 15-1 (무실동) 한국정보통신공사협회 강원도회 2층 한국방송통신전파진흥원 강원본부,033-732-8501,-,033-732-8506,-,-,-
중앙/지방(기관리스트),한국방송통신전파진흥원,한국방송통신전파진흥원 경북본부,지점,과학기술정보통신부,준정부기관(위탁집행형),대구광역시 수성구 청수로 66 (상동) 한국방송통신전파진흥원 경북본부,053-766-9001,-,053-766-9003,-,-,-
중앙/지방(기관리스트),한국방송통신전파진흥원,한국방송통신전파진흥원 경인본부,지점,과학기술정보통신부,준정부기관(위탁집행형),인천광역시 남동구 미래로 7 (구월동) 현대해상빌딩 4층 한국방송통신전파진흥원 경인본부,032-442-8701,-,032-438-7551,-,-,-
중앙/지방(기관리스트),한국방송통신전파진흥원,한국방송통신전파진흥원 목포지사,지점,과학기술정보통신부,준정부기관(위탁집행형),전라남도 목포시 영산로 33 (대의동2가) 유달산 우체국 2층 한국방송통신전파진흥원 목포사업소,061-242-0014,-,061-244-3404,-,-,-
중앙/지방(기관리스트),한국방송통신전파진흥원,한국방송통신전파진흥원 부산본부,지점,과학기술정보통신부,준정부기관(위탁집행형),부산광역시 동구 초량중로 29 (초량동) 한국방송통신전파진흥원 부산본부,051-440-1000,-,051-440-1004,-,-,-
중앙/지방(기관리스트),한국방송통신전파진흥원,한국방송통신전파진흥원 북서울본부,지점,과학기술정보통신부,준정부기관(위탁집행형),서울특별시 마포구 성암로 189 (상암동) 중소기업DMC타워 10층 한국방송통신전파진흥원 북서울본부,02-3151-9901,-,02-3151-9929,-,-,-
중앙/지방(기관리스트),한국방송통신전파진흥원,한국방송통신전파진흥원 빛마루방송지원센터,지점,과학기술정보통신부,준정부기관(위탁집행형),경기도 고양시 일산동구 태극로 60 (장항동) 빛마루방송지원센터,031-8073-0101,-,031-8073-0210,-,-,-
중앙/지방(기관리스트),한국방송통신전파진흥원,한국방송통신전파진흥원 서울본부,지점,과학기술정보통신부,준정부기관(위탁집행형),서울특별시 송파구 중대로 135 (가락동) IT벤처타워 서관 2층,02-2142-2060,-,02-2142-2059,-,-,-
중앙/지방(기관리스트),한국방송통신전파진흥원,한국방송통신전파진흥원 여수지사,지점,과학기술정보통신부,준정부기관(위탁집행형),전라남도 여수시 문수로 117 (문수동) KT북여수지점 2층 한국방송통신전파진흥원 여수사업소,061-641-5500,-,061-641-5502,-,-,-
중앙/지방(기관리스트),한국방송통신전파진흥원,한국방송통신전파진흥원 전남본부,지점,과학기술정보통신부,준정부기관(위탁집행형),광주광역시 서구 운천로 219 (치평동) 한국방송통신전파진흥원 전남본부,062-383-5070,-,062-383-5074,-,-,-
중앙/지방(기관리스트),한국방송통신전파진흥원,한국방송통신전파진흥원 전북본부,지점,과학기술정보통신부,준정부기관(위탁집행형),전라북도 전주시 덕진구 견훤로 279 (인후동1가) 한국방송통신전파진흥원 전북본부,063-244-1116,-,063-244-1119,-,-,-
중앙/지방(기관리스트),한국방송통신전파진흥원,한국방송통신전파진흥원 제주지사,지점,과학기술정보통신부,준정부기관(위탁집행형),제주특별자치도 제주시 중앙로 265 (이도이동) 성우빌딩 7층 한국방송통신전파진흥원 제주본부,064-752-0386,-,064-755-3933,-,-,-
중앙/지방(기관리스트),한국방송통신전파진흥원,한국방송통신전파진흥원 진주지사,지점,과학기술정보통신부,준정부기관(위탁집행형),경상남도 진주시 진주대로 888 (칠암동) 아이비타워 5층 502호 한국방송통신전파진흥원 진주사업소,055-763-4737,-,055-763-4739,-,-,-
중앙/지방(기관리스트),한국방송통신전파진흥원,한국방송통신전파진흥원 충청본부,지점,과학기술정보통신부,준정부기관(위탁집행형),대전광역시 서구 계룡로553번길 24 (탄방동) 한국방송통신전파진흥원 충청본부,042-602-0114,-,042-602-0119,-,-,-
중앙/지방(기관리스트),한국방송통신전파진흥원,한국방송통신전파진흥원 포항지사,지점,과학기술정보통신부,준정부기관(위탁집행형),경상북도 포항시 북구 중앙로 201 (죽도동) 한화생명 7층 한국방송통신전파진흥원 포항사업소,054-282-2367,-,054-282-2368,-,-,-
중앙/지방(기관리스트),한국법무보호복지공단,한국법무보호복지공단,본점,법무부,준정부기관(위탁집행형),경상북도 김천시 혁신1로 86 (율곡동) 한국법무보호복지공단,054-911-8650,1670-7004,054-911-9269,hq01@koreha.or.kr,-,-
중앙/지방(기관리스트),한국법무보호복지공단,한국법무보호복지공단 강원동부지부,지점,법무부,준정부기관(위탁집행형),강원특별자치도 강릉시 옥가로 56 (옥천동) 한국법무보호복지공단 강원동부지부,033-647-3185,-,033-822-2051,-,-,-
중앙/지방(기관리스트),한국법무보호복지공단,한국법무보호복지공단 강원지부,지점,법무부,준정부기관(위탁집행형),강원도 춘천시 영서로 2953 (사농동) 한국법무보호복지공단 강원지부,033-254-8827,-,033-254-3986,gangwon@koreha.or.kr,-,-
중앙/지방(기관리스트),한국법무보호복지공단,한국법무보호복지공단 경기남부지부,지점,법무부,준정부기관(위탁집행형),경기도 화성시 병점중앙로 154 (진안동) 한국법무보호복지공단 경기남부지부,031-225-6405,-,031-225-6406,gg_south@koreha.or.kr,-,-
중앙/지방(기관리스트),한국법무보호복지공단,한국법무보호복지공단 경기동부지소,지점,법무부,준정부기관(위탁집행형),경기도 수원시 팔달구 세지로399번길 31 (우만동) 한국법무보호복지공단 경기동부지소,031-243-5788,-,031-243-5780,gg_east@koreha.or.kr,-,-
중앙/지방(기관리스트),한국법무보호복지공단,한국법무보호복지공단 경기북부지부,지점,법무부,준정부기관(위탁집행형),경기도 의정부시 입석로 45 (가능동) 한국법무보호복지공단 경기북부지부,031-829-8342,-,031-829-8343,gg_north@koreha.or.kr,-,-
중앙/지방(기관리스트),한국법무보호복지공단,한국법무보호복지공단 경기지부,지점,법무부,준정부기관(위탁집행형),경기도 수원시 장안구 천천로 126 (천천동) 한국법무보호복지공단 경기지부,031-242-1381,-,031-243-3058,suwon@koreha.or.kr,-,-
중앙/지방(기관리스트),한국법무보호복지공단,한국법무보호복지공단 경남서부지소,지점,법무부,준정부기관(위탁집행형),경상남도 진주시 석갑로 135 (신안동) 한국법무보호복지공단 경남서부지소,055-742-1922,-,055-742-1921,jinju@koreha.or.kr,-,-
중앙/지방(기관리스트),한국법무보호복지공단,한국법무보호복지공단 경남지부,지점,법무부,준정부기관(위탁집행형),경상남도 창원시 의창구 동읍 의창대로 918 한국법무보호복지공단 경남지부,055-291-7735,-,055-291-7738,gyeongnam@koreha.or.kr,-,-
중앙/지방(기관리스트),한국법무보호복지공단,한국법무보호복지공단 경북서부지소,지점,법무부,준정부기관(위탁집행형),경상북도 구미시 형곡로22길 5-12 (형곡동) 한국법무보호복지공단 경북서부지소,054-442-6230,-,054-442-6231,gumi@koreha.or.kr,-,-
중앙/지방(기관리스트),한국법무보호복지공단,한국법무보호복지공단 경북지부,지점,법무부,준정부기관(위탁집행형),경상북도 예천군 호명면 봉호로 4057 한국법무보호복지공단 경북지부,054-716-1661,-,054-716-1663,gyeongbuk@koreha.or.kr,-,-
중앙/지방(기관리스트),한국법무보호복지공단,한국법무보호복지공단 광주남부지소,지점,법무부,준정부기관(위탁집행형),광주광역시 서구 월드컵4강로71번길 20 (화정동) 한국법무보호복지공단 광주남부지소,062-376-9936,-,062-376-9938,gwangju_south@koreha.or.kr,-,-
중앙/지방(기관리스트),한국법무보호복지공단,한국법무보호복지공단 광주전남지부,지점,법무부,준정부기관(위탁집행형),광주광역시 북구 동운로52번길 18 (동림동) 한국법무보호복지공단 광주전남지부,062-513-9937,-,062-513-9938,gwangju@koreha.or.kr,-,-
중앙/지방(기관리스트),한국법무보호복지공단,한국법무보호복지공단 대구지부,지점,법무부,준정부기관(위탁집행형),대구광역시 달서구 성서동로 325 (이곡동) 한국법무보호복지공단 대구지부,053-583-2931,-,053-583-2938,daegu@koreha.or.kr,-,-
중앙/지방(기관리스트),한국법무보호복지공단,한국법무보호복지공단 대전지부,지점,법무부,준정부기관(위탁집행형),대전광역시 중구 대둔산로350번길 19 (사정동) 한국법무보호복지공단 대전지부,042-581-0705,-,042-581-2796,daejeon@koreha.or.kr,-,-
중앙/지방(기관리스트),한국법무보호복지공단,한국법무보호복지공단 법무보호가족교육원,지점,법무부,준정부기관(위탁집행형),경기도 오산시 경기대로 822-38 (외삼미동) 한국법무보호복지공단 법무보호가족교육원,031-8058-2678,-,031-8058-2670,familyrc@koreha.or.kr,-,-
중앙/지방(기관리스트),한국법무보호복지공단,한국법무보호복지공단 부산지부,지점,법무부,준정부기관(위탁집행형),부산광역시 사하구 낙동대로 640 (하단동) 한국법무보호복지공단 부산지부,051-205-7503,-,051-206-7506,busan@koreha.or.kr,-,-
중앙/지방(기관리스트),한국법무보호복지공단,한국법무보호복지공단 서울북부지소,지점,법무부,준정부기관(위탁집행형),서울특별시 도봉구 방학로8길 33 (방학동) 한국법무보호복지공단 서울북부지소,02-954-0756,-,02-954-0701,seoul_north@koreha.or.kr,-,-
중앙/지방(기관리스트),한국법무보호복지공단,한국법무보호복지공단 서울서부지소,지점,법무부,준정부기관(위탁집행형),서울특별시 은평구 갈현로7길 5-14 (역촌동) 한국법무보호복지공단 서울서부지소,02-385-3006,-,02-385-3018,seoul_west@koreha.or.kr,-,-
중앙/지방(기관리스트),한국법무보호복지공단,한국법무보호복지공단 서울지부,지점,법무부,준정부기관(위탁집행형),서울특별시 양천구 지양로 137 (신월동) 한국법무보호복지공단 서울지부,02-2695-8721,-,02-2698-1070,seoul@koreha.or.kr,-,-
중앙/지방(기관리스트),한국법무보호복지공단,한국법무보호복지공단 울산지부,지점,법무부,준정부기관(위탁집행형),울산광역시 남구 돋질로 450 (삼산동) 2층 한국법무보호복지공단 울산지부,052-249-4128,-,052-249-4122,ulsan@koreha.or.kr,-,-
중앙/지방(기관리스트),한국법무보호복지공단,한국법무보호복지공단 인천지부,지점,법무부,준정부기관(위탁집행형),인천광역시 서구 심곡로 86 (심곡동) 한국법무보호복지공단 인천지부,032-561-0286,-,032-565-9525,incheon@koreha.or.kr,-,-
중앙/지방(기관리스트),한국법무보호복지공단,한국법무보호복지공단 전남동부지부,지점,법무부,준정부기관(위탁집행형),전라남도 여수시 만성로 210-30 (만흥동) 한국법무보호복지공단 전남동부지부,061-654-9937,-,061-654-9938,yeosu@koreha.or.kr,-,-
중앙/지방(기관리스트),한국법무보호복지공단,한국법무보호복지공단 전북지부,지점,법무부,준정부기관(위탁집행형),전라북도 전주시 완산구 쑥고개옛길 127-4 (삼천동3가) 한국법무보호복지공단 전북지부,063-222-1560,-,063-222-1561,jeonbuk@koreha.or.kr,-,-
중앙/지방(기관리스트),한국법무보호복지공단,한국법무보호복지공단 제주지부,지점,법무부,준정부기관(위탁집행형),제주특별자치도 제주시 기자길 70 (아라이동) 한국법무보호복지공단 제주지부,064-755-1203,-,064-755-1213,jeju@koreha.or.kr,-,-
중앙/지방(기관리스트),한국법무보호복지공단,한국법무보호복지공단 충남지부,지점,법무부,준정부기관(위탁집행형),충청남도 홍성군 홍북읍 충서로2376번길 30 한국법무보호복지공단 충남지부,041-630-0800,-,041-632-9918,chungnam@koreha.or.kr,-,-
중앙/지방(기관리스트),한국법무보호복지공단,한국법무보호복지공단 충북지부,지점,법무부,준정부기관(위탁집행형),충청북도 청주시 서원구 청남로1847번길 118 (미평동) 한국법무보호복지공단 충북지부,043-291-6743,-,043-291-6744,chungbuk@koreha.or.kr,-,-
중앙/지방(기관리스트),한국법제연구원,한국법제연구원,본점,국무조정실,기타공공기관,세종특별자치시 국책연구원로 15 (반곡동) 한국법제연구원,044-861-0300,-,044-868-9913,law@klri.re.kr,-,-
중앙/지방(기관리스트),한국벤처투자,한국벤처투자,본점,중소벤처기업부,기타공공기관,서울특별시 서초구 서초대로45길 16(서초동) 한국벤처투자,02-2156-2000,-,-,-,-,-
중앙/지방(기관리스트),한국벤처투자,한국벤처투자 미국 사무소,지점,중소벤처기업부,기타공공기관,nan,nan,-,-,hckoo@kvicus.com,-,-
중앙/지방(기관리스트),한국벤처투자,한국벤처투자 싱가폴 사무소,지점,중소벤처기업부,기타공공기관,nan,nan,-,-,skim@k-vic.co.kr,-,-
중앙/지방(기관리스트),한국벤처투자,한국벤처투자 중국 사무소,지점,중소벤처기업부,기타공공기관,nan,nan,-,-,moon@k-vic.co.kr,-,-
중앙/지방(기관리스트),한국보건복지인재원,한국보건복지인재원,본점,보건복지부,기타공공기관,충청북도 청주시 흥덕구 오송읍 오송생명2로 187 한국보건복지인재원,043-710-9000,1600-8810,043-710-9119,kohi@kohi.or.kr,-,-
중앙/지방(기관리스트),한국보건복지인재원,한국보건복지인재원 경인교육센터,지점,보건복지부,기타공공기관,경기도 수원시 장안구 서부로 2163(율전동) 굿모닝빌딩 7층 한국보건복지인재원 경인교육센터,031-271-2143,-,031-271-2144,-,-,-
중앙/지방(기관리스트),한국보건복지인재원,한국보건복지인재원 광주교육센터,지점,보건복지부,기타공공기관,광주광역시 서구 천변좌로 268(양동) KDB생명빌딩 26층 한국보건복지인재원 광주교육센터,062-350-1100,-,062-350-1101,-,-,-
중앙/지방(기관리스트),한국보건복지인재원,한국보건복지인재원 대구교육센터,지점,보건복지부,기타공공기관,대구광역시 동구 동내로 88(동내동) 커뮤니케이션센터 7층 한국보건복지인재원 대구교육센터,053-256-0860,-,053-256-0861,-,-,-
중앙/지방(기관리스트),한국보건복지인재원,한국보건복지인재원 대전교육센터,지점,보건복지부,기타공공기관,대전광역시 중구 계룡로 807(용두동) 동아일보빌딩 4층 한국보건복지인재원 대전교육센터,042-257-3293,-,042-257-3434,-,-,-
중앙/지방(기관리스트),한국보건복지인재원,한국보건복지인재원 보건산업교육실,지점,보건복지부,기타공공기관,서울특별시 강남구 테헤란로 305(역삼동) 한국기술센터 9~10층 한국보건복지인재원 보건산업교육실,02-3299-1400,-,-,-,-,-
중앙/지방(기관리스트),한국보건복지인재원,한국보건복지인재원 부산교육센터,지점,보건복지부,기타공공기관,부산광역시 동구 중앙대로 360(수정동) 협성타워 14층 한국보건복지인재원 부산교육센터,051-466-4061,-,051-466-4477,-,-,-
중앙/지방(기관리스트),한국보건복지인재원,한국보건복지인재원 서울교육센터,지점,보건복지부,기타공공기관,서울특별시 중구 후암로 110(남대문로5가) 서울시티타워 7층 한국보건복지인재원 서울교육센터,02-870-7300,-,02-870-7301,-,-,-
중앙/지방(기관리스트),한국보건복지인재원,한국보건복지인재원 아동안전지원단,지점,보건복지부,기타공공기관,서울특별시 중구 후암로 110(남대문로5가) 서울시티타워 7층 한국보건복지인재원 아동안전지원단,02-883-4501,-,-,-,-,-
중앙/지방(기관리스트),한국보건사회연구원,한국보건사회연구원,본점,국무조정실,기타공공기관,세종특별자치시 시청대로 370(반곡동) 세종국책연구단지 사회정책동(1~5층),044-287-8000,-,044-287-8052,-,-,-
중앙/지방(기관리스트),한국보건산업진흥원,한국보건산업진흥원,본점,보건복지부,기타공공기관,충청북도 청주시 흥덕구 오송읍 오송생명2로 187 한국보건산업진흥원,043-713-8000,-,043-713-8903,-,-,-
중앙/지방(기관리스트),한국보건의료연구원,한국보건의료연구원,본점,보건복지부,기타공공기관,서울특별시 광진구 능동로 400(중곡동) 한국보건의료연구원,02-2174-2700,-,-,neca@neca.re.kr,-,-
중앙/지방(기관리스트),한국보건의료인국가시험원,한국보건의료인국가시험원,본점,보건복지부,기타공공기관,서울특별시 광진구 자양로 45 (자양동) 한국보건의료인국가시험원,1544-4244,1544-4244,02-2251-6329,kukmail@kuksiwon.or.kr,-,-
중앙/지방(기관리스트),한국보건의료인국가시험원,한국보건의료인국가시험원 강원원주시험센터,지점,보건복지부,기타공공기관,강원특별자치도 원주시 중앙로 189 (학성동) 한국보건의료인국가시험원 강원원주시험센터(중앙동 행정복지센터 인근 KT학성빌딩 건물 2층),1544-4244,-,-,-,-,-
중앙/지방(기관리스트),한국보건의료인국가시험원,한국보건의료인국가시험원 경기성남시험센터,지점,보건복지부,기타공공기관,경기도 성남시 수정구 산성대로 573 (양지동) 한국보건의료인국가시험원 경기성남시험센터(을지대학교 성남캠퍼스 뉴밀레니엄센터 3층),1544-4244,-,-,-,-,-
중앙/지방(기관리스트),한국보건의료인국가시험원,한국보건의료인국가시험원 광주전남시험센터,지점,보건복지부,기타공공기관,광주광역시 남구 봉선로 1 (봉선동) 한국보건의료인국가시험원 광주전남시험센터(광주광역시 남구청 3층),1544-4244,-,-,-,-,-
중앙/지방(기관리스트),한국보건의료인국가시험원,한국보건의료인국가시험원 대구경북시험센터,지점,보건복지부,기타공공기관,"대구광역시 동구 첨복로 80 (동내동) 한국보건의료인국가시험원 대구경북시험센터(신약개발지원센터 건물 내 7,8층)",1544-4244,-,-,-,-,-
중앙/지방(기관리스트),한국보건의료인국가시험원,한국보건의료인국가시험원 대전충청시험센터,지점,보건복지부,기타공공기관,대전광역시 서구 문정로 6 (탄방동) 한국보건의료인국가시험원 대전충청시험센터(국민연금공단 서대전지사 건물 5층),1544-4244,-,-,-,-,-
중앙/지방(기관리스트),한국보건의료인국가시험원,한국보건의료인국가시험원 별관,지점,보건복지부,기타공공기관,서울특별시 광진구 자양로 126 (구의동) 성지하이츠 2층,1544-4244,-,02-2251-6329,kukmail@kuksiwon.or.kr,-,-
중앙/지방(기관리스트),한국보건의료인국가시험원,한국보건의료인국가시험원 부산경남시험센터,지점,보건복지부,기타공공기관,"부산광역시 남구 신선로 365 (용당동) 한국보건의료인국가시험원 부산경남시험센터(부경대학교 용당캠퍼스 용당15관 1,2층)",1544-4244,-,-,-,-,-
중앙/지방(기관리스트),한국보건의료인국가시험원,한국보건의료인국가시험원 서울구로시험센터,지점,보건복지부,기타공공기관,"서울특별시 구로구 공원로 21 (구로동) 한국보건의료인국가시험원 서울구로시험센터(나라키움 구로복합관사 건물 3,4층)",1544-4244,-,-,-,-,-
중앙/지방(기관리스트),한국보건의료인국가시험원,한국보건의료인국가시험원 전북전주시험센터,지점,보건복지부,기타공공기관,전북특별자치도 전주시 완산구 온고을로 13 (서신동) 한국보건의료인국가시험원 전북전주시험센터(국민연금공단 전주지사 건물 4층),1544-4244,-,-,-,-,-
중앙/지방(기관리스트),한국보건의료인국가시험원,한국보건의료인국가시험원 제주시험센터,지점,보건복지부,기타공공기관,제주특별자치도 제주시 한라대학로 38 (노형동) 한국보건의료인국가시험원 제주시험센터(제주 한라대 하이테크센터 지하1층),1544-4244,-,-,-,-,-
중앙/지방(기관리스트),한국보훈복지의료공단,한국보훈복지의료공단,본점,국가보훈부,준정부기관(위탁집행형),강원도 원주시 혁신로 40 (반곡동) 한국보훈복지의료공단,033-749-3600,-,033-749-3601,leegb@bohun.or.kr,-,-
중앙/지방(기관리스트),한국보훈복지의료공단,한국보훈복지의료공단 광주보훈병원,지점,국가보훈부,준정부기관(위탁집행형),광주광역시 광산구 첨단월봉로 99(산월동) 광주보훈병원,062-602-6114,-,062-602-6980,-,-,-
중앙/지방(기관리스트),한국보훈복지의료공단,한국보훈복지의료공단 광주보훈요양원,지점,국가보훈부,준정부기관(위탁집행형),광주광역시 광산구 첨단월봉로 99(산월동) 광주보훈요양원,062-602-5800,-,062-974-5849,-,-,-
중앙/지방(기관리스트),한국보훈복지의료공단,한국보훈복지의료공단 김해보훈요양원,지점,국가보훈부,준정부기관(위탁집행형),경상남도 김해시 진영읍 하계로 127 김해보훈요양원,055-340-8585,-,-,-,-,-
중앙/지방(기관리스트),한국보훈복지의료공단,한국보훈복지의료공단 남양주보훈요양원,지점,국가보훈부,준정부기관(위탁집행형),경기도 남양주시 덕송2로 71(별내동) 남양주보훈요양원,031-579-7000,-,031-579-7070,-,-,-
중앙/지방(기관리스트),한국보훈복지의료공단,한국보훈복지의료공단 대구보훈병원,지점,국가보훈부,준정부기관(위탁집행형),대구광역시 달서구 월곡로 60(도원동) 대구보훈병원,053-630-7000,-,053-630-7089,-,-,-
중앙/지방(기관리스트),한국보훈복지의료공단,한국보훈복지의료공단 대구보훈요양원,지점,국가보훈부,준정부기관(위탁집행형),대구광역시 달성군 하빈면 하산길 123-23 대구보훈요양원,053-606-3000,-,053-593-2523,-,-,-
중앙/지방(기관리스트),한국보훈복지의료공단,한국보훈복지의료공단 대전보훈병원,지점,국가보훈부,준정부기관(위탁집행형),대전광역시 유성구 유성대로935번길 16(죽동) 대전보훈요양원,042-939-0114,-,042-934-4401,-,-,-
중앙/지방(기관리스트),한국보훈복지의료공단,한국보훈복지의료공단 대전보훈요양원,지점,국가보훈부,준정부기관(위탁집행형),대전광역시 유성구 유성대로935번길 16(죽동) 대전보훈요양원,042-829-3000,-,042-829-3070,-,-,-
중앙/지방(기관리스트),한국보훈복지의료공단,한국보훈복지의료공단 보훈교육연구원,지점,국가보훈부,준정부기관(위탁집행형),경기도 수원시 장안구 광교산로 69(영화동) 보훈교육연구원,031-244-8191,-,031-248-3145,-,-,-
중앙/지방(기관리스트),한국보훈복지의료공단,한국보훈복지의료공단 보훈원,지점,국가보훈부,준정부기관(위탁집행형),경기도 수원시 장안구 광교산로 97(하광교동) 보훈원,031-242-0552,-,031-250-1561,-,-,-
중앙/지방(기관리스트),한국보훈복지의료공단,한국보훈복지의료공단 보훈재활체육센터,지점,국가보훈부,준정부기관(위탁집행형),경기도 수원시 장안구 광교산로 71(하광교동) 보훈재활체육센터,031-259-0900,-,031-245-3788,-,-,-
중앙/지방(기관리스트),한국보훈복지의료공단,한국보훈복지의료공단 보훈휴양원,지점,국가보훈부,준정부기관(위탁집행형),충청북도 충주시 중앙탑면 수룡봉황길 553-17 충주보훈휴양원,043-854-2121,-,043-855-7329,-,-,-
중앙/지방(기관리스트),한국보훈복지의료공단,한국보훈복지의료공단 부산보훈병원,지점,국가보훈부,준정부기관(위탁집행형),부산광역시 사상구 백양대로 420(주례동) 부산보훈병원,051-601-6000,-,051-601-6079,-,-,-
중앙/지방(기관리스트),한국보훈복지의료공단,한국보훈복지의료공단 수원보훈요양원,지점,국가보훈부,준정부기관(위탁집행형),경기도 수원시 장안구 광교산로 95(하광교동) 수원보훈요양원,031-240-9000,-,031-244-9091,-,-,-
중앙/지방(기관리스트),한국보훈복지의료공단,한국보훈복지의료공단 원주보훈요양원,지점,국가보훈부,준정부기관(위탁집행형),강원도 원주시 혁신로 249 (반곡동) 1층,033-769-2000,-,032-769-2081,-,-,-
중앙/지방(기관리스트),한국보훈복지의료공단,한국보훈복지의료공단 인천보훈병원,지점,국가보훈부,준정부기관(위탁집행형),인천광역시 미추홀구 인주대로 138(용현동) 인천보훈병원,032-363-9800,-,032-363-9779,-,-,-
중앙/지방(기관리스트),한국보훈복지의료공단,한국보훈복지의료공단 중앙보훈병원,지점,국가보훈부,준정부기관(위탁집행형),서울특별시 강동구 진황도로61길 53(둔촌동) 중앙보훈병원,02-2225-1114,-,02-2225-1652,-,-,-
중앙/지방(기관리스트),한국부동산원,한국감정원 강릉지사,지점,국토교통부,공기업(준시장형),강원도 강릉시 경강로 2071 (임당동) 하나금융투자빌딩 2층,033-642-8461,-,033-643-4735,-,-,-
중앙/지방(기관리스트),한국부동산원,한국감정원 경기남부지사,지점,국토교통부,공기업(준시장형),경기도 수원시 팔달구 경수대로 438 (인계동) 현대하이엘 2층,031-211-5471,-,031-211-5478,-,-,-
중앙/지방(기관리스트),한국부동산원,한국감정원 경기동부지사,지점,국토교통부,공기업(준시장형),경기도 성남시 분당구 야탑로81번길 16 (야탑동) KEB하나은행 야탑역지점 5층,031-781-1811,-,031-781-1816,-,-,-
중앙/지방(기관리스트),한국부동산원,한국감정원 경기북부지사,지점,국토교통부,공기업(준시장형),경기도 의정부시 시민로 58 (의정부동) 우리은행 의정부지점 3층,031-876-5501,-,031-876-5505,-,-,-
중앙/지방(기관리스트),한국부동산원,한국감정원 경기서부지사,지점,국토교통부,공기업(준시장형),경기도 고양시 일산동구 중앙로 1187 (장항동) 흥국생명빌딩 5층,031-925-1472,-,031-925-6348,-,-,-
중앙/지방(기관리스트),한국부동산원,한국감정원 경기중부지사,지점,국토교통부,공기업(준시장형),경기도 안양시 동안구 평촌대로212번길 55 (관양동) 대고빌딩 8층,031-436-8900,-,031-436-8905,-,-,-
중앙/지방(기관리스트),한국부동산원,한국감정원 광주지사,지점,국토교통부,공기업(준시장형),광주광역시 서구 시청로 84 (치평동) 한국감정원광주사옥 3층,062-953-1300,-,062-953-1133,-,-,-
중앙/지방(기관리스트),한국부동산원,한국감정원 군산지사,지점,국토교통부,공기업(준시장형),전라북도 군산시 대학로 35 (중앙로1가) 군산교보빌딩 8층,063-443-2141,-,063-443-2144,-,-,-
중앙/지방(기관리스트),한국부동산원,한국감정원 대구지사,지점,국토교통부,공기업(준시장형),대구광역시 동구 동대구로 441 (신천동) 영남타워 15층,053-754-7642,-,053-742-6110,-,-,-
중앙/지방(기관리스트),한국부동산원,한국감정원 대전지사,지점,국토교통부,공기업(준시장형),대전광역시 서구 한밭대로 809 (둔산동) 사학연금 둔산회관 18층,042-254-1174,-,042-254-7121,-,-,-
중앙/지방(기관리스트),한국부동산원,한국감정원 동남권본부,지점,국토교통부,공기업(준시장형),부산광역시 동구 중앙대로 314 (초량동) 한국감정원 빌딩 5층,051-469-9474,-,051-469-9476,-,-,-
중앙/지방(기관리스트),한국부동산원,한국감정원 부산동부지사,지점,국토교통부,공기업(준시장형),부산광역시 동구 중앙대로 314 (초량동) 한국감정원 빌딩 12층,051-462-0401,-,051-465-0964,-,-,-
중앙/지방(기관리스트),한국부동산원,한국감정원 부산서부지사,지점,국토교통부,공기업(준시장형),부산광역시 사상구 사상로181번길 10 (괘법동) 하이에어코리아(주)빌딩 3층,051-315-6151,-,051-315-6185,-,-,-
중앙/지방(기관리스트),한국부동산원,한국감정원 서남권본부,지점,국토교통부,공기업(준시장형),대전광역시 서구 한밭대로 809 (둔산동) 사학연금 둔산회관 20층,042-482-1174,-,042-482-1196,-,-,-
중앙/지방(기관리스트),한국부동산원,한국감정원 서울강남지사,지점,국토교통부,공기업(준시장형),서울특별시 서초구 서운로 3 (서초동) 한국감정원 6층,02-550-9000,-,02-550-9025,-,-,-
중앙/지방(기관리스트),한국부동산원,한국감정원 서울남부지사,지점,국토교통부,공기업(준시장형),서울특별시 영등포구 영중로 61 (영등포동6가) 극동빌딩 7층,02-2634-9231,-,02-2676-7550,-,-,-
중앙/지방(기관리스트),한국부동산원,한국감정원 서울동부지사,지점,국토교통부,공기업(준시장형),서울특별시 성동구 천호대로 432 (용답동) 금풍빌딩 6층,02-2216-6811,-,02-2216-5020,-,-,-
중앙/지방(기관리스트),한국부동산원,한국감정원 서울중부지사,지점,국토교통부,공기업(준시장형),서울특별시 중구 남대문로 117 (다동) 동아빌딩 8층,02-735-7141,-,02-738-2030,-,-,-
중앙/지방(기관리스트),한국부동산원,한국감정원 수도권본부,지점,국토교통부,공기업(준시장형),서울특별시 서초구 서운로 3 (서초동) 한국감정원 7층,02-550-9090,-,02-550-9099,-,-,-
중앙/지방(기관리스트),한국부동산원,한국감정원 순천지사,지점,국토교통부,공기업(준시장형),전라남도 순천시 이수로 296 (연향동) 청우빌딩 9층,061-742-9051,-,061-742-9055,-,-,-
중앙/지방(기관리스트),한국부동산원,한국감정원 안동지사,지점,국토교통부,공기업(준시장형),경상북도 안동시 경동로 568 (당북동) 에이비엘생명빌딩 5층,054-854-4875,-,054-852-8374,-,-,-
중앙/지방(기관리스트),한국부동산원,한국감정원 울산지사,지점,국토교통부,공기업(준시장형),울산광역시 남구 북부순환도로 17 (무거동) 남운프라자 901호,052-224-1651,-,052-224-1650,-,-,-
중앙/지방(기관리스트),한국부동산원,한국감정원 인천지사,지점,국토교통부,공기업(준시장형),인천광역시 남동구 논현로46번길 23 (논현동) 한국토지주택공사 인천지역본부 8층,032-437-6771,-,032-437-6779,-,-,-
중앙/지방(기관리스트),한국부동산원,한국감정원 전주지사,지점,국토교통부,공기업(준시장형),전라북도 전주시 덕진구 백제대로 566 (금암동) 전북은행본점빌딩 16층,063-251-2201,-,063-251-2206,-,-,-
중앙/지방(기관리스트),한국부동산원,한국감정원 제주지사,지점,국토교통부,공기업(준시장형),제주특별자치도 제주시 연삼로 473 (이도이동) 경제통상진흥원 5층,064-722-6872,-,064-752-6330,-,-,-
중앙/지방(기관리스트),한국부동산원,한국감정원 진주지사,지점,국토교통부,공기업(준시장형),경상남도 진주시 진주대로 884 (칠암동) 교보빌딩 8층,055-758-8240,-,055-755-8099,-,-,-
중앙/지방(기관리스트),한국부동산원,한국감정원 창원지사,지점,국토교통부,공기업(준시장형),경상남도 창원시 성산구 상남로 25 (상남동) 한국산업은행 창원지점 3층,055-274-0992,-,055-263-0993,-,-,-
중앙/지방(기관리스트),한국부동산원,한국감정원 천안지사,지점,국토교통부,공기업(준시장형),충청남도 천안시 동남구 충절로 138 (원성동) 교보빌딩 2층,041-565-5311,-,041-561-4421,-,-,-
중앙/지방(기관리스트),한국부동산원,한국감정원 청주지사,지점,국토교통부,공기업(준시장형),충청북도 청주시 청원구 새터로 34 (내덕동) KTG 4층,043-258-1174,-,043-258-2545,-,-,-
중앙/지방(기관리스트),한국부동산원,한국감정원 춘천지사,지점,국토교통부,공기업(준시장형),강원도 춘천시 중앙로 16 (요선동) 무림빌딩 7층,033-251-2300,-,033-255-1959,-,-,-
중앙/지방(기관리스트),한국부동산원,한국감정원 충주지사,지점,국토교통부,공기업(준시장형),충청북도 충주시 으뜸로 31 (금릉동) 충주상공회의소 4층,043-842-4401,-,043-845-2436,-,-,-
중앙/지방(기관리스트),한국부동산원,한국감정원 포항지사,지점,국토교통부,공기업(준시장형),경상북도 포항시 북구 중앙로 201 (죽도동) 한화생명빌딩 8층,054-274-3112,-,054-282-8664,-,-,-
중앙/지방(기관리스트),한국부동산원,한국감정원 홍성지사,지점,국토교통부,공기업(준시장형),충청남도 홍성군 홍북읍 청사로 158 센트럴타워 4층,041-634-5141,-,041-634-5145,-,-,-
중앙/지방(기관리스트),한국부동산원,한국부동산원,본점,국토교통부,공기업(준시장형),대구광역시 동구 이노밸리로 291(신서동) 한국부동산원,053-663-8000,1644-2828,-,-,-,-
중앙/지방(기관리스트),한국사학진흥재단,한국사학진흥재단,본점,교육부,기타공공기관,대구광역시 동구 혁신대로 345 (신서동) 한국사학진흥재단,053-770-2500,-,-,leecr@kasfo.or.kr,-,-
중앙/지방(기관리스트),한국사회보장정보원,한국사회보장정보원,본점,보건복지부,준정부기관(위탁집행형),서울특별시 광진구 능동로 400(중곡동) 한국사회보장정보원,1566-3232,1566-3232,02-6360-6360,-,-,-
중앙/지방(기관리스트),한국사회복지협의회,한국사회복지협의회,본점,보건복지부,기타공공기관,서울특별시 마포구 만리재로 14 (공덕동) 한국사회복지회관 5층(공덕동 456),02-2077-3908,-,02-2077-5643,kncsw1@ssnkorea.or.kr,-,-
중앙/지방(기관리스트),한국사회복지협의회,한국사회복지협의회 세종중앙물류센터,지점,보건복지부,기타공공기관,nan,044-867-1376,-,044-867-1583,-,-,-
중앙/지방(기관리스트),한국사회적기업진흥원,한국사회적기업진흥원,본점,고용노동부,기타공공기관,"경기도 성남시 수정구 수정로 157 (태평동) MG성남수정새마을금고 6,7,8층",031-697-7700,-,031-697-7889,kosea@ikosea.or.kr,-,-
중앙/지방(기관리스트),한국산림복지진흥원,한국산림복지진흥원,본점,산림청,준정부기관(위탁집행형),대전광역시 서구 둔산북로 121 (둔산동) 2층 한국산림복지진흥원,042-719-4000,-,042-719-4019,info@fowi.or.kr,-,-
중앙/지방(기관리스트),한국산림복지진흥원,한국산림복지진흥원 국립대관령치유의숲,지점,산림청,준정부기관(위탁집행형),강원도 강릉시 성산면 대관령옛길 127-42 국립대관령치유의숲,033-642-8652,-,033-645-8651,cw5658@fowi.or.kr,-,-
중앙/지방(기관리스트),한국산림복지진흥원,한국산림복지진흥원 국립대운산치유의숲,지점,산림청,준정부기관(위탁집행형),울산광역시 울주군 온양읍 대운상대길 225-92 국립대운산치유의숲,052-255-9800,-,052-255-9829,rim3326@fowi.or.kr,-,-
중앙/지방(기관리스트),한국산림복지진흥원,한국산림복지진흥원 국립산림치유원,지점,산림청,준정부기관(위탁집행형),경상북도 영주시 봉현면 테라피로 209 국립산림치유원,054-639-3400,-,054-639-3680,daslim@fowi.or.kr,-,-
중앙/지방(기관리스트),한국산림복지진흥원,한국산림복지진흥원 국립양평치유의숲,지점,산림청,준정부기관(위탁집행형),경기도 양평군 양동면 황거길 262-10 국립양평치유의숲,031-8079-7941,-,031-8079-7940,npaek@fowi.or.kr,-,-
중앙/지방(기관리스트),한국산림복지진흥원,한국산림복지진흥원 국립장성숲체원,지점,산림청,준정부기관(위탁집행형),전라남도 장성군 북이면 방장로 353 국립장성숲체원,061-399-1800,-,061-392-4275,msy9143@fowi.or.kr,-,-
중앙/지방(기관리스트),한국산림복지진흥원,한국산림복지진흥원 국립청도숲체원,지점,산림청,준정부기관(위탁집행형),nan,054-370-8500,-,054-371-7050,yooaran@fowi.or.kr,-,-
중앙/지방(기관리스트),한국산림복지진흥원,한국산림복지진흥원 국립칠곡숲체원,지점,산림청,준정부기관(위탁집행형),경상북도 칠곡군 석적읍 유학로 532 국립칠곡숲체원,054-977-8773,-,054-977-8775,cgforestedu@fowi.or.kr,-,-
중앙/지방(기관리스트),한국산림복지진흥원,한국산림복지진흥원 국립하늘숲추모원,지점,산림청,준정부기관(위탁집행형),경기도 양평군 양동면 양서동로 372 국립하늘숲추모원,031-775-6637,-,031-775-6639,cij@fowi.or.kr,-,-
중앙/지방(기관리스트),한국산림복지진흥원,한국산림복지진흥원 국립횡성숲체원,지점,산림청,준정부기관(위탁집행형),강원도 횡성군 둔내면 청태산로 777 국립횡성숲체원,033-340-6300,-,033-340-6401,solch8342@fowi.or.kr,-,-
중앙/지방(기관리스트),한국산림복지진흥원,한국산림복지진흥원 파랑새유아숲체험원,지점,산림청,준정부기관(위탁집행형),세종특별자치시 보듬4로 86 (도담동) 파랑새유아숲체험원(세종리 산 379),042-719-4191,-,-,tree4190@fowi.or.kr,-,-
중앙/지방(기관리스트),한국산업기술기획평가원,한국산업기술기획평가원,본점,산업통상부,준정부기관(위탁집행형),대구광역시 동구 첨단로8길 32 (신서동) 한국산업기술기획평가원,053-718-8114,1544-6633,053-718-8593,-,-,-
중앙/지방(기관리스트),한국산업기술기획평가원,한국산업기술평가관리원 대전 분원,지점,산업통상부,준정부기관(위탁집행형),"대전광역시 서구 문정로48번길 48 (탄방동) 3,4층",042-712-9172,-,-,-,-,-
중앙/지방(기관리스트),한국산업기술기획평가원,한국산업기술평가관리원 서울사무소,지점,산업통상부,준정부기관(위탁집행형),"서울특별시 중구 세종대로 39 (남대문로4가) 4,8층",02-6050-2100,-,-,-,-,-
중앙/지방(기관리스트),한국산업기술시험원,한국산업기술시험원,본점,산업통상부,기타공공기관,경상남도 진주시 충의로 10 (충무공동) 한국산업기술시험원,055-791-3114,-,-,-,-,-
중앙/지방(기관리스트),한국산업기술시험원,한국산업기술시험원 강원분소,지점,산업통상부,기타공공기관,강원도 원주시 흥업면 북원로 1397 첨단의료기기벤처센터,033-760-7613,-,033-766-1065,-,-,-
중앙/지방(기관리스트),한국산업기술시험원,한국산업기술시험원 거창분소,지점,산업통상부,기타공공기관,경상남도 거창군 남상면 승강기길 80 한국산업기술시험원 거창승강기RD센터,055-940-6505,-,-,-,-,-
중앙/지방(기관리스트),한국산업기술시험원,한국산업기술시험원 경기분원,지점,산업통상부,기타공공기관,경기도 안산시 상록구 해안로 723 (사동) 한국산업기술시험원 경기분원,031-500-0114,-,031-500-0333,-,-,-
중앙/지방(기관리스트),한국산업기술시험원,한국산업기술시험원 대전분소,지점,산업통상부,기타공공기관,대전광역시 유성구 테크노2로 199 (용산동) 1차 313호 한국산업기술시험원 대전분소,042-939-6006,-,-,-,-,-
중앙/지방(기관리스트),한국산업기술시험원,한국산업기술시험원 부산분소,지점,산업통상부,기타공공기관,부산광역시 부산진구 부전로 94 (부전동) 영동프라자 3층 한국산업기술시험원 부산분소,051-805-3399,-,-,-,-,-
중앙/지방(기관리스트),한국산업기술시험원,한국산업기술시험원 부안분소,지점,산업통상부,기타공공기관,전라북도 부안군 하서면 신재생에너지로 28 한국산업기술시험원 부안분소,063-583-1620,-,-,-,-,-
중앙/지방(기관리스트),한국산업기술시험원,한국산업기술시험원 서울분원,지점,산업통상부,기타공공기관,서울특별시 구로구 디지털로26길 87 (구로동) 한국산업기술시험원 서울분원,02-860-1114,-,02-860-1285,-,-,-
중앙/지방(기관리스트),한국산업기술시험원,한국산업기술시험원 창원기업지원센터,지점,산업통상부,기타공공기관,경상남도 창원시 의창구 차룡로48번길 52 (팔용동) 스마트혁신지원센터 103호,055-294-2942,-,-,-,-,-
중앙/지방(기관리스트),한국산업기술시험원,한국산업기술시험원 천안분소,지점,산업통상부,기타공공기관,충청남도 천안시 서북구 직산읍 직산로 112 한국산업기술시험원 천안분소,070-4215-9554,-,-,-,-,-
중앙/지방(기관리스트),한국산업기술진흥원,한국산업기술진흥원,본점,산업통상부,준정부기관(위탁집행형),서울특별시 강남구 테헤란로 305 (역삼동) 한국기술센터 3층,02-6009-3000,6009-3000,02-6009-3079,-,-,-
중앙/지방(기관리스트),한국산업단지공단,한국산업단지공단,본점,산업통상부,준정부기관(위탁집행형),대구광역시 동구 첨단로 39 (신서동) 한국산업단지공단,070-8895-7000,1688-7277,070-4850-9031,-,-,-
중앙/지방(기관리스트),한국산업단지공단,한국산업단지공단 강원지역본부,지점,산업통상부,준정부기관(위탁집행형),강원도 원주시 흥업면 남원로 150 강릉원주대학교 과학기술대학 3호관(W15) 5층 한국산업단지공단 강원지역본부,070-8895-7651,-,070-4850-9033,-,-,-
중앙/지방(기관리스트),한국산업단지공단,한국산업단지공단 경기지역본부,지점,산업통상부,준정부기관(위탁집행형),경기도 안산시 단원구 동산로 57 (원시동) 한국산업단지공단 경기지역본부,070-8895-7590,-,070-4850-9033,-,-,-
중앙/지방(기관리스트),한국산업단지공단,한국산업단지공단 경남지역본부,지점,산업통상부,준정부기관(위탁집행형),경상남도 창원시 성산구 창원대로 754 (외동) 한국산업단지공단 경남지역본부,070-8895-7802,-,070-4850-9035,-,-,-
중앙/지방(기관리스트),한국산업단지공단,한국산업단지공단 경북지역본부,지점,산업통상부,준정부기관(위탁집행형),경상북도 구미시 수출대로 127 (공단동) 한국산업단지공단 경북지역본부,070-8895-7703,-,070-4850-9035,-,-,-
중앙/지방(기관리스트),한국산업단지공단,한국산업단지공단 경산사업단,지점,산업통상부,준정부기관(위탁집행형),경상북도 경산시 진량읍 진성로 346-15 (도로명주소 미부여) 경상북도 경산시 진량읍 광석리 225,070-8895-7690,-,070-4850-9031,-,-,-
중앙/지방(기관리스트),한국산업단지공단,한국산업단지공단 광양사무소,지점,산업통상부,준정부기관(위탁집행형),전라남도 광양시 희망길 12-14 (금호동) 포스코제철회관 3층 한국산업단지공단 광양사무소,070-8895-7999,-,070-4850-9036,-,-,-
중앙/지방(기관리스트),한국산업단지공단,한국산업단지공단 광주지역본부,지점,산업통상부,준정부기관(위탁집행형),광주광역시 북구 첨단과기로 313 (대촌동) 하이테크센터 5층 한국산업단지공단 광주지역본부,070-8895-7904,-,070-4850-9036,-,-,-
중앙/지방(기관리스트),한국산업단지공단,한국산업단지공단 김해지사,지점,산업통상부,준정부기관(위탁집행형),경상남도 김해시 주촌면 골든루트로129번길 12-2 한국산업단지공단 김해지사,070-8895-7795,-,070-4850-9035,-,-,-
중앙/지방(기관리스트),한국산업단지공단,한국산업단지공단 달성사무소,지점,산업통상부,준정부기관(위탁집행형),대구광역시 달성군 구지면 달성2차동1로 109 한국산업단지공단 달성사무소,070-8895-7764,-,070-4850-9035,-,-,-
중앙/지방(기관리스트),한국산업단지공단,한국산업단지공단 당진지사,지점,산업통상부,준정부기관(위탁집행형),충청남도 당진시 송악읍 부곡공단4길 53-13 한국산업단지공단 당진지사,070-8895-7675,-,070-4850-9034,-,-,-
중앙/지방(기관리스트),한국산업단지공단,한국산업단지공단 대구지역본부,지점,산업통상부,준정부기관(위탁집행형),"대구광역시 달서구 성서공단로 217 (갈산동) 4층, 10층 대구비즈니스센터 한국산업단지공단 대구지역본부",070-8895-7781,-,070-4850-9035,-,-,-
중앙/지방(기관리스트),한국산업단지공단,한국산업단지공단 대불지사,지점,산업통상부,준정부기관(위탁집행형),전라남도 영암군 삼호읍 대불주거3로 81 2층 한국산업단지공단 대불지사,070-8895-7940,-,070-4850-9036,-,-,-
중앙/지방(기관리스트),한국산업단지공단,한국산업단지공단 동해지사,지점,산업통상부,준정부기관(위탁집행형),강원도 동해시 공단1로 177 (구호동) 동해자유무역지역관리원 1층 한국산업단지공단 동해지사,070-8895-7661,-,070-4850-9033,-,-,-
중앙/지방(기관리스트),한국산업단지공단,한국산업단지공단 부산지역본부,지점,산업통상부,준정부기관(위탁집행형),부산광역시 강서구 녹산산단335로 5 (송정동) 경남은행 2층 한국산업단지공단 부산지역본부,070-8895-7834,-,070-4850-9035,-,-,-
중앙/지방(기관리스트),한국산업단지공단,한국산업단지공단 부평사무소,지점,산업통상부,준정부기관(위탁집행형),인천광역시 부평구 부평대로 293 (청천동) 10층 한국산업단지공단 부평사무소,070-8895-7470,-,070-4850-9033,-,-,-
중앙/지방(기관리스트),한국산업단지공단,한국산업단지공단 사천지사,지점,산업통상부,준정부기관(위탁집행형),경상남도 사천시 사남면 공단1로 8 한국산업단지공단 사천지사,070-8895-7891,-,070-4850-9035,-,-,-
중앙/지방(기관리스트),한국산업단지공단,한국산업단지공단 사하사무소,지점,산업통상부,준정부기관(위탁집행형),부산광역시 사하구 하신중앙로27번길 17 (장림동) 1층 104호 한국산업단지공단 사하사무소,070-8895-7860,-,070-4850-9035,-,-,-
중앙/지방(기관리스트),한국산업단지공단,한국산업단지공단 서울지역본부,지점,산업통상부,준정부기관(위탁집행형),"서울특별시 구로구 디지털로32길 29 (구로동) 키콕스벤처센터 13층, 14층 한국산업단지공단 서울지역본부",070-8895-7002,-,0502-286-0585,-,-,-
중앙/지방(기관리스트),한국산업단지공단,한국산업단지공단 시화MTV사무소,지점,산업통상부,준정부기관(위탁집행형),경기도 시흥시 산기대학로 237 (정왕동) 시흥비즈니스센터 9층,070-8895-7541,-,070-4850-9033,-,-,-
중앙/지방(기관리스트),한국산업단지공단,한국산업단지공단 시화지사,지점,산업통상부,준정부기관(위탁집행형),경기도 시흥시 산기대학로 237 (정왕동) 시흥비즈니스센터 9층 한국산업단지공단 시화지사,070-8895-7550,-,070-4850-9933,-,-,-
중앙/지방(기관리스트),한국산업단지공단,한국산업단지공단 오송계양사업단,지점,산업통상부,준정부기관(위탁집행형),충청북도 청주시 흥덕구 오송읍 오송생명로 186 한국산업단지공단 오송계양사업단,070-8895-7699,-,070-4850-9031,-,-,-
중앙/지방(기관리스트),한국산업단지공단,한국산업단지공단 울산지역본부,지점,산업통상부,준정부기관(위탁집행형),울산광역시 남구 정동로 83 (삼산동) 5층 한국산업단지공단 울산지역본부,070-8895-7872,-,070-4850-9035,-,-,-
중앙/지방(기관리스트),한국산업단지공단,한국산업단지공단 익산지사,지점,산업통상부,준정부기관(위탁집행형),전라북도 익산시 동서로 370 (영등동) 익산종합비즈니스센터 5층 한국산업단지공단 익산지사,070-8895-7981,-,070-4850-9036,-,-,-
중앙/지방(기관리스트),한국산업단지공단,한국산업단지공단 인천지역본부,지점,산업통상부,준정부기관(위탁집행형),인천광역시 남동구 남동대로 217 (고잔동) 한국산업단지공단 인천지역본부,070-8895-7431,-,070-4850-9033,-,-,-
중앙/지방(기관리스트),한국산업단지공단,한국산업단지공단 전남지역본부,지점,산업통상부,준정부기관(위탁집행형),전라남도 여수시 삼동3길 13 (주삼동) 여수혁신지원센터,070-8895-7991,-,070-4850-9036,-,-,-
중앙/지방(기관리스트),한국산업단지공단,한국산업단지공단 전북지역본부,지점,산업통상부,준정부기관(위탁집행형),전라북도 군산시 산단남북로 169 (오식도동) 한국산업단지공단 전북지역본부,070-8895-7972,-,070-4850-9036,-,-,-
중앙/지방(기관리스트),한국산업단지공단,한국산업단지공단 주안부평지사,지점,산업통상부,준정부기관(위탁집행형),인천광역시 서구 가재울로 72 (가좌동) 한국산업단지공단 주안부평지사,070-8895-7460,-,070-4850-9033,-,-,-
중앙/지방(기관리스트),한국산업단지공단,한국산업단지공단 충북지사,지점,산업통상부,준정부기관(위탁집행형),충청북도 청주시 흥덕구 풍산로 50 (가경동) 충북중소기업진흥센터 6층 한국산업단지공단 충북지사,070-8895-7631,-,070-4850-9034,-,-,-
중앙/지방(기관리스트),한국산업단지공단,한국산업단지공단 충청지역본부,지점,산업통상부,준정부기관(위탁집행형),충청남도 천안시 서북구 3공단2로 90-27 (성성동) 한국산업단지공단 충청지역본부,070-8895-7602,-,070-4850-9034,-,-,-
중앙/지방(기관리스트),한국산업단지공단,한국산업단지공단 파주양주사무소,지점,산업통상부,준정부기관(위탁집행형),경기도 파주시 금빛로 27 (금촌동) 703호,070-8895-7482,-,070-4850-9032,-,-,-
중앙/지방(기관리스트),한국산업단지공단,한국산업단지공단 평택지사,지점,산업통상부,준정부기관(위탁집행형),경기도 평택시 포승읍 평택항로184번길 38 포승종합지원센터 3층 한국산업단지공단 평택지사,070-8895-7570,-,070-7850-9033,-,-,-
중앙/지방(기관리스트),한국산업단지공단,한국산업단지공단 포항사무소,지점,산업통상부,준정부기관(위탁집행형),경상북도 포항시 남구 철강로 362 (호동) 포항철강산업단지관리공단 4층 한국산업단지공단 포항사무소,070-8895-7757,-,070-4850-9035,-,-,-
중앙/지방(기관리스트),한국산업안전보건공단,한국산업안전보건공단,본점,고용노동부,준정부기관(위탁집행형),울산광역시 중구 종가로 400(성안동) 안전보건공단,052-703-0500,1644-4544,-,-,-,-
중앙/지방(기관리스트),한국산업안전보건공단,한국산업안전보건공단 강원동부지사,지점,고용노동부,준정부기관(위탁집행형),강원도 강릉시 하슬라로 182(교동) 정관빌딩 3층,033-820-2580,-,033-820-2591,-,-,-
중앙/지방(기관리스트),한국산업안전보건공단,한국산업안전보건공단 강원지사,지점,고용노동부,준정부기관(위탁집행형),강원도 춘천시 경춘로 2370(온의동) 한국교직원공제회관 2층,033-815-1004,-,033-243-8315,-,-,-
중앙/지방(기관리스트),한국산업안전보건공단,한국산업안전보건공단 경기동부지사,지점,고용노동부,준정부기관(위탁집행형),경기도 성남시 분당구 쇳골로17번길 3(금곡동) 소곡회관 2층,031-785-3300,-,031-785-3332,-,-,-
중앙/지방(기관리스트),한국산업안전보건공단,한국산업안전보건공단 경기북부지사,지점,고용노동부,준정부기관(위탁집행형),경기도 의정부시 추동로 140(신곡동) 경기북부상공회의소 1층,031-841-4900,-,031-878-1541,-,-,-
중앙/지방(기관리스트),한국산업안전보건공단,한국산업안전보건공단 경기서부지사,지점,고용노동부,준정부기관(위탁집행형),경기도 안산시 단원구 광덕4로 230(고잔동) 2층,031-481-7599,-,031-414-3165,-,-,-
중앙/지방(기관리스트),한국산업안전보건공단,한국산업안전보건공단 경기중부지사,지점,고용노동부,준정부기관(위탁집행형),경기도 부천시 송내대로265번길 19(상동) 대신프라자 3층,032-680-6500,-,032-681-6513,-,-,-
중앙/지방(기관리스트),한국산업안전보건공단,한국산업안전보건공단 경기지사,지점,고용노동부,준정부기관(위탁집행형),"경기도 수원시 영통구 광교로 107(이의동) 경기도경제과학진흥원 10층, 13층",031-259-7149,-,031-259-7120,-,-,-
중앙/지방(기관리스트),한국산업안전보건공단,한국산업안전보건공단 경남동부지사,지점,고용노동부,준정부기관(위탁집행형),경상남도 양산시 동면 남양산2길 51 4층,055-371-7500,-,055-372-6916,-,-,-
중앙/지방(기관리스트),한국산업안전보건공단,한국산업안전보건공단 경남지사,지점,고용노동부,준정부기관(위탁집행형),경상남도 창원시 의창구 중앙대로 259(용호동) 안전보건공단,055-269-0510,-,055-269-0590,-,-,-
중앙/지방(기관리스트),한국산업안전보건공단,한국산업안전보건공단 경북동부지사,지점,고용노동부,준정부기관(위탁집행형),경상북도 포항시 남구 포스코대로 402(대도동) 안전보건공단,054-271-2013,-,054-271-2019,-,-,-
중앙/지방(기관리스트),한국산업안전보건공단,한국산업안전보건공단 경북지사,지점,고용노동부,준정부기관(위탁집행형),경상북도 구미시 3공단1로 312-23(임수동) 안전보건공단,054-478-8000,-,054-453-0108,-,-,-
중앙/지방(기관리스트),한국산업안전보건공단,한국산업안전보건공단 광주지역본부,지점,고용노동부,준정부기관(위탁집행형),"광주광역시 광산구 무진대로 282(우산동) 8,9,11층",062-949-8700,-,062-949-8728,-,-,-
중앙/지방(기관리스트),한국산업안전보건공단,한국산업안전보건공단 대구서부지사,지점,고용노동부,준정부기관(위탁집행형),대구광역시 달서구 달구벌대로 1834(두류동) 성안빌딩 5층,053-650-6810,-,053-650-6820,-,-,-
중앙/지방(기관리스트),한국산업안전보건공단,한국산업안전보건공단 대구지역본부,지점,고용노동부,준정부기관(위탁집행형),"대구광역시 중구 국채보상로 648(동인동2가) 19, 20층",053-609-0500,-,053-421-8622,-,-,-
중앙/지방(기관리스트),한국산업안전보건공단,한국산업안전보건공단 대전지역본부,지점,고용노동부,준정부기관(위탁집행형),대전광역시 유성구 엑스포로339번길 60(문지동) 안전보건공단,042-620-5600,-,042-636-5508,-,-,-
중앙/지방(기관리스트),한국산업안전보건공단,한국산업안전보건공단 부산지역본부,지점,고용노동부,준정부기관(위탁집행형),부산광역시 금정구 중앙대로1763번길 26(부곡동) 부산지역본부,051-520-0510,-,051-520-0519,-,-,-
중앙/지방(기관리스트),한국산업안전보건공단,한국산업안전보건공단 서울북부지사,지점,고용노동부,준정부기관(위탁집행형),서울특별시 중구 칠패로 42(봉래동1가) 우리빌딩 7층,02-3783-8300,-,02-3783-8359,-,-,-
중앙/지방(기관리스트),한국산업안전보건공단,한국산업안전보건공단 서울지역본부,지점,고용노동부,준정부기관(위탁집행형),서울특별시 영등포구 버드나루로2길 8(영등포동2가) 7~8층,02-6711-2800,-,02-6711-2820,-,-,-
중앙/지방(기관리스트),한국산업안전보건공단,한국산업안전보건공단 울산지사,지점,고용노동부,준정부기관(위탁집행형),울산광역시 남구 정동로 83(삼산동) 안전보건공단,052-226-0510,-,052-260-6997,-,-,-
중앙/지방(기관리스트),한국산업안전보건공단,한국산업안전보건공단 전남동부지사,지점,고용노동부,준정부기관(위탁집행형),전라남도 여수시 무선중앙로 35(선원동) 안전보건공단,061-689-4900,-,061-689-4990,-,-,-
중앙/지방(기관리스트),한국산업안전보건공단,한국산업안전보건공단 전남지사,지점,고용노동부,준정부기관(위탁집행형),전라남도 무안군 삼향읍 후광대로 242 전남개발공사빌딩 7층,061-288-8700,-,061-288-8777,-,-,-
중앙/지방(기관리스트),한국산업안전보건공단,한국산업안전보건공단 전북서부지사,지점,고용노동부,준정부기관(위탁집행형),전라북도 군산시 자유로 482(오식도동) 군산자유무역지역관리원 청사동 2층,063-460-3600,-,063-460-3650,-,-,-
중앙/지방(기관리스트),한국산업안전보건공단,한국산업안전보건공단 전북지사,지점,고용노동부,준정부기관(위탁집행형),전라북도 전주시 덕진구 건산로 251(인후동1가) 4층,063-240-8500,-,063-240-8519,-,-,-
중앙/지방(기관리스트),한국산업안전보건공단,한국산업안전보건공단 제주지사,지점,고용노동부,준정부기관(위탁집행형),제주특별자치도 제주시 연삼로 473(이도이동) 경제통상진흥원 4층,064-797-7500,-,064-797-7518,-,-,-
중앙/지방(기관리스트),한국산업안전보건공단,한국산업안전보건공단 중부지역본부,지점,고용노동부,준정부기관(위탁집행형),인천광역시 부평구 무네미로 478-1(구산동) 안전보건공단,032-510-0500,-,032-574-6176,-,-,-
중앙/지방(기관리스트),한국산업안전보건공단,한국산업안전보건공단 충남지사,지점,고용노동부,준정부기관(위탁집행형),충청남도 천안시 서북구 광장로 215(불당동) 충남경제종합지원센터 3층,041-570-3400,-,041-579-8906,-,-,-
중앙/지방(기관리스트),한국산업안전보건공단,한국산업안전보건공단 충북지사,지점,고용노동부,준정부기관(위탁집행형),충청북도 청주시 흥덕구 가경로161번길 20(가경동) 3층,043-230-7111,-,043-236-0371,-,-,-
중앙/지방(기관리스트),한국산업은행,한국산업은행,본점,금융위원회,기타공공기관,서울특별시 영등포구 은행로 14 (여의도동) 한국산업은행 본점,02-787-4000,1588-1500,031-790-2117,-,-,-
중앙/지방(기관리스트),한국산업은행,한국산업은행 가산지점,지점,금융위원회,기타공공기관,서울특별시 금천구 가산디지털1로 128 (가산동) 204호,02-2081-3500,-,02-857-7598,-,-,-
중앙/지방(기관리스트),한국산업은행,한국산업은행 강남지점,지점,금융위원회,기타공공기관,"서울특별시 강남구 영동대로 421(대치동) 1층, 10층",02-560-0300,-,02-546-8417,-,-,-
중앙/지방(기관리스트),한국산업은행,한국산업은행 경산지점,지점,금융위원회,기타공공기관,경상북도 경산시 대학로 73 (정평동) 2층,053-819-1900,-,053-819-1998,-,-,-
중앙/지방(기관리스트),한국산업은행,한국산업은행 광주지점,지점,금융위원회,기타공공기관,광주광역시 광산구 무진대로 261 (우산동) 1층,062-958-1000,-,062-953-7985,-,-,-
중앙/지방(기관리스트),한국산업은행,한국산업은행 구로디지털지점,지점,금융위원회,기타공공기관,서울특별시 구로구 디지털로 300 (구로동) 3층,02-3282-8900,-,02-851-0360,-,-,-
중앙/지방(기관리스트),한국산업은행,한국산업은행 구미지점,지점,금융위원회,기타공공기관,경상북도 구미시 송정대로 107 (송정동) 한국산업은행 구미지점,054-450-4700,-,054-453-5805,-,-,-
중앙/지방(기관리스트),한국산업은행,한국산업은행 군산지점,지점,금융위원회,기타공공기관,전라북도 군산시 월명로 206 (수송동) 2층,063-440-3600,-,063-442-5245,-,-,-
중앙/지방(기관리스트),한국산업은행,한국산업은행 금정지점,지점,금융위원회,기타공공기관,부산광역시 금정구 중앙대로 1817 (구서동) BN빌딩 1층,051-510-4700,-,051-510-4798,-,-,-
중앙/지방(기관리스트),한국산업은행,한국산업은행 김포지점,지점,금융위원회,기타공공기관,경기도 김포시 중봉로 15 (감정동) 한국산업은행 김포지점,031-980-8800,-,031-997-5112,-,-,-
중앙/지방(기관리스트),한국산업은행,한국산업은행 김해지점,지점,금융위원회,기타공공기관,경상남도 김해시 경원로73번길 15 (내동) 경보 더숨시티 2층,055-310-2200,-,055-310-2299,-,-,-
중앙/지방(기관리스트),한국산업은행,한국산업은행 노원지점,지점,금융위원회,기타공공기관,서울특별시 노원구 노해로 467 (상계동) 교보빌딩 1층,02-950-9500,-,02-934-7700,-,-,-
중앙/지방(기관리스트),한국산업은행,한국산업은행 당진지점,지점,금융위원회,기타공공기관,충청남도 당진시 당진중앙2로 211-15 (읍내동) 서해빌딩 1층,041-359-2600,-,041-356-3691,-,-,-
중앙/지방(기관리스트),한국산업은행,한국산업은행 대구지점,지점,금융위원회,기타공공기관,대구광역시 북구 호암로 51 (침산동) 대구삼성창조경제단지 파크몰 A동(1층),053-606-2500,-,053-255-1460,-,-,-
중앙/지방(기관리스트),한국산업은행,한국산업은행 대전지점,지점,금융위원회,기타공공기관,대전광역시 서구 둔산서로 137 (둔산동) 한국산업은행 대전지점,042-600-6200,-,042-489-7495,-,-,-
중앙/지방(기관리스트),한국산업은행,한국산업은행 도곡지점,지점,금융위원회,기타공공기관,"서울특별시 강남구 언주로30길 21 (도곡동, 아카데미스위트) 아카데미스위트 2층",02-3498-3800,-,02-579-0247,-,-,-
중앙/지방(기관리스트),한국산업은행,한국산업은행 동탄지점,지점,금융위원회,기타공공기관,경기도 화성시 동탄솔빛로 51 (반송동) 인창프라자 2층,031-350-1200,-,031-350-1298,-,-,-
중앙/지방(기관리스트),한국산업은행,한국산업은행 마곡지점,지점,금융위원회,기타공공기관,서울특별시 강서구 공항대로 200 (마곡동) 마곡지웰타워 2층,02-398-9600,-,02-398-9699,-,-,-
중앙/지방(기관리스트),한국산업은행,한국산업은행 마포지점,지점,금융위원회,기타공공기관,서울특별시 마포구 양화로 127 (서교동) 한국산업은행 마포지점,02-3140-0400,-,02-3140-0460,-,-,-
중앙/지방(기관리스트),한국산업은행,한국산업은행 목포지점,지점,금융위원회,기타공공기관,전라남도 목포시 백년대로 306 (상동) 한국산업은행 목포지점,061-280-5400,-,061-285-0353,-,-,-
중앙/지방(기관리스트),한국산업은행,한국산업은행 반포지점,지점,금융위원회,기타공공기관,서울특별시 서초구 반포대로 287 (반포동) 반포래미안퍼스티지 중심상가 5층,02-3488-8500,-,02-594-7990,-,-,-
중앙/지방(기관리스트),한국산업은행,한국산업은행 부산지점,지점,금융위원회,기타공공기관,부산광역시 중구 대청로 136 (중앙동2가) 한국산업은행 부산지점,051-240-1600,-,051-240-1700,-,-,-
중앙/지방(기관리스트),한국산업은행,한국산업은행 부천지점,지점,금융위원회,기타공공기관,경기도 부천시 송내대로 88 (상동) 한국산업은행 부천지점,032-620-1200,-,032-325-4761,-,-,-
중앙/지방(기관리스트),한국산업은행,한국산업은행 분당지점,지점,금융위원회,기타공공기관,경기도 성남시 분당구 서현로 200 (서현동) 한국산업은행 분당지점,031-789-1500,-,031-707-4153,-,-,-
중앙/지방(기관리스트),한국산업은행,한국산업은행 서부산지점,지점,금융위원회,기타공공기관,"부산광역시 강서구 명지국제2로 80 (명지동, e편한세상 명지) e편한세상명지 2층",051-974-4100,-,051-831-6198,-,-,-
중앙/지방(기관리스트),한국산업은행,한국산업은행 서소문지점,지점,금융위원회,기타공공기관,서울특별시 중구 서소문로 115 (서소문동) 한산빌딩 1층,02-398-9500,-,02-398-9599,-,-,-
중앙/지방(기관리스트),한국산업은행,한국산업은행 서초지점,지점,금융위원회,기타공공기관,서울특별시 서초구 서초대로78길 5 (서초동) 한국산업은행 서초지점,02-3488-7500,-,02-581-1036,-,-,-
중앙/지방(기관리스트),한국산업은행,한국산업은행 성동지점,지점,금융위원회,기타공공기관,서울특별시 성동구 성수이로20길 3 (성수동2가) 세종빌딩 2층,02-3408-9600,-,02-3408-9698,-,-,-
중앙/지방(기관리스트),한국산업은행,한국산업은행 성서지점,지점,금융위원회,기타공공기관,대구광역시 달서구 성서공단로 114 (월암동) 한국산업은행 성서지점,053-605-4600,-,053-584-6871,-,-,-
중앙/지방(기관리스트),한국산업은행,한국산업은행 송도지점,지점,금융위원회,기타공공기관,인천광역시 연수구 인천타워대로 99 (송도동) 애니오션빌딩 1층,032-540-8300,-,032-540-8398,-,-,-
중앙/지방(기관리스트),한국산업은행,한국산업은행 수원지점,지점,금융위원회,기타공공기관,경기도 수원시 팔달구 효원로 295 (인계동) 한국산업은행 수원지점,031-220-7300,-,031-226-7343,-,-,-
중앙/지방(기관리스트),한국산업은행,한국산업은행 시화지점,지점,금융위원회,기타공공기관,경기도 시흥시 정왕대로 188 (정왕동) 한국산업은행 시화지점,031-496-4400,-,031-498-2891,-,-,-
중앙/지방(기관리스트),한국산업은행,한국산업은행 아산지점,지점,금융위원회,기타공공기관,충청남도 아산시 번영로234번길 2 (모종동) 메디포스빌딩 2층,041-537-2300,-,041-537-2398,-,-,-
중앙/지방(기관리스트),한국산업은행,한국산업은행 안산지점,지점,금융위원회,기타공공기관,경기도 안산시 단원구 광덕대로 271 (고잔동) 한국산업은행 안산지점,031-412-0600,-,031-487-6942,-,-,-
중앙/지방(기관리스트),한국산업은행,한국산업은행 안양지점,지점,금융위원회,기타공공기관,경기도 안양시 동안구 부림로169번길 42 (관양동) 한국산업은행 안양지점,031-380-0900,-,031-388-0551,-,-,-
중앙/지방(기관리스트),한국산업은행,한국산업은행 압구정지점,지점,금융위원회,기타공공기관,서울특별시 강남구 논현로 878 (신사동) 중산빌딩 1층,02-3218-0900,-,02-511-0822,-,-,-
중앙/지방(기관리스트),한국산업은행,한국산업은행 양산지점,지점,금융위원회,기타공공기관,경상남도 양산시 양산역6길 9 (중부동) BYC빌딩 2층,055-380-8500,-,055-380-8598,-,-,-
중앙/지방(기관리스트),한국산업은행,한국산업은행 여수지점,지점,금융위원회,기타공공기관,전라남도 여수시 시청로 30 (학동) 한국산업은행 여수지점,061-690-8500,-,061-682-0165,-,-,-
중앙/지방(기관리스트),한국산업은행,한국산업은행 여의도지점,지점,금융위원회,기타공공기관,서울특별시 영등포구 의사당대로 97 (여의도동) 한국산업은행 여의도지점,02-2000-0600,-,02-3775-0149,-,-,-
중앙/지방(기관리스트),한국산업은행,한국산업은행 영업부,지점,금융위원회,기타공공기관,서울특별시 영등포구 은행로 14 (여의도동) 한국산업은행 영업부,02-787-5717,-,02-787-5791,-,-,-
중앙/지방(기관리스트),한국산업은행,한국산업은행 오창지점,지점,금융위원회,기타공공기관,충청북도 청주시 청원구 오창읍 중심상업로 47 2층,043-249-2400,-,043-249-2497,-,-,-
중앙/지방(기관리스트),한국산업은행,한국산업은행 용인지점,지점,금융위원회,기타공공기관,경기도 용인시 기흥구 동백중앙로 269 (중동) 2층,031-280-6100,-,031-280-6198,-,-,-
중앙/지방(기관리스트),한국산업은행,한국산업은행 울산지점,지점,금융위원회,기타공공기관,울산광역시 남구 봉월로 56 (신정동) 한국산업은행 울산지점,052-270-4900,-,052-271-0484,-,-,-
중앙/지방(기관리스트),한국산업은행,한국산업은행 원주지점,지점,금융위원회,기타공공기관,강원도 원주시 건강로 1 (반곡동) 리젠트파크 2층,033-760-3800,-,033-765-1898,-,-,-
중앙/지방(기관리스트),한국산업은행,한국산업은행 인천지점,지점,금융위원회,기타공공기관,인천광역시 남동구 미래로 42 (구월동) 코아루파크드림 2층,032-450-3400,-,032-437-6028,-,-,-
중앙/지방(기관리스트),한국산업은행,한국산업은행 일산지점,지점,금융위원회,기타공공기관,경기도 고양시 일산동구 중앙로 1228 (마두동) 2층,031-920-4000,-,031-920-4088,-,-,-
중앙/지방(기관리스트),한국산업은행,한국산업은행 잠실지점,지점,금융위원회,기타공공기관,서울특별시 송파구 올림픽로 289 (신천동) 1층,02-2240-8200,-,02-2240-8298,-,-,-
중앙/지방(기관리스트),한국산업은행,한국산업은행 잠원지점,지점,금융위원회,기타공공기관,서울특별시 서초구 강남대로 565 (잠원동) 미래빌딩 2층,02-2240-1500,-,02-2240-1598,-,-,-
중앙/지방(기관리스트),한국산업은행,한국산업은행 전주지점,지점,금융위원회,기타공공기관,전라북도 전주시 완산구 전라감영5길 18 (경원동1가) 한국산업은행 전주지점,063-230-6600,-,063-230-6626,-,-,-
중앙/지방(기관리스트),한국산업은행,한국산업은행 제주지점,지점,금융위원회,기타공공기관,제주특별자치도 제주시 신형로 51 (노형동) 한국산업은행 제주지점,064-720-1700,-,064-711-8076,-,-,-
중앙/지방(기관리스트),한국산업은행,한국산업은행 종로지점,지점,금융위원회,기타공공기관,서울특별시 종로구 율곡로 6 (중학동) 트윈트리타워 A동 1층,02-398-6700,-,02-735-0136,-,-,-
중앙/지방(기관리스트),한국산업은행,한국산업은행 진주지점,지점,금융위원회,기타공공기관,경상남도 진주시 에나로 142(충무공동) 솔레어빌딩,055-749-4300,-,055-747-3407,-,-,-
중앙/지방(기관리스트),한국산업은행,한국산업은행 창원지점,지점,금융위원회,기타공공기관,경상남도 창원시 성산구 상남로 25 (상남동) 한국산업은행 창원지점,055-268-2700,-,055-285-0187,-,-,-
중앙/지방(기관리스트),한국산업은행,한국산업은행 천안지점,지점,금융위원회,기타공공기관,충청남도 천안시 동남구 만남로 82 (신부동) 한국산업은행 천안지점,041-559-2600,-,041-562-8364,-,-,-
중앙/지방(기관리스트),한국산업은행,한국산업은행 청주지점,지점,금융위원회,기타공공기관,충청북도 청주시 상당구 성안로 16 (북문로1가) 한국산업은행 청주지점,043-229-2900,-,043-255-9001,-,-,-
중앙/지방(기관리스트),한국산업은행,한국산업은행 충주지점,지점,금융위원회,기타공공기관,충청북도 충주시 계명대로 195 (연수동) 한국산업은행 충주지점,043-850-7700,-,043-852-2194,-,-,-
중앙/지방(기관리스트),한국산업은행,한국산업은행 판교지점,지점,금융위원회,기타공공기관,경기도 성남시 분당구 판교역로 152 (백현동) 2층,031-779-8100,-,031-779-8198,-,-,-
중앙/지방(기관리스트),한국산업은행,한국산업은행 평택지점,지점,금융위원회,기타공공기관,경기도 평택시 평택5로20번길 39 (합정동) 합정동타임스퀘어빌딩 2층,031-659-0500,-,031-654-8198,-,-,-
중앙/지방(기관리스트),한국산업은행,한국산업은행 포항지점,지점,금융위원회,기타공공기관,경상북도 포항시 북구 중흥로 156 (죽도동) 한국산업은행 포항지점,054-288-4500,-,054-272-1655,-,-,-
중앙/지방(기관리스트),한국산업은행,한국산업은행 하남지점,지점,금융위원회,기타공공기관,경기도 하남시 미사강변한강로 177 (망월동) 사무동 1층,031-5175-2100,-,031-5175-2198,-,-,-
중앙/지방(기관리스트),한국산업은행,한국산업은행 한티지점,지점,금융위원회,기타공공기관,서울특별시 강남구 도곡로 408 (대치동) DMark빌딩 3층,02-3469-2300,-,02-3469-2398,-,-,-
중앙/지방(기관리스트),한국산업인력공단,한국산업인력공단,본점,고용노동부,준정부기관(위탁집행형),울산광역시 중구 종가로 345(교동) 한국산업인력공단,1644-8000,1644-8000,-,-,-,-
중앙/지방(기관리스트),한국산업인력공단,한국산업인력공단 강원동부지사,지점,고용노동부,준정부기관(위탁집행형),강원도 강릉시 사천면 방동길 60 한국산업인력공단 강원동부지사,033-650-5700,-,033-650-5729,-,-,-
중앙/지방(기관리스트),한국산업인력공단,한국산업인력공단 강원지사,지점,고용노동부,준정부기관(위탁집행형),강원도 춘천시 동내면 원창고개길 135 한국산업인력공단 강원지사,033-248-8500,-,033-248-8540,-,-,-
중앙/지방(기관리스트),한국산업인력공단,한국산업인력공단 경기동부지사,지점,고용노동부,준정부기관(위탁집행형),경기도 성남시 수정구 성남대로 1217(수진동) 한국산업인력공단 경기동부지사,031-750-6200,-,031-750-6210,-,-,-
중앙/지방(기관리스트),한국산업인력공단,한국산업인력공단 경기북부지사,지점,고용노동부,준정부기관(위탁집행형),경기도 의정부시 추동로 140(신곡동) 한국산업인력공단 경기북부지사,031-850-9136,-,031-853-9386,-,-,-
중앙/지방(기관리스트),한국산업인력공단,한국산업인력공단 경기지사,지점,고용노동부,준정부기관(위탁집행형),경기도 수원시 권선구 호매실로 46-68(탑동) 한국산업인력공단 경기지사,031-249-1201,-,031-249-1230,-,-,-
중앙/지방(기관리스트),한국산업인력공단,한국산업인력공단 경남지사,지점,고용노동부,준정부기관(위탁집행형),경상남도 창원시 성산구 두대로 239(중앙동) 한국산업인력공단 경남지사,055-212-7200,-,055-212-7249,-,-,-
중앙/지방(기관리스트),한국산업인력공단,한국산업인력공단 경북동부지사,지점,고용노동부,준정부기관(위탁집행형),경상북도 포항시 북구 법원로140번길 9(장성동) 한국산업인력공단 경북동부지사,054-230-3200,-,054-715-3576,-,-,-
중앙/지방(기관리스트),한국산업인력공단,한국산업인력공단 경북지사,지점,고용노동부,준정부기관(위탁집행형),경상북도 안동시 서후면 학가산온천길 42 한국산업인력공단 경북지사,054-840-3015,-,054-855-2001,-,-,-
중앙/지방(기관리스트),한국산업인력공단,한국산업인력공단 광주지역본부,지점,고용노동부,준정부기관(위탁집행형),광주광역시 북구 첨단벤처로 82(대촌동) 한국산업인력공단 광주지역본부,062-970-1700,-,062-972-2764,-,-,-
중앙/지방(기관리스트),한국산업인력공단,한국산업인력공단 구미일학습지원센터,지점,고용노동부,준정부기관(위탁집행형),경상북도 구미시 구미대로 350-27(신평동) 구미시종합비즈니스지원센터 101호 한국산업인력공단 구미일학습지원센터,054-462-6345,-,054-462-6346,-,-,-
중앙/지방(기관리스트),한국산업인력공단,한국산업인력공단 국가직무능력표준원,지점,고용노동부,준정부기관(위탁집행형),울산광역시 중구 종가로 345 (교동) 한국산업인력공단 국가직무능력표준원,052-714-8708,-,052-210-7027,-,-,-
중앙/지방(기관리스트),한국산업인력공단,한국산업인력공단 군산일학습지원센터,지점,고용노동부,준정부기관(위탁집행형),전라북도 군산시 조촌안3길 20(조촌동) 한국산업인력공단 군산일학습지원센터,063-452-0288,-,063-452-0290,-,-,-
중앙/지방(기관리스트),한국산업인력공단,한국산업인력공단 글로벌숙련기술진흥원,지점,고용노동부,준정부기관(위탁집행형),인천광역시 부평구 무네미로448번길 77(구산동) 한국산업인력공단 글로벌숙련기술진흥원,032-509-1833,-,032-509-1840,-,-,-
중앙/지방(기관리스트),한국산업인력공단,한국산업인력공단 대구지역본부,지점,고용노동부,준정부기관(위탁집행형),대구광역시 달서구 성서공단로 213(갈산동) 한국산업인력공단 대구지역본부,053-586-7600,-,053-586-7605,-,-,-
중앙/지방(기관리스트),한국산업인력공단,한국산업인력공단 대전지역본부,지점,고용노동부,준정부기관(위탁집행형),대전광역시 중구 서문로25번길 1(문화동) 한국산업인력공단 대전지역본부,042-580-9100,-,042-586-8826,-,-,-
중앙/지방(기관리스트),한국산업인력공단,한국산업인력공단 부산남부지사,지점,고용노동부,준정부기관(위탁집행형),부산광역시 남구 신선로 454-18(용당동) 한국산업인력공단 부산남부지사,051-620-1910,-,051-621-7386,-,-,-
중앙/지방(기관리스트),한국산업인력공단,한국산업인력공단 부산지역본부,지점,고용노동부,준정부기관(위탁집행형),부산광역시 북구 금곡대로441번길 26(금곡동) 한국산업인력공단 부산지역본부,051-330-1910,-,051-343-1453,-,-,-
중앙/지방(기관리스트),한국산업인력공단,한국산업인력공단 서울남부지사,지점,고용노동부,준정부기관(위탁집행형),서울특별시 영등포구 버드나루로 110(당산동) 한국산업인력공단 서울남부지사,02-6907-7100,-,02-885-6718,-,-,-
중앙/지방(기관리스트),한국산업인력공단,한국산업인력공단 서울동부지사,지점,고용노동부,준정부기관(위탁집행형),서울특별시 광진구 뚝섬로32길 38(자양동) 한국산업인력공단 서울동부지사,02-2024-1700,-,02-461-8303,-,-,-
중앙/지방(기관리스트),한국산업인력공단,한국산업인력공단 서울지역본부,지점,고용노동부,준정부기관(위탁집행형),서울특별시 동대문구 장안벚꽃로 279(휘경동) 한국산업인력공단 서울지역본부,02-2137-0412,-,02-2137-0416,-,-,-
중앙/지방(기관리스트),한국산업인력공단,한국산업인력공단 안성일학습지원센터,지점,고용노동부,준정부기관(위탁집행형),경기도 안성시 공도읍 송원길 41-12 한국산업인력공단 안성일학습지원센터,031-249-1201,-,031-249-1240,-,-,-
중앙/지방(기관리스트),한국산업인력공단,한국산업인력공단 울산지사,지점,고용노동부,준정부기관(위탁집행형),울산광역시 중구 종가로 347(교동) 한국산업인력공단 울산지사,052-220-3217,-,052-261-9034,-,-,-
중앙/지방(기관리스트),한국산업인력공단,한국산업인력공단 일학습과정개발센터,지점,고용노동부,준정부기관(위탁집행형),대전광역시 서구 둔산북로 56(둔산동) 한화생명 둔산사옥 10층 한국산업인력공단 일학습과정개발센터,042-710-6419,-,042-710-6427,-,-,-
중앙/지방(기관리스트),한국산업인력공단,한국산업인력공단 전남서부지사,지점,고용노동부,준정부기관(위탁집행형),전라남도 목포시 영산로 820(대양동) 한국산업인력공단 전남서부지사,061-288-3323,-,061-288-3310,-,-,-
중앙/지방(기관리스트),한국산업인력공단,한국산업인력공단 전남지사,지점,고용노동부,준정부기관(위탁집행형),전라남도 순천시 순광로 35-2(조례동) 한국산업인력공단 전남지사,061-720-8500,-,061-725-5097,-,-,-
중앙/지방(기관리스트),한국산업인력공단,한국산업인력공단 전북지사,지점,고용노동부,준정부기관(위탁집행형),전라북도 전주시 덕진구 유상로 69(팔복동2가) 한국산업인력공단 전북지사,063-210-9200,-,063-210-9251,-,-,-
중앙/지방(기관리스트),한국산업인력공단,한국산업인력공단 제주지사,지점,고용노동부,준정부기관(위탁집행형),제주특별자치도 제주시 복지로 19(도남동) 한국산업인력공단 제주지사,064-729-0701,-,064-729-0714,-,-,-
중앙/지방(기관리스트),한국산업인력공단,한국산업인력공단 중부지역본부,지점,고용노동부,준정부기관(위탁집행형),인천광역시 남동구 남동서로 209(고잔동) 한국산업인력공단 중부지역본부,032-820-8600,-,032-819-3985,-,-,-
중앙/지방(기관리스트),한국산업인력공단,한국산업인력공단 진주일학습지원센터,지점,고용노동부,준정부기관(위탁집행형),경상남도 진주시 동진로 126(상대동) 서울내과 5층 한국산업인력공단 진주일학습지원센터,055-212-7200,-,055-212-7149,-,-,-
중앙/지방(기관리스트),한국산업인력공단,한국산업인력공단 충남지사,지점,고용노동부,준정부기관(위탁집행형),충청남도 천안시 서북구 천일고1길 27(신당동) 한국산업인력공단 충남지사,041-620-7600,-,041-620-7630,-,-,-
중앙/지방(기관리스트),한국산업인력공단,한국산업인력공단 충북지사,지점,고용노동부,준정부기관(위탁집행형),충청북도 청주시 흥덕구 1순환로394번길 81(신봉동) 한국산업인력공단 충북지사,043-279-9000,-,043-278-3086,-,-,-
중앙/지방(기관리스트),한국산업인력공단,한국산업인력공단 해외취업센터(부산),지점,고용노동부,준정부기관(위탁집행형),부산광역시 부산진구 중앙대로 993(양정동) 롯데골드로즈 6층 한국산업인력공단 부산해외취업센터,051-715-7014,-,070-8223-7797,-,-,-
중앙/지방(기관리스트),한국산업인력공단,한국산업인력공단 해외취업센터(서울),지점,고용노동부,준정부기관(위탁집행형),서울특별시 강남구 테헤란로 410(대치동) 금강타워 4층 402호 한국산업일력공단 서울해외취업센터,02-6964-7084,-,052-210-7099,-,-,-
중앙/지방(기관리스트),한국상하수도협회,한국상하수도협회,본점,기후에너지환경부,기타공공기관,서울특별시 영등포구 대림로 244 (대림동) 한국상하수도협회,02-3156-7777,-,02-3156-7778,-,-,-
중앙/지방(기관리스트),한국생명존중희망재단,한국생명존중희망재단,본점,보건복지부,기타공공기관,"서울특별시 중구 을지로 6 (을지로1가) 9,10,11,12,15층",02-3706-0500,-,-,-,-,-
중앙/지방(기관리스트),한국서부발전(주),한국서부발전(주),본점,기후에너지환경부,공기업(시장형),충청남도 태안군 태안읍 중앙로 285 한국서부발전(주),041-400-1000,-,-,-,-,-
중앙/지방(기관리스트),한국서부발전(주),한국서부발전(주) 군산발전본부,지점,기후에너지환경부,공기업(시장형),전라북도 군산시 구암3.1로 91-5(경암동) 한국서부발전(주) 군산발전본부,070-5007-8212,-,070-5007-8080,-,-,-
중앙/지방(기관리스트),한국서부발전(주),한국서부발전(주) 김포건설본부,지점,기후에너지환경부,공기업(시장형),경기도 김포시 양촌읍 학운산단1로 76 김포건설본부,070-5007-1442,-,-,-,-,-
중앙/지방(기관리스트),한국서부발전(주),한국서부발전(주) 서인천발전본부,지점,기후에너지환경부,공기업(시장형),인천광역시 서구 장도로 57(청라동) 한국서부발전(주) 서인천발전본부,070-5007-7211,-,070-5007-7200,-,-,-
중앙/지방(기관리스트),한국서부발전(주),한국서부발전(주) 태안발전본부,지점,기후에너지환경부,공기업(시장형),충청남도 태안군 원북면 발전로 457 한국서부발전(주) 태안발전본부,041-672-5843,-,070-5007-4802,-,-,-
중앙/지방(기관리스트),한국서부발전(주),한국서부발전(주) 평택발전본부,지점,기후에너지환경부,공기업(시장형),경기도 평택시 포승읍 남양만로 175-2 한국서부발전(주) 평택발전본부,070-5007-5282,-,070-5007-5072,-,-,-
중앙/지방(기관리스트),한국석유공사,한국석유공사,본점,산업통상부,공기업(시장형),울산광역시 중구 종가로 305 (우정동) 한국석유공사,052-216-2114,-,052-216-5900,-,-,-
중앙/지방(기관리스트),한국석유공사,한국석유공사 가스전관리사무소,지점,산업통상부,공기업(시장형),울산광역시 울주군 온산읍 온산로 147 한국석유공사 가스전관리사무소,052-240-4700,-,-,-,-,-
중앙/지방(기관리스트),한국석유공사,한국석유공사 거제지사,지점,산업통상부,공기업(시장형),경상남도 거제시 일운면 서이말길 97 한국석유공사 거제지사,055-680-1700,-,-,-,-,-
중앙/지방(기관리스트),한국석유공사,한국석유공사 곡성지사,지점,산업통상부,공기업(시장형),전라남도 곡성군 겸면 곡순로 1538 한국석유공사 곡성지사,061-360-4200,-,-,-,-,-
중앙/지방(기관리스트),한국석유공사,한국석유공사 구리지사,지점,산업통상부,공기업(시장형),경기도 구리시 아차산로 67 (아천동) 한국석유공사 구리지사,02-2204-7700,-,-,-,-,-
중앙/지방(기관리스트),한국석유공사,한국석유공사 동해지사,지점,산업통상부,공기업(시장형),강원도 동해시 공단12로 77 (구호동) 한국석유공사 동해지사,033-520-7800,-,-,-,-,-
중앙/지방(기관리스트),한국석유공사,한국석유공사 서산지사,지점,산업통상부,공기업(시장형),충청남도 서산시 대산읍 평신2로 119 한국석유공사 서산지사,041-660-4114,-,-,-,-,-
중앙/지방(기관리스트),한국석유공사,한국석유공사 여수지사,지점,산업통상부,공기업(시장형),전라남도 여수시 낙포단지길 450 (낙포동) 한국석유공사 여수지사,061-688-8700,-,-,-,-,-
중앙/지방(기관리스트),한국석유공사,한국석유공사 용인지사,지점,산업통상부,공기업(시장형),경기도 용인시 처인구 해실로 159 (호동) 한국석유공사 용인지사,031-329-4900,-,-,-,-,-
중앙/지방(기관리스트),한국석유공사,한국석유공사 울산지사,지점,산업통상부,공기업(시장형),울산광역시 울주군 온산읍 온산로 147 한국석유공사 울산지사,052-270-4400,-,-,-,-,-
중앙/지방(기관리스트),한국석유공사,한국석유공사 평택지사,지점,산업통상부,공기업(시장형),경기도 평택시 포승읍 남양만로 175-108 한국석유공사 평택지사,031-680-1414,-,-,-,-,-
중앙/지방(기관리스트),한국석유관리원,한국석유관리원,본점,산업통상부,준정부기관(위탁집행형),경기도 성남시 분당구 안양판교로 1207 (백현동) 한국석유관리원,031-789-0200,1588-5166,031-789-0359,-,-,-
중앙/지방(기관리스트),한국석유관리원,한국석유관리원 강원본부,지점,산업통상부,준정부기관(위탁집행형),강원도 횡성군 우천면 추용로 71 한국석유관리원 강원본부,033-345-0200,-,033-345-5600,-,-,-
중앙/지방(기관리스트),한국석유관리원,한국석유관리원 대구경북본부,지점,산업통상부,준정부기관(위탁집행형),경상북도 구미시 인동36길 75-11 (구평동) 한국석유관리원 대구경북본부,054-475-0200,-,054-472-1349,-,-,-
중앙/지방(기관리스트),한국석유관리원,한국석유관리원 대전세종충남본부,지점,산업통상부,준정부기관(위탁집행형),세종특별자치시 조치원읍 세종로 2178 한국석유관리원 대전세종충남본부,044-864-0200,-,044-867-5774,-,-,-
중앙/지방(기관리스트),한국석유관리원,한국석유관리원 수도권남부본부,지점,산업통상부,준정부기관(위탁집행형),경기도 성남시 분당구 안양판교로 1207 (백현동) 한국석유관리원 수도권남부본부,031-789-0200,-,031-789-1639,-,-,-
중앙/지방(기관리스트),한국석유관리원,한국석유관리원 수도권북부본부,지점,산업통상부,준정부기관(위탁집행형),경기도 의정부시 금오로72번길 16 (금오동) 한국석유관리원 수도권북부본부,031-843-0200,-,031-841-0229,-,-,-
중앙/지방(기관리스트),한국석유관리원,한국석유관리원 영남본부,지점,산업통상부,준정부기관(위탁집행형),부산광역시 강서구 범방3로30번길 51 (범방동) 한국석유관리원 영남본부,051-242-0200,-,051-260-6405,-,-,-
중앙/지방(기관리스트),한국석유관리원,한국석유관리원 전북본부,지점,산업통상부,준정부기관(위탁집행형),전라북도 완주군 봉동읍 둔산3로 155 한국석유관리원 전북본부,063-277-0200,-,063-278-5584,-,-,-
중앙/지방(기관리스트),한국석유관리원,한국석유관리원 제주본부,지점,산업통상부,준정부기관(위탁집행형),제주특별자치도 제주시 애월읍 상귀서길 3 한국석유관리원 제주본부,064-752-0200,-,064-745-5167,-,-,-
중앙/지방(기관리스트),한국석유관리원,한국석유관리원 충북본부,지점,산업통상부,준정부기관(위탁집행형),충청북도 음성군 맹동면 두레로 51-6 한국석유관리원 충북본부,043-877-0200,-,043-882-6263,-,-,-
중앙/지방(기관리스트),한국석유관리원,한국석유관리원 호남본부,지점,산업통상부,준정부기관(위탁집행형),광주광역시 북구 첨단과기로208번길 42 (오룡동) 한국석유관리원 호남본부,062-236-0200,-,062-943-4315,-,-,-
중앙/지방(기관리스트),한국세라믹기술원,한국세라믹기술원,본점,산업통상부,기타공공기관,경상남도 진주시 소호로 101(충무공동) 한국세라믹기술원,055-792-2500,-,055-792-2530,kicet@kicet.re.kr,-,-
중앙/지방(기관리스트),한국세라믹기술원,한국세라믹기술원 수도권사무소,지점,산업통상부,기타공공기관,경기도 부천시 송내대로 388 (약대동) 부천TP 2단지 203동 504호,032-210-5114,-,032-210-5115,kicet@kicet.re.kr,-,-
중앙/지방(기관리스트),한국세라믹기술원,한국세라믹기술원 오송융합바이오소재센터,지점,산업통상부,기타공공기관,충청북도 청주시 흥덕구 오송읍 오송생명1로 202 오송융합바이오소재센터,043-913-1599,-,043-913-1598,kicet@kicet.re.kr,-,-
중앙/지방(기관리스트),한국세라믹기술원,한국세라믹기술원 이천분원,지점,산업통상부,기타공공기관,경기도 이천시 신둔면 경충대로 3321 이천분원,031-645-1400,-,031-645-1484,kicet@kicet.re.kr,-,-
중앙/지방(기관리스트),한국소방산업기술원,한국소방산업기술원,본점,소방청,기타공공기관,경기도 용인시 기흥구 지삼로 331 (지곡동) 한국소방산업기술원,031-287-2700,-,-,webmaster@kfi.or.kr,-,-
중앙/지방(기관리스트),한국소방산업기술원,한국소방산업기술원 경인사무소,지점,소방청,기타공공기관,경기도 부천시 길주로77번길 55-25 (상동) 601호,031-289-6510,-,-,-,-,-
중앙/지방(기관리스트),한국소방산업기술원,한국소방산업기술원 남부사무소,지점,소방청,기타공공기관,대구광역시 달서구 달구벌대로 1545 (죽전동) 10층(한국소방산업기술원 남부사무소),031-289-3240,-,-,-,-,-
중앙/지방(기관리스트),한국소방산업기술원,한국소방산업기술원 소방장비센터,지점,소방청,기타공공기관,충청북도 음성군 맹동면 연미로 426 소방장비센터,031-289-3268,-,043-883-1073,webmaster@kfi.or.kr,-,-
중앙/지방(기관리스트),한국소방산업기술원,한국소방산업기술원 여수사무소,지점,소방청,기타공공기관,"전라남도 여수시 무선중앙로 23 (화장동) 5층, 한국소방산업기술원 (여수사무소)",061-692-9117,-,061-685-9117,webmaster@kfi.or.kr,-,-
중앙/지방(기관리스트),한국소방산업기술원,한국소방산업기술원 울산사무소,지점,소방청,기타공공기관,울산광역시 남구 정동로42번길 25 (삼산동) 한국소방산업기술원 (울산사무소),052-223-1198,-,052-223-1170,webmaster@kfi.or.kr,-,-
중앙/지방(기관리스트),한국소비자원,한국소비자원,본점,공정거래위원회,준정부기관(위탁집행형),충청북도 음성군 맹동면 용두로 54 (충북혁신도시) 한국소비자원,043-880-5500,-,043-880-0801,-,-,-
중앙/지방(기관리스트),한국소비자원,한국소비자원 경기인천지원,지점,공정거래위원회,준정부기관(위탁집행형),경기도 수원시 영통구 에듀타운로 102 (이의동) B동 3층,031-370-4710,-,043-880-0842,-,-,-
중앙/지방(기관리스트),한국소비자원,한국소비자원 광주호남지원,지점,공정거래위원회,준정부기관(위탁집행형),광주광역시 서구 상무중앙로 110(치평동) 한국소비자원 광주지원,062-452-8120,-,-,-,-,-
중앙/지방(기관리스트),한국소비자원,한국소비자원 대구경북지원,지점,공정거래위원회,준정부기관(위탁집행형),대구광역시 동구 동대구로 489(신천동) 한국소비자원 대구지원,053-260-5300,-,-,-,-,-
중앙/지방(기관리스트),한국소비자원,한국소비자원 대전충청세종지원,지점,공정거래위원회,준정부기관(위탁집행형),대전광역시 서구 둔산서로 137(둔산동) 한국소비자원 대전지원,042-485-3751,-,-,-,-,-
중앙/지방(기관리스트),한국소비자원,한국소비자원 부산울산경남지원,지점,공정거래위원회,준정부기관(위탁집행형),부산광역시 부산진구 황령대로 24(범천동) 한국소비자원 부산지원,051-638-0730,-,-,-,-,-
중앙/지방(기관리스트),한국소비자원,한국소비자원 서울강원지원,지점,공정거래위원회,준정부기관(위탁집행형),서울특별시 송파구 송파대로 167 (문정동) A동 15층,02-3460-3010,-,043-880-0843,-,-,-
중앙/지방(기관리스트),한국소비자원,한국소비자원 제주지원,지점,공정거래위원회,준정부기관(위탁집행형),제주특별자치도 제주시 삼무로11길 3 (연동) 한국소비자원 제주여행소비자권익증진센터,064-747-1511,-,064-747-4477,-,-,-
중앙/지방(기관리스트),한국수력원자력(주),한국수력원자력(주),본점,기후에너지환경부,공기업(시장형),경상북도 경주시 양북면 불국로 1655 한국수력원자력,054-704-2114,-,-,-,-,-
중앙/지방(기관리스트),한국수력원자력(주),한국수력원자력(주) UAE사업센터,지점,기후에너지환경부,공기업(시장형),서울특별시 중구 세종대로 39 (남대문로4가) 8층,02-6182-5206,-,-,-,-,-
중앙/지방(기관리스트),한국수력원자력(주),한국수력원자력(주) 강릉수력,지점,기후에너지환경부,공기업(시장형),강원도 강릉시 성산면 백두대간로 2714-9 한국수력원자력,033-641-9822,-,-,-,-,-
중앙/지방(기관리스트),한국수력원자력(주),한국수력원자력(주) 고리원자력본부,지점,기후에너지환경부,공기업(시장형),부산광역시 기장군 장안읍 길천길 96-1 한국수력원자력,051-726-2114,-,-,-,-,-
중앙/지방(기관리스트),한국수력원자력(주),한국수력원자력(주) 괴산수력,지점,기후에너지환경부,공기업(시장형),충청북도 괴산군 칠성면 산막이옛길 43 한국수력원자력,043-832-7712,-,-,-,-,-
중앙/지방(기관리스트),한국수력원자력(주),한국수력원자력(주) 무주양수,지점,기후에너지환경부,공기업(시장형),전라북도 무주군 적상면 괴목로 893 한국수력원자력,070-4000-2110,-,-,-,-,-
중앙/지방(기관리스트),한국수력원자력(주),한국수력원자력(주) 방사선보건원,지점,기후에너지환경부,공기업(시장형),경기도 성남시 분당구 돌마로 172 (정자동) 한국수력원자력,031-719-8780,-,-,-,-,-
중앙/지방(기관리스트),한국수력원자력(주),한국수력원자력(주) 보성강수력,지점,기후에너지환경부,공기업(시장형),전라남도 보성군 득량면 충의로 1771-18 한국수력원자력,061-853-9212,-,-,-,-,-
중앙/지방(기관리스트),한국수력원자력(주),한국수력원자력(주) 산청양수,지점,기후에너지환경부,공기업(시장형),경상남도 산청군 시천면 지리산대로1088번길 20-18 한국수력원자력,070-4831-2110,-,-,-,-,-
중앙/지방(기관리스트),한국수력원자력(주),한국수력원자력(주) 삼랑진양수,지점,기후에너지환경부,공기업(시장형),경상남도 밀양시 삼랑진읍 행곡로 26-27 한국수력원자력,070-4816-2110,-,-,-,-,-
중앙/지방(기관리스트),한국수력원자력(주),한국수력원자력(주) 새울원자력본부,지점,기후에너지환경부,공기업(시장형),울산광역시 울주군 서생면 해맞이로 658-63 한국수력원자력,052-715-2114,-,-,-,-,-
중앙/지방(기관리스트),한국수력원자력(주),한국수력원자력(주) 양양양수,지점,기후에너지환경부,공기업(시장형),강원도 양양군 서면 산얏골길 23-51 한국수력원자력,070-4034-2114,-,-,-,-,-
중앙/지방(기관리스트),한국수력원자력(주),한국수력원자력(주) 예천양수,지점,기후에너지환경부,공기업(시장형),경상북도 예천군 은풍면 도효자로 1210 한국수력원자력,070-4832-2110,-,-,-,-,-
중앙/지방(기관리스트),한국수력원자력(주),한국수력원자력(주) 월성원자력본부,지점,기후에너지환경부,공기업(시장형),경상북도 경주시 양남면 동해안로 696-13 한국수력원자력,054-779-2114,-,-,-,-,-
중앙/지방(기관리스트),한국수력원자력(주),한국수력원자력(주) 의암수력,지점,기후에너지환경부,공기업(시장형),강원도 춘천시 신동면 옛경춘로 62-15 한국수력원자력,033-261-0500,-,-,-,-,-
중앙/지방(기관리스트),한국수력원자력(주),한국수력원자력(주) 인재개발원,지점,기후에너지환경부,공기업(시장형),울산광역시 울주군 서생면 해맞이로 658-91 한국수력원자력,031-546-3541,-,-,-,-,-
중앙/지방(기관리스트),한국수력원자력(주),한국수력원자력(주) 인재개발원 제2캠퍼스,지점,기후에너지환경부,공기업(시장형),경기도 용인시 기흥구 마북로240번길 17 (마북동) 한국수력원자력,051-745-6800,-,-,-,-,-
중앙/지방(기관리스트),한국수력원자력(주),한국수력원자력(주) 중앙연구원,지점,기후에너지환경부,공기업(시장형),대전광역시 유성구 유성대로1312번길 70 (장동) 한국수력원자력,042-870-5114,-,-,-,-,-
중앙/지방(기관리스트),한국수력원자력(주),한국수력원자력(주) 청송양수,지점,기후에너지환경부,공기업(시장형),경상북도 청송군 파천면 양수상부길 186 한국수력원자력,070-4817-2110,-,-,-,-,-
중앙/지방(기관리스트),한국수력원자력(주),한국수력원자력(주) 청평수력,지점,기후에너지환경부,공기업(시장형),경기도 가평군 설악면 유명로 2630 한국수력원자력,031-584-2381,-,-,-,-,-
중앙/지방(기관리스트),한국수력원자력(주),한국수력원자력(주) 청평양수,지점,기후에너지환경부,공기업(시장형),경기도 가평군 가평읍 상지로 1012-22 한국수력원자력,070-4811-2110,-,-,-,-,-
중앙/지방(기관리스트),한국수력원자력(주),한국수력원자력(주) 칠보수력,지점,기후에너지환경부,공기업(시장형),전라북도 정읍시 칠보면 산외로 48 한국수력원자력,063-534-3008,-,-,-,-,-
중앙/지방(기관리스트),한국수력원자력(주),한국수력원자력(주) 팔당수력,지점,기후에너지환경부,공기업(시장형),경기도 남양주시 조안면 다산로 320 한국수력원자력,031-576-8226,-,-,-,-,-
중앙/지방(기관리스트),한국수력원자력(주),한국수력원자력(주) 한강수력본부,지점,기후에너지환경부,공기업(시장형),강원도 춘천시 신북읍 영서로 3741 한국수력원자력,033-245-2210,-,-,-,-,-
중앙/지방(기관리스트),한국수력원자력(주),한국수력원자력(주) 한빛원자력본부,지점,기후에너지환경부,공기업(시장형),전라남도 영광군 홍농읍 홍농로 846 한국수력원자력,061-357-2114,-,-,-,-,-
중앙/지방(기관리스트),한국수력원자력(주),한국수력원자력(주) 한울원자력본부,지점,기후에너지환경부,공기업(시장형),경상북도 울진군 북면 울진북로 2040 한국수력원자력,054-785-2114,-,-,-,-,-
중앙/지방(기관리스트),한국수력원자력(주),한국수력원자력(주) 화천수력,지점,기후에너지환경부,공기업(시장형),강원도 화천군 간동면 어룡동길 42 한국수력원자력,033-442-7427,-,-,-,-,-
중앙/지방(기관리스트),한국수목원정원관리원,국립백두대간수목원,지점,산림청,준정부기관(위탁집행형),경상북도 봉화군 춘양면 문수로 2160-53 산림환경연구동,054-679-1000,-,-,-,-,-
중앙/지방(기관리스트),한국수목원정원관리원,국립세종수목원,지점,산림청,준정부기관(위탁집행형),세종특별자치시 연기면 수목원로 136 국립세종수목원,044-251-0001,-,-,-,-,-
중앙/지방(기관리스트),한국수목원정원관리원,국립한국자생식물원,지점,산림청,준정부기관(위탁집행형),강원특별자치도 평창군 대관령면 비안길 150-3 국립한국자생식물원,033-332-7069,-,-,jkkim94@koagi.or.kr,-,-
중앙/지방(기관리스트),한국수목원정원관리원,한국수목원정원관리원,본점,산림청,준정부기관(위탁집행형),세종특별자치시 수목원로 136 (세종동) 한국수목원정원관리원,044-270-5005,-,044-270-5008,-,-,-
중앙/지방(기관리스트),한국수산자원공단,한국수산자원공단,본점,해양수산부,기타공공기관,부산광역시 기장군 일광읍 이동길 4 한국수산자원공단,051-742-3391,-,051-742-3219,-,-,-
중앙/지방(기관리스트),한국수산자원공단,한국수산자원공단 경인사업센터,지점,해양수산부,기타공공기관,경기도 부천시 송내대로 13 (송내동) 한국수산자원공단 서해본부 경인사업센터,032-713-7706,-,032-713-7777,-,-,-
중앙/지방(기관리스트),한국수산자원공단,한국수산자원공단 남해본부,지점,해양수산부,기타공공기관,전라남도 여수시 남산로 60-22 (남산동) 한국수산자원공단 남해본부,061-640-1902,-,061-643-6009,-,-,-
중앙/지방(기관리스트),한국수산자원공단,한국수산자원공단 남해생명자원센터,지점,해양수산부,기타공공기관,전라남도 완도군 완도읍 정도1길 96 한국수산자원공단 남해본부 남해생명자원센터,061-550-1813,-,061-552-0019,-,-,-
중앙/지방(기관리스트),한국수산자원공단,한국수산자원공단 내수면생명자원센터,지점,해양수산부,기타공공기관,강원도 양양군 손양면 동명로 119 한국수산자원공단 동해본부 내수면생명자원센터,033-670-1621,-,033-671-0330,-,-,-
중앙/지방(기관리스트),한국수산자원공단,한국수산자원공단 동해본부,지점,해양수산부,기타공공기관,경상북도 포항시 북구 용흥로28번길 9 (용흥동) 한국수산자원공단 동해본부,054-288-2713,-,054-254-7330,-,-,-
중앙/지방(기관리스트),한국수산자원공단,한국수산자원공단 동해생명자원센터,지점,해양수산부,기타공공기관,경상북도 울진군 매화면 망양정로 242 한국수산자원공단 동해본부 동해생명자원센터,054-713-2802,-,054-713-2802,-,-,-
중앙/지방(기관리스트),한국수산자원공단,한국수산자원공단 서해본부,지점,해양수산부,기타공공기관,전라북도 군산시 해망로 256 (장미동) 한국수산자원공단 서해본부,063-440-2611,-,063-443-3933,-,-,-
중앙/지방(기관리스트),한국수산자원공단,한국수산자원공단 서해생명자원센터,지점,해양수산부,기타공공기관,전라북도 부안군 변산면 죽막길 28 한국수산자원공단 서해본부 서해생명자원센터,063-580-5805,-,063-584-0451,-,-,-
중앙/지방(기관리스트),한국수산자원공단,한국수산자원공단 제주본부,지점,해양수산부,기타공공기관,제주특별자치도 제주시 한림읍 옹포7길 23 한국수산자원공단 제주본부,064-800-9711,-,064-796-6392,-,-,-
중앙/지방(기관리스트),한국수자원공사,한국수자원공사,본점,기후에너지환경부,공기업(준시장형),대전광역시 대덕구 신탄진로 200 (연축동) 한국수자원공사,042-629-3114,1577-0600,-,-,-,-
중앙/지방(기관리스트),한국수자원공사,한국수자원공사 (고령수도센터),지점,기후에너지환경부,공기업(준시장형),경상북도 고령군 대가야읍 일량로 30 K-water 고령수도센터,054-950-7261,-,054-950-7249,-,-,-
중앙/지방(기관리스트),한국수자원공사,한국수자원공사 (고성수도센터),지점,기후에너지환경부,공기업(준시장형),경상남도 고성군 고성읍 기월2길 59 고성수도센터,055-670-7114,-,055-670-7117,-,-,-
중앙/지방(기관리스트),한국수자원공사,한국수자원공사 (논산수도센터),지점,기후에너지환경부,공기업(준시장형),충청남도 논산시 체육로 63 (취암동) 논산수도센터,041-731-8240,-,041-731-8219,-,-,-
중앙/지방(기관리스트),한국수자원공사,한국수자원공사 (단양수도센터),지점,기후에너지환경부,공기업(준시장형),충청북도 단양군 단양읍 수변로 137 단양수도센터,043-420-2311,-,043-420-2399,-,-,-
중앙/지방(기관리스트),한국수자원공사,한국수자원공사 (당진산업용수센터),지점,기후에너지환경부,공기업(준시장형),충청남도 당진시 송악읍 북부산업로 1480 현대제철C지구 용수급배수동,041-539-4310,-,041-539-4299,-,-,-
중앙/지방(기관리스트),한국수자원공사,한국수자원공사 (대산산업용수센터),지점,기후에너지환경부,공기업(준시장형),충청남도 서산시 대산읍 평신1로 386 대산산업용수센터,041-689-0120,-,041-689-0199,-,-,-
중앙/지방(기관리스트),한국수자원공사,한국수자원공사 (시흥물환경센터),지점,기후에너지환경부,공기업(준시장형),경기도 시흥시 공단2대로 14 (정왕동) 시흥물환경센터,031-433-7251,-,031-497-6086,-,-,-
중앙/지방(기관리스트),한국수자원공사,한국수자원공사 (아산신도시물환경센터),지점,기후에너지환경부,공기업(준시장형),충청남도 아산시 탕정면 이순신대로 470-54 아산신도시물환경센터,041-539-4361,-,042-629-4868,-,-,-
중앙/지방(기관리스트),한국수자원공사,한국수자원공사 (정읍수도센터),지점,기후에너지환경부,공기업(준시장형),전라북도 정읍시 충정로 88 (상동) 2층 정읍수도센터,063-530-0246,-,063-537-0249,-,-,-
중앙/지방(기관리스트),한국수자원공사,한국수자원공사 (청송상하수도센터),지점,기후에너지환경부,공기업(준시장형),경상북도 청송군 청송읍 금월로 201 청송상하수도센터,054-872-1240,-,054-872-0612,-,-,-
중앙/지방(기관리스트),한국수자원공사,한국수자원공사 (통영수도센터),지점,기후에너지환경부,공기업(준시장형),경상남도 통영시 광도면 죽림2로 49-10 미래메디컬센터 9층,055-650-8211,-,055-650-8259,-,-,-
중앙/지방(기관리스트),한국수자원공사,한국수자원공사 (함평수도센터),지점,기후에너지환경부,공기업(준시장형),전라남도 함평군 함평읍 기산길 176 함평수도센터,061-320-0310,-,061-320-0370,-,-,-
중앙/지방(기관리스트),한국수자원공사,한국수자원공사 K-water연구원,지점,기후에너지환경부,공기업(준시장형),대전광역시 유성구 유성대로1689번길 125 (전민동) K-water 융합연구원,042-870-7313,-,042-870-7309,-,-,-
중앙/지방(기관리스트),한국수자원공사,한국수자원공사 MTV사업단,지점,기후에너지환경부,공기업(준시장형),경기도 안산시 단원구 광덕대로 197(고잔동) 3층 MTV사업단,031-412-1814,-,031-412-1899,-,-,-
중앙/지방(기관리스트),한국수자원공사,한국수자원공사 SK하이닉스산업용수관리단,지점,기후에너지환경부,공기업(준시장형),경기도 이천시 부발읍 경충대로 2091 SK하이닉스산업용수관리단,02-2150-0471,-,02-2150-0489,-,-,-
중앙/지방(기관리스트),한국수자원공사,한국수자원공사 강원지역협력본부,지점,기후에너지환경부,공기업(준시장형),강원도 춘천시 퇴계로93번길 3(퇴계동) 아이씨티빌딩 6층 K-water 강원지역협력본부,033-260-3711,-,033-260-3747,-,-,-
중앙/지방(기관리스트),한국수자원공사,한국수자원공사 거제권지사,지점,기후에너지환경부,공기업(준시장형),경상남도 거제시 장평로 16-5 (장평동) 거제권지사,055-639-2100,-,055-639-2189,-,-,-
중앙/지방(기관리스트),한국수자원공사,한국수자원공사 경기동남권지사,지점,기후에너지환경부,공기업(준시장형),경기도 성남시 수정구 사송로 97 (사송동) 경기동남권지사,031-723-6078,-,031-720-7792,-,-,-
중앙/지방(기관리스트),한국수자원공사,한국수자원공사 경기동남권지사 (수지운영부),지점,기후에너지환경부,공기업(준시장형),경기도 용인시 수지구 만현로 143 (상현동) 한국수자원공사 수지운영부,031-260-8260,-,031-260-8230,-,-,-
중앙/지방(기관리스트),한국수자원공사,한국수자원공사 경기동북권지사,지점,기후에너지환경부,공기업(준시장형),경기도 남양주시 와부읍 안골로 78 경기동북권지사,031-589-1902,-,031-589-1999,-,-,-
중앙/지방(기관리스트),한국수자원공사,한국수자원공사 경기서남권지사,지점,기후에너지환경부,공기업(준시장형),경기도 과천시 교육원로 11 (갈현동) B동 4층,02-2150-0511,-,02-2150-0590,-,-,-
중앙/지방(기관리스트),한국수자원공사,한국수자원공사 경기서남권지사 (수도운영부_반월정수장),지점,기후에너지환경부,공기업(준시장형),경기도 안산시 상록구 정재초교길 61 (부곡동) 한국수자원공사 반월정수장,031-8084-0271,-,031-8084-0299,-,-,-
중앙/지방(기관리스트),한국수자원공사,한국수자원공사 경기서남권지사 (수도운영부_시흥정수장),지점,기후에너지환경부,공기업(준시장형),경기도 안산시 단원구 소바위길 48 (선부동) 한구수자원공사 시흥정수장,031-8084-0210,-,031-8084-0299,-,-,-
중앙/지방(기관리스트),한국수자원공사,한국수자원공사 경기서북권지사,지점,기후에너지환경부,공기업(준시장형),경기도 고양시 일산동구 대주로 326 (산황동) 경기서북권지사,031-930-1240,-,031-930-1291,-,-,-
중앙/지방(기관리스트),한국수자원공사,한국수자원공사 경남서부권지사,지점,기후에너지환경부,공기업(준시장형),경상남도 사천시 축동면 수자원길 30 경남서부권지사,055-851-5201,-,055-851-5219,-,-,-
중앙/지방(기관리스트),한국수자원공사,한국수자원공사 경북지역협력단,지점,기후에너지환경부,공기업(준시장형),대구광역시 중구 동덕로 167(동인동2가) 6층 K-water 경북지역협력단,053-668-1477,-,053-668-1459,-,-,-
중앙/지방(기관리스트),한국수자원공사,한국수자원공사 고령권지사,지점,기후에너지환경부,공기업(준시장형),경상북도 고령군 다산면 다산로 1343 고령권지사,054-950-7214,-,054-950-7249,-,-,-
중앙/지방(기관리스트),한국수자원공사,한국수자원공사 광주수도지사,지점,기후에너지환경부,공기업(준시장형),경기도 광주시 회안대로 1061-59(송정동) K-water 광주수도지사,031-760-9710,-,031-760-9799,-,-,-
중앙/지방(기관리스트),한국수자원공사,한국수자원공사 구미권지사,지점,기후에너지환경부,공기업(준시장형),경상북도 구미시 고아읍 송평구길 138-5 구미권지사,054-450-4211,-,054-450-4219,-,-,-
중앙/지방(기관리스트),한국수자원공사,한국수자원공사 구미사업단,지점,기후에너지환경부,공기업(준시장형),경상북도 구미시 첨단기업1로 5 (옥계동) 구미사업단,054-479-4240,-,054-479-4249,-,-,-
중앙/지방(기관리스트),한국수자원공사,한국수자원공사 군위댐지사,지점,기후에너지환경부,공기업(준시장형),경상북도 군위군 고로면 삼국유사로 418 군위지사,054-380-3502,-,054-380-3520,-,-,-
중앙/지방(기관리스트),한국수자원공사,한국수자원공사 금강권수도사업단,지점,기후에너지환경부,공기업(준시장형),충청남도 아산시 배방읍 배방로 22 삼영빌딩 4층,041-620-4713,-,041-620-4745,-,-,-
중앙/지방(기관리스트),한국수자원공사,한국수자원공사 금강보관리단,지점,기후에너지환경부,공기업(준시장형),충청남도 부여군 부여읍 북포로 451 금강보관리단,041-830-0601,-,041-830-0629,-,-,-
중앙/지방(기관리스트),한국수자원공사,한국수자원공사 금강유역본부,지점,기후에너지환경부,공기업(준시장형),전라북도 전주시 덕진구 기린대로 1025(여의동) 금강유역본부,063-281-1190,-,063-281-1119,-,-,-
중앙/지방(기관리스트),한국수자원공사,한국수자원공사 금산권지사,지점,기후에너지환경부,공기업(준시장형),충청남도 금산군 금산읍 북사직로 34 금산권지사,041-750-7215,-,041-750-7290,-,-,-
중앙/지방(기관리스트),한국수자원공사,한국수자원공사 김천부항댐지사,지점,기후에너지환경부,공기업(준시장형),경상북도 김천시 지례면 부항로 195 김천부항지사,054-420-2600,-,054-420-2650,-,-,-
중앙/지방(기관리스트),한국수자원공사,한국수자원공사 나주수도지사,지점,기후에너지환경부,공기업(준시장형),전라남도 나주시 상야4길 22(빛가람동) 401~403호 K-water 나주수도지사,061-339-3406,-,061-334-0059,-,-,-
중앙/지방(기관리스트),한국수자원공사,한국수자원공사 낙동강보관리단,지점,기후에너지환경부,공기업(준시장형),대구광역시 달성군 다사읍 강정본길 57 낙동강보관리단,053-667-7211,-,053-667-7245,-,-,-
중앙/지방(기관리스트),한국수자원공사,한국수자원공사 낙동강유역본부,지점,기후에너지환경부,공기업(준시장형),대구광역시 중구 동덕로 167 (동인동2가) KT 대구타워 4층,053-668-1240,-,053-668-1259,-,-,-
중앙/지방(기관리스트),한국수자원공사,한국수자원공사 남강댐지사,지점,기후에너지환경부,공기업(준시장형),경상남도 진주시 내동면 삼계로 413 남강지사,055-760-1240,-,055-760-1255,-,-,-
중앙/지방(기관리스트),한국수자원공사,한국수자원공사 대청지사,지점,기후에너지환경부,공기업(준시장형),대전광역시 대덕구 대청로 610 (미호동) 대청지사,042-930-7280,-,042-629-4875,-,-,-
중앙/지방(기관리스트),한국수자원공사,한국수자원공사 동두천수도지사,지점,기후에너지환경부,공기업(준시장형),경기도 동두천시 평화로3208번길 1(하봉암동) K-water 동두천수도지사,031-860-9310,-,031-865-9464,-,-,-
중앙/지방(기관리스트),한국수자원공사,한국수자원공사 동화권지사,지점,기후에너지환경부,공기업(준시장형),전라북도 장수군 번암면 봉화산로 40-20 동화권지사,063-350-0240,-,063-350-0231,-,-,-
중앙/지방(기관리스트),한국수자원공사,한국수자원공사 밀양권지사,지점,기후에너지환경부,공기업(준시장형),경상남도 밀양시 산외면 다원길 93 밀양권지사,055-359-3202,-,055-359-3245,-,-,-
중앙/지방(기관리스트),한국수자원공사,한국수자원공사 보령권지사,지점,기후에너지환경부,공기업(준시장형),충청남도 보령시 웅천읍 수자원공사길 98 보령권지사,041-939-1240,-,041-939-1231,-,-,-
중앙/지방(기관리스트),한국수자원공사,한국수자원공사 보현산댐지사,지점,기후에너지환경부,공기업(준시장형),경상북도 영천시 화북면 천문로 2581 K-water 보현산댐지사,054-339-2230,-,054-339-2298,-,-,-
중앙/지방(기관리스트),한국수자원공사,한국수자원공사 봉화권지사,지점,기후에너지환경부,공기업(준시장형),경상북도 봉화군 춘양면 석문동길 205 K-water 봉화권지사,054-679-3267,-,042-629-4927,-,-,-
중앙/지방(기관리스트),한국수자원공사,한국수자원공사 봉화수도관리단,지점,기후에너지환경부,공기업(준시장형),경상북도 봉화군 봉화읍 교촌길 9 봉화수도관리단,054-679-3211,-,042-629-4924,-,-,-
중앙/지방(기관리스트),한국수자원공사,한국수자원공사 부산권지사,지점,기후에너지환경부,공기업(준시장형),부산광역시 사하구 낙동남로1233번길 92 (하단동) 본관2층,051-200-2511,-,051-200-2520,-,-,-
중앙/지방(기관리스트),한국수자원공사,한국수자원공사 부산에코델타시티사업단,지점,기후에너지환경부,공기업(준시장형),부산광역시 강서구 낙동남로 877 (명지동) 부산에코델타시티사업단,051-220-0714,-,051-220-0798,-,-,-
중앙/지방(기관리스트),한국수자원공사,한국수자원공사 부산울산경남지역협력본부,지점,기후에너지환경부,공기업(준시장형),경상남도 창원시 성산구 충혼로224번길 18(반림동) K-water 부산울산경남지역협력본부,055-268-7111,-,042-629-4930,-,-,-
중앙/지방(기관리스트),한국수자원공사,한국수자원공사 부안권지사,지점,기후에너지환경부,공기업(준시장형),전라북도 부안군 변산면 부안댐로 280-26 부안권지사,063-580-3210,-,063-580-3261,-,-,-
중앙/지방(기관리스트),한국수자원공사,한국수자원공사 서산권지사,지점,기후에너지환경부,공기업(준시장형),충청남도 서산시 덕지천로 119 (석림동) 서산권지사,041-661-0351,-,041-661-0341,-,-,-
중앙/지방(기관리스트),한국수자원공사,한국수자원공사 섬진강댐지사,지점,기후에너지환경부,공기업(준시장형),전라북도 임실군 강진면 옥정호로 608-13 섬진강지사,063-640-6211,-,042-629-4886,-,-,-
중앙/지방(기관리스트),한국수자원공사,한국수자원공사 소양강댐지사,지점,기후에너지환경부,공기업(준시장형),강원도 춘천시 신북읍 신샘밭로 868 K-water 소양강댐지사,033-259-7203,-,033-259-7287,-,-,-
중앙/지방(기관리스트),한국수자원공사,한국수자원공사 송산사업단,지점,기후에너지환경부,공기업(준시장형),경기도 화성시 남양읍 남양로 1738 송산사업단,031-369-8310,-,031-369-8309,-,-,-
중앙/지방(기관리스트),한국수자원공사,한국수자원공사 수도권수도사업단,지점,기후에너지환경부,공기업(준시장형),경기도 용인시 수지구 만현로 143 (상현동) 수도권수도사업단,031-270-9390,-,031-270-9393,-,-,-
중앙/지방(기관리스트),한국수자원공사,한국수자원공사 시화사업본부,지점,기후에너지환경부,공기업(준시장형),경기도 안산시 단원구 광덕대로 197 (고잔동) 2층,031-412-2811,-,031-412-2899,-,-,-
중앙/지방(기관리스트),한국수자원공사,한국수자원공사 시화조력관리단,지점,기후에너지환경부,공기업(준시장형),경기도 안산시 단원구 대부황금로 1927 (대부동동) 시화조력관리단,032-890-6595,-,032-890-6599,-,-,-
중앙/지방(기관리스트),한국수자원공사,한국수자원공사 아라뱃길지사,지점,기후에너지환경부,공기업(준시장형),인천광역시 서구 정서진1로 41 (오류동) 경인항 통합운영센터,032-590-2213,-,042-629-4840,-,-,-
중앙/지방(기관리스트),한국수자원공사,한국수자원공사 아산권지사,지점,기후에너지환경부,공기업(준시장형),충청남도 아산시 영인면 영인산로 590 아산권지사,041-539-4210,-,041-539-4299,-,-,-
중앙/지방(기관리스트),한국수자원공사,한국수자원공사 안동권지사,지점,기후에너지환경부,공기업(준시장형),경상북도 안동시 호반로 31 (상아동) 안동권지사,054-850-4203,-,054-850-4231,-,-,-
중앙/지방(기관리스트),한국수자원공사,한국수자원공사 안동권지사 (임하운영부),지점,기후에너지환경부,공기업(준시장형),경상북도 안동시 임하면 호계길 264 임하운영부,054-820-2212,-,054-820-2280,-,-,-
중앙/지방(기관리스트),한국수자원공사,한국수자원공사 양주수도지사,지점,기후에너지환경부,공기업(준시장형),경기도 양주시 화합로1402번길 9-24(덕정동) K-water 양주수도지사,031-870-0901,-,031-870-0995,-,-,-
중앙/지방(기관리스트),한국수자원공사,한국수자원공사 여수권지사,지점,기후에너지환경부,공기업(준시장형),전라남도 여수시 시청동3길 29 (학동) 여수권지사,061-688-5240,-,061-688-5231,-,-,-
중앙/지방(기관리스트),한국수자원공사,한국수자원공사 연천포천권지사,지점,기후에너지환경부,공기업(준시장형),경기도 연천군 연천읍 현문로508번길 211 연천포천권지사,031-830-4245,-,031-830-4280,-,-,-
중앙/지방(기관리스트),한국수자원공사,한국수자원공사 영ㆍ섬유역본부,지점,기후에너지환경부,공기업(준시장형),광주광역시 서구 상무중앙로78번길 4 (치평동) K-water빌딩,062-370-1240,-,062-370-1231,-,-,-
중앙/지방(기관리스트),한국수자원공사,한국수자원공사 영산강보관리단,지점,기후에너지환경부,공기업(준시장형),광주광역시 남구 승촌보길 90 (승촌동) 영산강보관리단,062-600-2106,-,062-600-2175,youme@kwater.or.kr,-,-
중앙/지방(기관리스트),한국수자원공사,한국수자원공사 영주댐지사,지점,기후에너지환경부,공기업(준시장형),경상북도 영주시 평은면 강동로 53 K-water 영주댐지사,054-630-9210,-,054-630-9253,-,-,-
중앙/지방(기관리스트),한국수자원공사,한국수자원공사 예천수도지사,지점,기후에너지환경부,공기업(준시장형),경상북도 예천군 예천읍 충효로 424 -,054-650-1240,-,042-650-1228,-,-,-
중앙/지방(기관리스트),한국수자원공사,한국수자원공사 완도수도지사,지점,기후에너지환경부,공기업(준시장형),전라남도 완도군 완도읍 농공단지7길 39 완도수도관리단,061-550-8240,-,061-550-8221,-,-,-
중앙/지방(기관리스트),한국수자원공사,한국수자원공사 용담댐지사,지점,기후에너지환경부,공기업(준시장형),전라북도 진안군 안천면 안용로 747 용담지사,063-430-4203,-,063-430-4231,-,-,-
중앙/지방(기관리스트),한국수자원공사,한국수자원공사 운문권지사,지점,기후에너지환경부,공기업(준시장형),경상북도 청도군 운문면 운문로 2490 운문권지사,054-370-7240,-,054-370-7243,-,-,-
중앙/지방(기관리스트),한국수자원공사,한국수자원공사 울산권지사,지점,기후에너지환경부,공기업(준시장형),울산광역시 남구 문수로 296 (옥동) 새롬빌딩 6층,052-259-6211,-,052-259-6231,-,-,-
중앙/지방(기관리스트),한국수자원공사,한국수자원공사 울산권지사 (HMC산업용수센터),지점,기후에너지환경부,공기업(준시장형),울산광역시 북구 염포로 700 (양정동) HMC산업용수센터,052-259-6271,-,052-259-6231,-,-,-
중앙/지방(기관리스트),한국수자원공사,한국수자원공사 원주천댐사업단,지점,기후에너지환경부,공기업(준시장형),강원도 원주시 황금로 26(반곡동) 3층 K-water 원주천댐사업단,033-260-3784,-,033-260-3799,-,-,-
중앙/지방(기관리스트),한국수자원공사,한국수자원공사 인재개발원,지점,기후에너지환경부,공기업(준시장형),대전광역시 유성구 유성대로1689번길 125 (전민동) 인재개발원,042-870-7000,-,042-629-4811,-,-,-
중앙/지방(기관리스트),한국수자원공사,한국수자원공사 장흥수도관리단,지점,기후에너지환경부,공기업(준시장형),전라남도 장흥군 장흥읍 남부관광로 12 장흥수도관리단,061-860-8282,-,061-860-8290,-,-,-
중앙/지방(기관리스트),한국수자원공사,한국수자원공사 전남북부권지사,지점,기후에너지환경부,공기업(준시장형),전라남도 장성군 삼계면 평림암치로 141 전남북부권지사,061-390-8210,-,061-390-8249,-,-,-
중앙/지방(기관리스트),한국수자원공사,한국수자원공사 전남서남권지사,지점,기후에너지환경부,공기업(준시장형),전라남도 장흥군 부산면 지천길 142 전남서남권지사,061-860-3240,-,061-860-3231,-,-,-
중앙/지방(기관리스트),한국수자원공사,한국수자원공사 전남중부권지사,지점,기후에너지환경부,공기업(준시장형),전라남도 화순군 화순읍 화동로 126 전남중부권지사,061-370-3311,-,061-370-3231,-,-,-
중앙/지방(기관리스트),한국수자원공사,한국수자원공사 전주권지사,지점,기후에너지환경부,공기업(준시장형),전라북도 완주군 고산면 송학길 27 전주권지사,063-260-4111,-,063-260-4164,-,-,-
중앙/지방(기관리스트),한국수자원공사,한국수자원공사 전주권지사 (수도운영부_군산정수장),지점,기후에너지환경부,공기업(준시장형),전라북도 군산시 안정길 3-48 (내흥동) 수도운영부_군산정수장,063-260-4195,-,063-260-4165,-,-,-
중앙/지방(기관리스트),한국수자원공사,한국수자원공사 정읍권지사,지점,기후에너지환경부,공기업(준시장형),전라북도 정읍시 옹동면 태산로 2450-64 정읍권지사,063-530-0210,-,063-530-0233,-,-,-
중앙/지방(기관리스트),한국수자원공사,한국수자원공사 제주권지사,지점,기후에너지환경부,공기업(준시장형),제주특별자치도 제주시 첨단로 213-4 (영평동) 엘리트빌딩  207호,064-798-5320,-,064-798-5340,-,-,-
중앙/지방(기관리스트),한국수자원공사,한국수자원공사 주암댐지사,지점,기후에너지환경부,공기업(준시장형),전라남도 순천시 상사면 상사호길 501 주암지사,061-749-7210,-,061-749-7170,-,-,-
중앙/지방(기관리스트),한국수자원공사,한국수자원공사 진도수도지사,지점,기후에너지환경부,공기업(준시장형),전라남도 진도군 진도읍 남동1길 62-18 진도수도관리단,061-540-5210,-,061-540-5222,-,-,-
중앙/지방(기관리스트),한국수자원공사,한국수자원공사 창원권지사,지점,기후에너지환경부,공기업(준시장형),경상남도 창원시 성산구 충혼로224번길 18 (반림동) 창원권지사,055-268-7123,-,055-268-7214,-,-,-
중앙/지방(기관리스트),한국수자원공사,한국수자원공사 천안권지사,지점,기후에너지환경부,공기업(준시장형),충청남도 천안시 동남구 풍세면 미죽로 301-96 천안권지사,041-629-4240,-,041-629-4235,-,-,-
중앙/지방(기관리스트),한국수자원공사,한국수자원공사 청송권지사,지점,기후에너지환경부,공기업(준시장형),경상북도 청송군 안덕면 성덕댐로 1191 청송권지사,054-870-0300,-,054-870-0398,-,-,-
중앙/지방(기관리스트),한국수자원공사,한국수자원공사 청주권지사,지점,기후에너지환경부,공기업(준시장형),충청북도 청주시 서원구 2순환로 1571 (성화동) 청주권지사,043-230-4308,-,043-230-4319,-,-,-
중앙/지방(기관리스트),한국수자원공사,한국수자원공사 충남중부권지사,지점,기후에너지환경부,공기업(준시장형),충청남도 부여군 석성면 왕릉로 371 충남중부권지사,041-830-4240,-,041-830-4230,-,-,-
중앙/지방(기관리스트),한국수자원공사,한국수자원공사 충남중부권지사 (공주수도운영부),지점,기후에너지환경부,공기업(준시장형),충청남도 공주시 무령로 540 (월송동) 공주수도운영부,041-850-2711,-,041-850-2770,-,-,-
중앙/지방(기관리스트),한국수자원공사,한국수자원공사 충남지역협력단,지점,기후에너지환경부,공기업(준시장형),충청남도 홍성군 홍북읍 청사로 146 7층,041-339-1111,-,041-339-1199,-,-,-
중앙/지방(기관리스트),한국수자원공사,한국수자원공사 충북지역협력단,지점,기후에너지환경부,공기업(준시장형),충청북도 청주시 서원구 2순환로 1571(성화동) K-water 충북지역협력단,043-230-4232,-,043-230-4888,-,-,-
중앙/지방(기관리스트),한국수자원공사,한국수자원공사 충주권사업단,지점,기후에너지환경부,공기업(준시장형),충청북도 충주시 충주호수로 657 (종민동) 충주권사업단,043-870-4211,-,043-870-4270,-,-,-
중앙/지방(기관리스트),한국수자원공사,한국수자원공사 충주권지사,지점,기후에너지환경부,공기업(준시장형),충청북도 충주시 사래실길 20-49 (용탄동) 충주권지사,043-840-1204,-,043-840-1235,-,-,-
중앙/지방(기관리스트),한국수자원공사,한국수자원공사 태백권지사,지점,기후에너지환경부,공기업(준시장형),강원도 태백시 구와우길 66(황지동) K-water 태백권지사,033-550-1211,-,033-550-1261,-,-,-
중앙/지방(기관리스트),한국수자원공사,한국수자원공사 파주수도지사,지점,기후에너지환경부,공기업(준시장형),경기도 파주시 문산읍 화석정로 45-28 파주수도관리단,031-950-0701,-,031-950-0707,-,-,-
중앙/지방(기관리스트),한국수자원공사,한국수자원공사 팔당권지사,지점,기후에너지환경부,공기업(준시장형),경기도 하남시 윗배알미길 61 (배알미동) 팔당권지사,031-793-3391,-,031-790-3318,-,-,-
중앙/지방(기관리스트),한국수자원공사,한국수자원공사 평화의댐지사,지점,기후에너지환경부,공기업(준시장형),강원도 화천군 화천읍 평화로 3481-18 화천권지사,033-480-1510,-,033-480-1575,-,-,-
중앙/지방(기관리스트),한국수자원공사,한국수자원공사 포항권지사,지점,기후에너지환경부,공기업(준시장형),경상북도 포항시 북구 기계면 학야길129번길 105 포항권지사,054-230-4740,-,054-230-4741,-,-,-
중앙/지방(기관리스트),한국수자원공사,한국수자원공사 한강보관리단,지점,기후에너지환경부,공기업(준시장형),경기도 여주시 신단1길 83 (단현동) 한강보관리단,031-880-6201,-,031-880-6259,-,-,-
중앙/지방(기관리스트),한국수자원공사,한국수자원공사 한강유역본부,지점,기후에너지환경부,공기업(준시장형),경기도 과천시 교육원로 11 (갈현동) 한강권역부문,02-2150-0240,-,042-629-4845,-,-,-
중앙/지방(기관리스트),한국수자원공사,한국수자원공사 합천댐지사,지점,기후에너지환경부,공기업(준시장형),경상남도 합천군 용주면 합천호수로 705 합천지사,055-930-5207,-,055-930-5232,-,-,-
중앙/지방(기관리스트),한국수자원공사,한국수자원공사 홍보실(언론홍보부),지점,기후에너지환경부,공기업(준시장형),경기도 과천시 교육원로 11 (갈현동) 5층,02-2150-0134,-,02-2150-0141,-,-,-
중앙/지방(기관리스트),한국수자원공사,한국수자원공사 화성권지사,지점,기후에너지환경부,공기업(준시장형),경기도 화성시 매송면 매송고색로503번길 235-41 K-water 화성권지사,031-369-9494,-,031-369-9499,-,-,-
중앙/지방(기관리스트),한국수자원공사,한국수자원공사 횡성원주권지사,지점,기후에너지환경부,공기업(준시장형),강원도 횡성군 횡성읍 송전로 135 횡성원주권지사,033-343-6157,-,033-340-0238,-,-,-
중앙/지방(기관리스트),한국수자원조사기술원,한국수자원조사기술원,본점,기후에너지환경부,기타공공기관,경기도 고양시 일산서구 킨텍스로 217-59 (대화동) 킨텍스제2전시장 오피스동 11층(1103~1105호) 12층(전층),031-929-0800,-,031-929-0890,-,-,-
중앙/지방(기관리스트),한국수출입은행,한국수출입은행,본점,재정경제부,기타공공기관,서울특별시 영등포구 은행로 38 (여의도동) 한국수출입은행,02-3779-6114,-,-,-,-,-
중앙/지방(기관리스트),한국수출입은행,한국수출입은행 광주지점,지점,재정경제부,기타공공기관,광주광역시 서구 상무중앙로 58 (치평동) 타임스퀘어 13층,062-232-6944,-,062-232-6946,gwangju@koreaexim.go.kr,-,-
중앙/지방(기관리스트),한국수출입은행,한국수출입은행 구미출장소,지점,재정경제부,기타공공기관,경상북도 구미시 구미대로 350-27 (신평동) 구미시 종합비즈니스지원센터 4층,054-462-7103,-,054-462-7105,gumi@koreaexim.go.kr,-,-
중앙/지방(기관리스트),한국수출입은행,한국수출입은행 대구지점,지점,재정경제부,기타공공기관,대구광역시 동구 동대구로 489 (신천동) 대구무역회관 11층,053-260-4100,-,053-754-1020,daegu@koreaexim.go.kr,-,-
중앙/지방(기관리스트),한국수출입은행,한국수출입은행 대전지점,지점,재정경제부,기타공공기관,대전광역시 서구 한밭대로 797 (둔산동) 캐피탈타워 16층,042-489-9715,-,042-489-9716,daejeon@koreaexim.go.kr,-,-
중앙/지방(기관리스트),한국수출입은행,한국수출입은행 부산지점,지점,재정경제부,기타공공기관,부산광역시 남구 문현금융로 40 (문현동) 부산국제금융센터 20층,051-817-5050,-,051-817-6060,pusan@koreaexim.go.kr,-,-
중앙/지방(기관리스트),한국수출입은행,한국수출입은행 수원지점,지점,재정경제부,기타공공기관,경기도 수원시 영통구 광교로 107 (이의동) 경기도경제과학진흥원 9층,031-259-6600,-,031-259-6609,suwon@koreaexim.go.kr,-,-
중앙/지방(기관리스트),한국수출입은행,한국수출입은행 여수출장소,지점,재정경제부,기타공공기관,전라남도 여수시 좌수영로 55 (광무동) 여수상공회의소 4층,061-643-7714,-,061-643-7716,yeosu@koreaexim.go.kr,-,-
중앙/지방(기관리스트),한국수출입은행,한국수출입은행 울산지점,지점,재정경제부,기타공공기관,울산광역시 남구 삼산로 197 (달동) 유안타증권빌딩 4층,052-274-5276,-,052-274-5278,ulsan@koreaexim.go.kr,-,-
중앙/지방(기관리스트),한국수출입은행,한국수출입은행 원주출장소,지점,재정경제부,기타공공기관,강원도 원주시 시청로 10 (무실동) 금정타워 5층,033-748-0536,-,033-748-0538,wonju@koreaexim.go.kr,-,-
중앙/지방(기관리스트),한국수출입은행,한국수출입은행 인천지점,지점,재정경제부,기타공공기관,인천광역시 남동구 인주대로 611(구월동) 19층,032-235-6104,-,032-235-6110,inchon@koreaexim.go.kr,-,-
중앙/지방(기관리스트),한국수출입은행,한국수출입은행 전주지점,지점,재정경제부,기타공공기관,전라북도 전주시 완산구 온고을로 1 (서신동) 대한교원공제회관빌딩 10층,063-271-6134,-,063-271-6139,jeonju@koreaexim.go.kr,-,-
중앙/지방(기관리스트),한국수출입은행,한국수출입은행 창원지점,지점,재정경제부,기타공공기관,경상남도 창원시 의창구 중앙대로 257 (용호동) 경남무역회관 5층,055-287-6830,-,055-287-6831,changwon@koreaexim.go.kr,-,-
중앙/지방(기관리스트),한국수출입은행,한국수출입은행 청주지점,지점,재정경제부,기타공공기관,충청북도 청주시 흥덕구 풍산로 50 (가경동) 충북 지방기업진흥원 6층,043-237-0475,-,043-237-0476,cheongju@koreaexim.go.kr,-,-
중앙/지방(기관리스트),한국수출입은행,한국수출입은행 해양금융단,지점,재정경제부,기타공공기관,부산광역시 남구 문현금융로 40 (문현동) 부산국제금융센터 20층,051-922-8825,-,051-922-8849,-,-,-
중앙/지방(기관리스트),한국스포츠레저(주),한국스포츠레저(주),본점,문화체육관광부,기타공공기관,nan,nan,-,-,-,-,-
중앙/지방(기관리스트),한국승강기안전공단,한국승강기안전공단,본점,행정안전부,준정부기관(위탁집행형),경상남도 진주시 소호로 102 (충무공동) 한국승강기안전공단,1566-1277,1566-1277,-,-,-,-
중앙/지방(기관리스트),한국승강기안전공단,한국승강기안전공단 강릉출장소,지점,행정안전부,준정부기관(위탁집행형),강원도 강릉시 강릉대로 317(포남동) 한국빌딩 501호,033-647-3918,-,033-645-3918,-,-,-
중앙/지방(기관리스트),한국승강기안전공단,한국승강기안전공단 강원지사,지점,행정안전부,준정부기관(위탁집행형),강원도 원주시 호저로 47(우산동) 206호,033-734-6295,-,033-734-6298,-,-,-
중앙/지방(기관리스트),한국승강기안전공단,한국승강기안전공단 경기강원지역본부,지점,행정안전부,준정부기관(위탁집행형),경기도 수원시 영통구 광교로 146(이의동) 안효빌딩 9층,031-289-3400,-,031-289-3406,-,-,-
중앙/지방(기관리스트),한국승강기안전공단,한국승강기안전공단 경기북부지사,지점,행정안전부,준정부기관(위탁집행형),경기도 구리시 산마루로 19(갈매동) 진영트윈타워B동 501호,031-571-0105,-,031-575-0107,-,-,-
중앙/지방(기관리스트),한국승강기안전공단,한국승강기안전공단 경남동부지사,지점,행정안전부,준정부기관(위탁집행형),경상남도 창원시 의창구 창원대로18번길 46(팔용동) 14층 1417호,055-237-8860,-,055-237-2131,-,-,-
중앙/지방(기관리스트),한국승강기안전공단,한국승강기안전공단 경남서부지사,지점,행정안전부,준정부기관(위탁집행형),경상남도 창원시 마산회원구 3·15대로 685(석전동) 4층,055-252-3710,-,055-275-4898,-,-,-
중앙/지방(기관리스트),한국승강기안전공단,한국승강기안전공단 경북동부지사,지점,행정안전부,준정부기관(위탁집행형),경상북도 포항시 북구 삼흥로 95(장성동) 5층,054-278-0147,-,054-278-0148,-,-,-
중앙/지방(기관리스트),한국승강기안전공단,한국승강기안전공단 경북서부지사,지점,행정안전부,준정부기관(위탁집행형),경상북도 구미시 이계북로 7(임수동) 경상북도경제진흥원 2층,054-473-8934,-,054-473-8937,-,-,-
중앙/지방(기관리스트),한국승강기안전공단,한국승강기안전공단 경인지역본부,지점,행정안전부,준정부기관(위탁집행형),인천광역시 남동구 논현로46번길 23(논현동) 7층,032-425-0685,-,032-426-0687,-,-,-
중앙/지방(기관리스트),한국승강기안전공단,한국승강기안전공단 고양파주지사,지점,행정안전부,준정부기관(위탁집행형),경기도 고양시 일산서구 킨텍스로 217-59(대화동) 오피스동 401~403호,031-905-7635,-,031-905-7638,-,-,-
중앙/지방(기관리스트),한국승강기안전공단,한국승강기안전공단 광주지사,지점,행정안전부,준정부기관(위탁집행형),광주광역시 서구 죽봉대로 52(농성동) 3층,062-367-8301,-,062-367-7509,-,-,-
중앙/지방(기관리스트),한국승강기안전공단,한국승강기안전공단 대구경북지역본부,지점,행정안전부,준정부기관(위탁집행형),대구광역시 달서구 계대동문로 124(이곡동) 6층,053-560-1250,-,053-289-3065,-,-,-
중앙/지방(기관리스트),한국승강기안전공단,한국승강기안전공단 대구동부지사,지점,행정안전부,준정부기관(위탁집행형),대구광역시 동구 동대구로 471(신천동) 12층,053-742-9611,-,053-742-7849,-,-,-
중앙/지방(기관리스트),한국승강기안전공단,한국승강기안전공단 대구서부지사,지점,행정안전부,준정부기관(위탁집행형),대구광역시 달서구 계대동문로 124(이곡동) 6층,053-560-1200,-,053-289-3065,-,-,-
중앙/지방(기관리스트),한국승강기안전공단,한국승강기안전공단 대전지사,지점,행정안전부,준정부기관(위탁집행형),대전광역시 서구 월드컵대로 480(월평동) 3층,042-633-0450,-,042-633-0453,-,-,-
중앙/지방(기관리스트),한국승강기안전공단,한국승강기안전공단 부산경남지역본부,지점,행정안전부,준정부기관(위탁집행형),부산광역시 부산진구 황령대로 24(범천동) 6층,051-811-6500,-,051-811-6504,-,-,-
중앙/지방(기관리스트),한국승강기안전공단,한국승강기안전공단 부산동부지사,지점,행정안전부,준정부기관(위탁집행형),부산광역시 해운대구 센텀중앙로 90(재송동) 1909호,051-784-8502,-,051-784-8506,-,-,-
중앙/지방(기관리스트),한국승강기안전공단,한국승강기안전공단 부산북부지사,지점,행정안전부,준정부기관(위탁집행형),부산광역시 금정구 금정로 252(구서동) 10층,051-513-0682,-,051-513-0686,-,-,-
중앙/지방(기관리스트),한국승강기안전공단,한국승강기안전공단 부산서부지사,지점,행정안전부,준정부기관(위탁집행형),부산광역시 부산진구 황령대로 24(범천동) 6층,051-811-6500,-,051-811-6504,-,-,-
중앙/지방(기관리스트),한국승강기안전공단,한국승강기안전공단 서울강남지사,지점,행정안전부,준정부기관(위탁집행형),서울특별시 강남구 영동대로 316(대치동) 8층,02-3444-9600,-,02-3444-0454,-,-,-
중앙/지방(기관리스트),한국승강기안전공단,한국승강기안전공단 서울강동지사,지점,행정안전부,준정부기관(위탁집행형),서울특별시 강동구 양재대로 1473(길동) 9층,02-3272-8778,-,02-3272-7117,-,-,-
중앙/지방(기관리스트),한국승강기안전공단,한국승강기안전공단 서울강서지사,지점,행정안전부,준정부기관(위탁집행형),서울특별시 강서구 공항대로 287(등촌동) 화인빌딩 3층,02-3663-6511,-,02-3663-9550,-,-,-
중앙/지방(기관리스트),한국승강기안전공단,한국승강기안전공단 서울남서지사,지점,행정안전부,준정부기관(위탁집행형),서울특별시 구로구 디지털로31길 53(구로동) 2층,02-801-8429,-,02-2606-8595,-,-,-
중앙/지방(기관리스트),한국승강기안전공단,한국승강기안전공단 서울동부지사,지점,행정안전부,준정부기관(위탁집행형),서울특별시 성동구 천호대로 376(용답동) 7층,02-983-6731,-,02-988-8337,-,-,-
중앙/지방(기관리스트),한국승강기안전공단,한국승강기안전공단 서울북부지사,지점,행정안전부,준정부기관(위탁집행형),서울특별시 강북구 덕릉로 138(번동) 5층,02-948-3337,-,02-948-2936,-,-,-
중앙/지방(기관리스트),한국승강기안전공단,한국승강기안전공단 서울서부지사,지점,행정안전부,준정부기관(위탁집행형),서울특별시 용산구 한강대로 148(한강로2가) KT용산사옥 3층,02-711-3621,-,02-711-5647,-,-,-
중앙/지방(기관리스트),한국승강기안전공단,한국승강기안전공단 서울서초지사,지점,행정안전부,준정부기관(위탁집행형),서울특별시 서초구 서초대로 67(방배동) 7층,02-3477-4020,-,02-3463-8050,-,-,-
중앙/지방(기관리스트),한국승강기안전공단,한국승강기안전공단 서울지역본부,지점,행정안전부,준정부기관(위탁집행형),서울특별시 구로구 디지털로31길 41(구로동) 13층,02-801-0300,-,02-801-0369,-,-,-
중앙/지방(기관리스트),한국승강기안전공단,한국승강기안전공단 성남지사,지점,행정안전부,준정부기관(위탁집행형),경기도 성남시 분당구 성남대로779번길 58(이매동) 5층,031-704-3157~9,-,031-704-3160,-,-,-
중앙/지방(기관리스트),한국승강기안전공단,한국승강기안전공단 세종지사,지점,행정안전부,준정부기관(위탁집행형),세종특별자치시 한누리대로 169(나성동) 7층,044-868-3416,-,044-868-3419,-,-,-
중앙/지방(기관리스트),한국승강기안전공단,한국승강기안전공단 수원지사,지점,행정안전부,준정부기관(위탁집행형),경기도 수원시 영통구 광교로 146(이의동) 9층,031-289-3400,-,031-289-3406,-,-,-
중앙/지방(기관리스트),한국승강기안전공단,한국승강기안전공단 안산지사,지점,행정안전부,준정부기관(위탁집행형),경기도 안산시 상록구 해안로 705(사동) 301호,031-475-7951,-,031-624-5717,-,-,-
중앙/지방(기관리스트),한국승강기안전공단,한국승강기안전공단 안양지사,지점,행정안전부,준정부기관(위탁집행형),경기도 안양시 만안구 안양로 119(안양동) 7층,031-465-0600,-,031-465-3800,-,-,-
중앙/지방(기관리스트),한국승강기안전공단,한국승강기안전공단 양주출장소,지점,행정안전부,준정부기관(위탁집행형),경기도 양주시 옥정동로7가길 30(옥정동) 폴리프라자 508호,031-868-9984,-,031-868-9986,-,-,-
중앙/지방(기관리스트),한국승강기안전공단,한국승강기안전공단 용인지사,지점,행정안전부,준정부기관(위탁집행형),경기도 용인시 기흥구 관곡로64번길 18(구갈동) 덕형빌딩 902호,031-284-0950,-,031-284-0955,-,-,-
중앙/지방(기관리스트),한국승강기안전공단,한국승강기안전공단 울산지사,지점,행정안전부,준정부기관(위탁집행형),울산광역시 중구 종가로 362-11(교동) 울산그린카기술센터 3층 301호,052-275-8775,-,052-275-5710,-,-,-
중앙/지방(기관리스트),한국승강기안전공단,한국승강기안전공단 인천남부지사,지점,행정안전부,준정부기관(위탁집행형),인천광역시 남동구 논현로46번길 23(논현동) 7층,032-425-0685,-,032-426-0687,-,-,-
중앙/지방(기관리스트),한국승강기안전공단,한국승강기안전공단 인천동부지사,지점,행정안전부,준정부기관(위탁집행형),인천광역시 부평구 무네미로 478(구산동) 본부동 3층,032-322-2163,-,032-322-2164,-,-,-
중앙/지방(기관리스트),한국승강기안전공단,한국승강기안전공단 인천서부지사,지점,행정안전부,준정부기관(위탁집행형),인천광역시 서구 원당대로 676(당하동) 4층,032-566-5644,-,032-432-6064,-,-,-
중앙/지방(기관리스트),한국승강기안전공단,한국승강기안전공단 전남동부지사,지점,행정안전부,준정부기관(위탁집행형),전라남도 순천시 중앙로 260(석현동) KT 북순천사옥 3층,061-745-2391,-,061-745-2390,-,-,-
중앙/지방(기관리스트),한국승강기안전공단,한국승강기안전공단 전남서부지사,지점,행정안전부,준정부기관(위탁집행형),광주광역시 광산구 무진대로 282(우산동) 303호,062-528-4124,-,062-527-9013,-,-,-
중앙/지방(기관리스트),한국승강기안전공단,한국승강기안전공단 전북동부지사,지점,행정안전부,준정부기관(위탁집행형),전라북도 전주시 완산구 온고을로 29(서신동) 케이티전주타워 13층,063-214-3090,-,063-214-3095,-,-,-
중앙/지방(기관리스트),한국승강기안전공단,한국승강기안전공단 전북서부지사,지점,행정안전부,준정부기관(위탁집행형),전라북도 익산시 익산대로16길 39(창인동1가) 11층,063-843-2952,-,063-843-2958,-,-,-
중앙/지방(기관리스트),한국승강기안전공단,한국승강기안전공단 제주지사,지점,행정안전부,준정부기관(위탁집행형),제주특별자치도 제주시 연삼로 473(이도이동) 경제통상진흥원 5층,064-751-2812,-,064-751-2815,-,-,-
중앙/지방(기관리스트),한국승강기안전공단,한국승강기안전공단 진주출장소,지점,행정안전부,준정부기관(위탁집행형),"경상남도 진주시 신안로 94(신안동, 흥한스위트) KB손해보험 201호",055-758-1646,-,055-758-1647,-,-,-
중앙/지방(기관리스트),한국승강기안전공단,한국승강기안전공단 천안지사,지점,행정안전부,준정부기관(위탁집행형),충청남도 천안시 동남구 신촌2길 5-4(신방동) 탑산빌딩 3층,041-523-0454,-,041-551-0455,-,-,-
중앙/지방(기관리스트),한국승강기안전공단,한국승강기안전공단 춘천출장소,지점,행정안전부,준정부기관(위탁집행형),강원도 춘천시 안마산로 99(퇴계동) 수현빌딩 401호,033-244-6295,-,033-254-6295,-,-,-
중앙/지방(기관리스트),한국승강기안전공단,한국승강기안전공단 충남지사,지점,행정안전부,준정부기관(위탁집행형),충청남도 아산시 배방읍 희망로46번길 45-31 4층,041-523-5513,-,041-523-5516,-,-,-
중앙/지방(기관리스트),한국승강기안전공단,한국승강기안전공단 충북지사,지점,행정안전부,준정부기관(위탁집행형),충청북도 청주시 상당구 중흥로 16(용암동) 4층,043-287-0092,-,043-287-0095,-,-,-
중앙/지방(기관리스트),한국승강기안전공단,한국승강기안전공단 충청지역본부,지점,행정안전부,준정부기관(위탁집행형),대전광역시 서구 월드컵대로 480(월평동) 3층,042-633-0450,-,042-633-0453,-,-,-
중앙/지방(기관리스트),한국승강기안전공단,한국승강기안전공단 평택안성지사,지점,행정안전부,준정부기관(위탁집행형),경기도 평택시 경기대로 1377(서정동) 6층,031-664-8800,-,031-664-8801,-,-,-
중앙/지방(기관리스트),한국승강기안전공단,한국승강기안전공단 호남지역본부,지점,행정안전부,준정부기관(위탁집행형),광주광역시 서구 죽봉대로 52(농성동) 3층,062-367-8301,-,062-367-7509,-,-,-
중앙/지방(기관리스트),한국승강기안전공단,한국승강기안전공단 화성오산지사,지점,행정안전부,준정부기관(위탁집행형),경기도 화성시 병점2로 12(병점동) 창명빌딩 3층,031-236-4300,-,031-236-4242,-,-,-
중앙/지방(기관리스트),한국식품산업클러스터진흥원,한국식품산업클러스터진흥원,본점,농림축산식품부,기타공공기관,전라북도 익산시 왕궁면 국가식품로 100 한국식품산업클러스터진흥원,063-720-0509,-,063-720-0599,-,-,-
중앙/지방(기관리스트),한국식품안전관리인증원,한국식품안전관리인증원,본점,식품의약품안전처,기타공공기관,충청북도 청주시 흥덕구 오송읍 오송생명5로 156 한국식품안전관리인증원 본원,1599-1102,1599-1102,043-928-0019,-,-,-
중앙/지방(기관리스트),한국식품안전관리인증원,한국식품안전관리인증원 강릉출장소,지점,식품의약품안전처,기타공공기관,강원도 강릉시 죽헌길 7 (지변동) 강릉원주대학교 공동실습실험관 5층 한국식품안전관리인증원 강릉출장소,033-921-0999,-,070-5158-5988,-,-,-
중앙/지방(기관리스트),한국식품안전관리인증원,한국식품안전관리인증원 경인지원,지점,식품의약품안전처,기타공공기관,경기도 안양시 만안구 안양로 111 (안양동) 경기연성벤처센터 9층 한국식품안전관리인증원 경인지원,031-390-5200,-,031-465-6697,-,-,-
중앙/지방(기관리스트),한국식품안전관리인증원,한국식품안전관리인증원 광주지원,지점,식품의약품안전처,기타공공기관,광주광역시 서구 시청로 81 (치평동) 대아빌딩 4층 한국식품안전관리인증원 광주지원,062-380-0500,-,062-222-5238,-,-,-
중앙/지방(기관리스트),한국식품안전관리인증원,한국식품안전관리인증원 대구지원,지점,식품의약품안전처,기타공공기관,대구광역시 동구 동대구로 475(신천동) 8층,053-950-1510,-,053-741-5257,-,-,-
중앙/지방(기관리스트),한국식품안전관리인증원,한국식품안전관리인증원 대전지원,지점,식품의약품안전처,기타공공기관,대전광역시 유성구 북유성대로 303 (반석동) 뉴타운프라자빌딩 3층 한국식품안전관리인증원 대전지원,042-251-1169,-,042-252-1102,-,-,-
중앙/지방(기관리스트),한국식품안전관리인증원,한국식품안전관리인증원 부산지원,지점,식품의약품안전처,기타공공기관,"부산광역시 사상구 학감대로 232 (감전동, 사상와이드빌) 3층 한국식품안전관리인증원 부산지원",051-933-0100,-,051-933-0101,-,-,-
중앙/지방(기관리스트),한국식품안전관리인증원,한국식품안전관리인증원 서울지원,지점,식품의약품안전처,기타공공기관,서울특별시 송파구 송파대로28길 28 (가락동) 한국해양환경공단 2층 한국식품안전관리인증원 서울지원,02-860-6900,-,02-837-1120,-,-,-
중앙/지방(기관리스트),한국식품안전관리인증원,한국식품안전관리인증원 제주출장소,지점,식품의약품안전처,기타공공기관,제주특별자치도 제주시 신대로 64(연동) 5층,064-749-5210,-,064-749-5211,-,-,-
중앙/지방(기관리스트),한국양성평등교육진흥원,한국양성평등교육진흥원,본점,성평등가족부,기타공공기관,서울특별시 은평구 진흥로 225 (불광동) 한국양성평등교육진흥원,02-3156-6100,-,-,-,-,-
중앙/지방(기관리스트),한국양성평등교육진흥원,한국양성평등교육진흥원 고양캠퍼스,지점,성평등가족부,기타공공기관,경기도 고양시 덕양구 화중로104번길 50 (화정동) 한국양성평등교육진흥원 고양캠퍼스,031-936-5900,-,-,-,-,-
중앙/지방(기관리스트),한국어촌어항공단,한국어촌어항공단,본점,해양수산부,기타공공기관,서울특별시 금천구 가산디지털2로 53 (가산동) 12층,02-6098-0700,-,02-6098-0739,-,-,-
중앙/지방(기관리스트),한국언론진흥재단,한국언론진흥재단,본점,문화체육관광부,기타공공기관,서울특별시 중구 세종대로 124 (태평로1가) 한국프레스센터,02-2001-7114,-,-,-,-,-
중앙/지방(기관리스트),한국언론진흥재단,한국언론진흥재단 광주지사,지점,문화체육관광부,기타공공기관,광주광역시 서구 상무중앙로 110 (치평동) 6층 한국언론진흥재단 광주지사,062-652-2329,-,062-652-2330,-,-,-
중앙/지방(기관리스트),한국언론진흥재단,한국언론진흥재단 대구지사,지점,문화체육관광부,기타공공기관,대구광역시 남구 중앙대로 200 (대명동) 2층 한국언론진흥재단 대구지사,053-763-2113,-,053-763-2118,-,-,-
중앙/지방(기관리스트),한국언론진흥재단,한국언론진흥재단 미디어교육원,지점,문화체육관광부,기타공공기관,서울특별시 중구 정동길 21-15 (정동) 2층 한국언론진흥재단 미디어교육원,02-2001-7211,-,-,-,-,-
중앙/지방(기관리스트),한국언론진흥재단,한국언론진흥재단 부산지사,지점,문화체육관광부,기타공공기관,부산광역시 해운대구 센텀동로 71 (우동) 905호 한국언론진흥재단 부산지사,051-759-2841,-,051-759-2842,-,-,-
중앙/지방(기관리스트),한국언론진흥재단,한국언론진흥재단 세종대전총괄지사,지점,문화체육관광부,기타공공기관,대전광역시 서구 문예로 137 (둔산동) 5층 한국언론진흥재단 세종대전총괄지사,042-527-4712,-,042-527-4714,-,-,-
중앙/지방(기관리스트),한국에너지공단,한국에너지공단,본점,기후에너지환경부,준정부기관(위탁집행형),울산광역시 중구 종가로 323 (우정동) 한국에너지공단,052-920-0114,-,-,-,-,-
중앙/지방(기관리스트),한국에너지공단,한국에너지공단 강원지역본부,지점,기후에너지환경부,준정부기관(위탁집행형),강원도 춘천시 경춘로 2357(온의동) 새마을금고 연합회빌딩 2층 한국에너지공단 강원지역본부,033-248-8412,-,033-256-3914,-,-,-
중앙/지방(기관리스트),한국에너지공단,한국에너지공단 경기지역본부,지점,기후에너지환경부,준정부기관(위탁집행형),경기도 수원시 영통구 광교중앙로 140 (하동) 5층 501호~505호,031-300-9930,-,031-300-9999,-,-,-
중앙/지방(기관리스트),한국에너지공단,한국에너지공단 경남지역본부,지점,기후에너지환경부,준정부기관(위탁집행형),경상남도 창원시 의창구 원이대로 362(대원동) 창원컨벤션센터(CEDO) 1층 103호 한국에너지공단 경남지역본부,055-212-1150,-,055-212-1151,-,-,-
중앙/지방(기관리스트),한국에너지공단,한국에너지공단 광주전남지역본부,지점,기후에너지환경부,준정부기관(위탁집행형),광주광역시 북구 첨단과기로 123(오룡동) 한국에너지공단 광주전남지역본부,062-602-0020,-,062-223-2362,-,-,-
중앙/지방(기관리스트),한국에너지공단,한국에너지공단 대구경북지역본부,지점,기후에너지환경부,준정부기관(위탁집행형),대구광역시 달서구 성서공단로 52(대천동) 한국에너지공단 대구경북지역본부,053-580-7910,-,053-751-0555,-,-,-
중앙/지방(기관리스트),한국에너지공단,한국에너지공단 대전충남지역본부,지점,기후에너지환경부,준정부기관(위탁집행형),대전광역시 유성구 대덕대로 480(도룡동) 미래에너지움 3층 한국에너지공단 대전충남지역본부,042-527-6953,-,042-523-3441,-,-,-
중앙/지방(기관리스트),한국에너지공단,한국에너지공단 부산울산지역본부,지점,기후에너지환경부,준정부기관(위탁집행형),부산광역시 해운대구 센텀중앙로 55 (우동) 8층,051-999-6817,-,051-503-7742,-,-,-
중앙/지방(기관리스트),한국에너지공단,한국에너지공단 서울지역본부,지점,기후에너지환경부,준정부기관(위탁집행형),서울특별시 영등포구 여의대로 14(여의도동) 케이티 여의도 11층 한국에너지공단 서울지역본부,02-2071-3811,-,02-2071-3808,-,-,-
중앙/지방(기관리스트),한국에너지공단,한국에너지공단 세종충북지역본부,지점,기후에너지환경부,준정부기관(위탁집행형),충청북도 청주시 흥덕구 풍산로 50 (가경동) 4층,043-901-6015,-,043-901-6009,-,-,-
중앙/지방(기관리스트),한국에너지공단,한국에너지공단 인천지역본부,지점,기후에너지환경부,준정부기관(위탁집행형),인천광역시 남동구 정각로 8(구월동) 인천 YWCA 빌딩 3층 한국에너지공단 인천지역본부,032-432-7031,-,032-432-7030,-,-,-
중앙/지방(기관리스트),한국에너지공단,한국에너지공단 자동차연비센터,지점,기후에너지환경부,준정부기관(위탁집행형),충청북도 진천군 덕산면 신척산단3로 15 한국에너지공단 자동차연비센터,043-531-3723,-,043-531-3748,-,-,-
중앙/지방(기관리스트),한국에너지공단,한국에너지공단 전북지역본부,지점,기후에너지환경부,준정부기관(위탁집행형),전라북도 전주시 덕진구 팔과정로 164(팔복동1가) 전라북도 경제통상진흥원 2층 한국에너지공단 전북지역본부,063-212-7082,-,063-212-9082,-,-,-
중앙/지방(기관리스트),한국에너지공단,한국에너지공단 제주지역본부,지점,기후에너지환경부,준정부기관(위탁집행형),제주특별자치도 제주시 연북로 33 (노형동) 3층,064-909-0304,-,064-909-0309,-,-,-
중앙/지방(기관리스트),한국에너지기술평가원,한국에너지기술평가원,본점,기후에너지환경부,기타공공기관,서울특별시 강남구 테헤란로114길 14 (대치동) 한국에너지기술평가원,02-3469-8400,1899-0784,02-555-2430,pkh35@ketep.re.kr,-,-
중앙/지방(기관리스트),한국에너지정보문화재단,한국에너지정보문화재단,본점,기후에너지환경부,기타공공기관,서울특별시 금천구 남부순환로 1418 (독산동) 한국에너지정보문화재단,02-859-0011,-,-,-,-,-
중앙/지방(기관리스트),한국여성과학기술인육성재단,한국여성과학기술인육성재단,본점,과학기술정보통신부,기타공공기관,서울특별시 강남구 테헤란로7길 22(역삼동) 한국과학기술회관 2관 6층,02-6411-1000,-,02-6411-1002,wiset@wiset.or.kr,-,-
중앙/지방(기관리스트),한국여성인권진흥원,한국여성인권진흥원,본점,성평등가족부,기타공공기관,서울특별시 중구 서소문로 50(중림동) 센트럴플레이스 3층 한국여성인권진흥원,02-735-1050,-,02-6363-8493,webmaster@stop.or.kr,-,-
중앙/지방(기관리스트),한국여성정책연구원,한국여성정책연구원,본점,국무조정실,기타공공기관,서울특별시 은평구 진흥로 225(불광동) 한국여성정책연구원,02-3156-7000,-,02-3156-7007,-,-,-
중앙/지방(기관리스트),한국연구재단,한국연구재단,본점,과학기술정보통신부,준정부기관(위탁집행형),대전광역시 유성구 가정로 201 (가정동) 한국연구재단,042-869-6114,1544-6118,-,-,-,-
중앙/지방(기관리스트),한국연구재단,한국연구재단 서울청사,지점,과학기술정보통신부,준정부기관(위탁집행형),서울특별시 서초구 헌릉로 25(염곡동) 한국연구재단 서울청사,02-3460-5500,-,02-3460-5519,-,-,-
중앙/지방(기관리스트),한국영상자료원,한국영상자료원,본점,문화체육관광부,기타공공기관,서울특별시 마포구 월드컵북로 400 (상암동) 한국영상자료원,02-3153-2001,-,02-3153-2080,-,-,-
중앙/지방(기관리스트),한국영상자료원,한국영상자료원 파주보존센터,지점,문화체육관광부,기타공공기관,경기도 파주시 문발로 301 (문발동) 한국영상자료원 파주보존센터,031-830-8100,-,031-830-8101,kofa@koreafilm.or.kr,-,-
중앙/지방(기관리스트),한국영유아보육·교육진흥원,한국영유아보육·교육진흥원,본점,교육부,기타공공기관,"서울특별시 용산구 청파로 345 (서계동) 3,4,5,6층(서계동 209번지)",02-6901-0100,1661-5666,02-6901-0141,kcpi6901@kcpi.or.kr,-,-
중앙/지방(기관리스트),한국예술인복지재단,한국예술인복지재단,본점,문화체육관광부,기타공공기관,서울특별시 중구 한강대로 416 (남대문로5가) 3층 한국예술인복지재단,02-3668-0200,-,02-3668-0299,kawf@kawf.kr,-,-
중앙/지방(기관리스트),한국원산지정보원,한국원산지정보원,본점,관세청,기타공공기관,경기도 성남시 분당구 야탑로205번길 8 (야탑동) 5층,031-600-0701,-,031-600-0704,-,-,-
중앙/지방(기관리스트),한국원산지정보원,한국원산지정보원 이행지원센터(광주),지점,관세청,기타공공기관,광주광역시 북구 첨단과기로208번길 43 (오룡동) 420호,062-973-8012,-,062-973-8010,-,-,-
중앙/지방(기관리스트),한국원산지정보원,한국원산지정보원 이행지원센터(대구),지점,관세청,기타공공기관,대구광역시 달서구 화암로 301 (대곡동) 정부대구지방종합청사 123-1호,053-639-7542,-,053-639-7543,-,-,-
중앙/지방(기관리스트),한국원산지정보원,한국원산지정보원 이행지원센터(부산),지점,관세청,기타공공기관,부산광역시 중구 충장대로5번길 3 (중앙동4가) 502호,051-462-6987,-,051-462-6988,-,-,-
중앙/지방(기관리스트),한국원산지정보원,한국원산지정보원 이행지원센터(서울),지점,관세청,기타공공기관,서울특별시 강남구 언주로 721 (논현동) 서울본부세관 별관3층,02-3445-6745,-,02-3445-6749,-,-,-
중앙/지방(기관리스트),한국원산지정보원,한국원산지정보원 이행지원센터(인천),지점,관세청,기타공공기관,인천광역시 남동구 남동대로215번길 30 (고잔동) 1108호,032-886-6434,-,032-886-6409,-,-,-
중앙/지방(기관리스트),한국원자력안전기술원,한국원자력안전기술원,본점,원자력안전위원회,기타공공기관,대전광역시 유성구 과학로 62 (구성동) 한국원자력안전기술원,042-868-0000,-,-,-,-,-
중앙/지방(기관리스트),한국원자력안전재단,한국원자력안전재단,본점,원자력안전위원회,기타공공기관,"경기도 성남시 분당구 대왕판교로644번길 49(삼평동) 1관 8층, 1층",031-626-6121,-,031-626-6010,-,-,-
중앙/지방(기관리스트),한국원자력의학원,한국원자력의학원,본점,과학기술정보통신부,기타공공기관,서울특별시 노원구 노원로 75(공릉동) 한국원자력의학원,02-970-2114,970-2100,02-970-2436,candy@kirams.re.kr,-,-
중앙/지방(기관리스트),한국원자력의학원,한국원자력의학원 동남권원자력의학원,지점,과학기술정보통신부,기타공공기관,부산광역시 기장군 장안읍 좌동길 40 동남권원자력의학원,051-720-5114,-,051-720-5992,-,-,-
중앙/지방(기관리스트),한국원자력통제기술원,한국원자력통제기술원,본점,원자력안전위원회,기타공공기관,대전광역시 유성구 유성대로 1418 (방현동) 한국원자력통제기술원,042-860-9700,-,-,kinac@kinac.re.kr,-,-
중앙/지방(기관리스트),한국원자력통제기술원,한국원자력통제기술원 국제핵안보교육훈련센터,지점,원자력안전위원회,기타공공기관,대전광역시 유성구 유성대로 1418(방현동) 국제핵안보교육훈련센터,042-860-9900,-,042-860-9919,kinac@kinac.re.kr,-,-
중앙/지방(기관리스트),한국원자력환경공단,한국원자력환경공단,본점,기후에너지환경부,준정부기관(위탁집행형),경상북도 경주시 충효천길 19 (서악동) 한국원자력환경공단,054-750-4114,-,-,-,-,-
중앙/지방(기관리스트),한국원자력환경공단,한국원자력환경공단 기금관리센터,지점,기후에너지환경부,준정부기관(위탁집행형),서울특별시 중구 한강대로 416 (남대문로5가) 서울스퀘어 11층,02-6456-8510,-,02-6456-8529,-,-,-
중앙/지방(기관리스트),한국원자력환경공단,한국원자력환경공단 방사성폐기물연구소,지점,기후에너지환경부,준정부기관(위탁집행형),대전광역시 유성구 가정로 174 (가정동) 한국원자력환경공단 방사성폐기물연구소,042-601-5315,-,042-601-5388,-,-,-
중앙/지방(기관리스트),한국원자력환경공단,한국원자력환경공단 월성지역본부,지점,기후에너지환경부,준정부기관(위탁집행형),경상북도 경주시 양북면 동해안로 1138 한국원자력환경공단 월성지역본부,054-778-7081,-,054-750-7019,-,-,-
중앙/지방(기관리스트),한국의료기기안전정보원,한국의료기기안전정보원,본점,식품의약품안전처,기타공공기관,"서울특별시 구로구 디지털로30길 28 (구로동) 102,208,305호 한국의료기기안전정보원",02-860-4322,1588-4183,02-860-4359,nids_official@nids.or.kr,-,-
중앙/지방(기관리스트),한국의료분쟁조정중재원,한국의료분쟁조정중재원,본점,보건복지부,기타공공기관,"서울특별시 중구 소월로2길 30 (남대문로5가, 남산트라팰리스) T타워 8층, 9층, 21층 한국의료분쟁조정중재원",02-1670-2545,1670-2545,02-6210-0199,kmedi@k-medi.or.kr,-,-
중앙/지방(기관리스트),한국의료분쟁조정중재원,한국의료분쟁조정중재원 부산지원,지점,보건복지부,기타공공기관,부산광역시 연제구 중앙대로 1000 (연산동) 국민연금공단 부산회관 13층 한국의료분쟁조정중재원,051-910-7300,-,051-910-7399,kmedi@k-medi.or.kr,-,-
중앙/지방(기관리스트),한국의약품안전관리원,한국의약품안전관리원,본점,식품의약품안전처,기타공공기관,경기도 안양시 동안구 부림로169번길 30 (관양동) 4~6층 한국의약품안전관리원,02-2172-6700,1644-6223,02-2172-6701,-,-,-
중앙/지방(기관리스트),한국인터넷진흥원,한국인터넷진흥원,본점,과학기술정보통신부,준정부기관(위탁집행형),전라남도 나주시 진흥길 9 (빛가람동) 한국인터넷진흥원,118,1433-25,-,outcome@kisa.or.kr,-,-
중앙/지방(기관리스트),한국인터넷진흥원,한국인터넷진흥원 나주청사,지점,과학기술정보통신부,준정부기관(위탁집행형),전라남도 나주시 진흥길 9 (빛가람동) 한국인터넷진흥원 나주청사,118,-,061-820-2604,outcome@kisa.or.kr,-,-
중앙/지방(기관리스트),한국인터넷진흥원,한국인터넷진흥원 서울청사,지점,과학기술정보통신부,준정부기관(위탁집행형),서울특별시 송파구 중대로 135 (가락동) 서관 한국인터넷진흥원,1544-5118,-,-,pmtinfo@kisa.or.kr,-,-
중앙/지방(기관리스트),한국임업진흥원,한국임업진흥원,본점,산림청,기타공공기관,서울특별시 강서구 공항대로 475 (등촌동) 한국임업진흥원,1600-3248,-,-,kofpipr@kofpi.or.kr,-,-
중앙/지방(기관리스트),한국자산관리공사,한국자산관리공사,본점,금융위원회,준정부기관(기금관리형),부산광역시 남구 문현금융로 40 (문현동) 부산국제금융센터,1588-3570,1588-3570,-,kamco@kamco.or.kr,-,-
중앙/지방(기관리스트),한국자산관리공사,한국자산관리공사 강원지역본부,지점,금융위원회,준정부기관(기금관리형),강원도 강릉시 경강로 2151 (옥천동) 한국자산관리공사 강원지역본부,033-640-3400,-,033-640-3477,kamco@kamco.or.kr,-,-
중앙/지방(기관리스트),한국자산관리공사,한국자산관리공사 경기지역본부,지점,금융위원회,준정부기관(기금관리형),경기도 수원시 영통구 월드컵로150번길 33 (원천동) 한국자산관리공사 경기지역본부,031-270-4500,-,031-270-4548,kamco@kamco.or.kr,-,-
중앙/지방(기관리스트),한국자산관리공사,한국자산관리공사 경남지역본부,지점,금융위원회,준정부기관(기금관리형),경상남도 창원시 성산구 중앙대로 105 (중앙동) STX오션타워,055-269-8000,-,055-269-8098,kamco@kamco.or.kr,-,-
중앙/지방(기관리스트),한국자산관리공사,한국자산관리공사 광주전남지역본부,지점,금융위원회,준정부기관(기금관리형),광주광역시 서구 내방로 392 (농성동) 한국자산관리공사 광주전남지역본부,062-231-3000,-,062-231-3098,kamco@kamco.or.kr,-,-
중앙/지방(기관리스트),한국자산관리공사,한국자산관리공사 대구경북지역본부,지점,금융위원회,준정부기관(기금관리형),대구광역시 중구 달구벌대로 2095 (덕산동) 삼성생명보험빌딩 25층,053-760-5000,-,053-760-5100,kamco@kamco.or.kr,-,-
중앙/지방(기관리스트),한국자산관리공사,한국자산관리공사 대전충남지역본부,지점,금융위원회,준정부기관(기금관리형),대전광역시 서구 한밭대로 797 (둔산동) 한국자산관리공사 대전충남지역본부,042-601-5000,-,042-601-5010,kamco@kamco.or.kr,-,-
중앙/지방(기관리스트),한국자산관리공사,한국자산관리공사 부산지역본부,지점,금융위원회,준정부기관(기금관리형),부산광역시 부산진구 중앙대로 766 (부전동) 동아빌딩,051-794-4600,-,051-794-4698,kamco@kamco.or.kr,-,-
중앙/지방(기관리스트),한국자산관리공사,한국자산관리공사 서울동부지역본부,지점,금융위원회,준정부기관(기금관리형),서울특별시 강남구 강남대로 450 (역삼동) 한국자산관리공사 서울동부지역본부,02-3420-5000,-,02-3420-5449,kamco@kamco.or.kr,-,-
중앙/지방(기관리스트),한국자산관리공사,한국자산관리공사 서울서부지역본부,지점,금융위원회,준정부기관(기금관리형),서울특별시 강남구 강남대로 450 (역삼동) 한국자산관리공사 서울서부지역본부,02-3420-5000,-,02-3420-5449,kamco@kamco.or.kr,-,-
중앙/지방(기관리스트),한국자산관리공사,한국자산관리공사 인천지역본부,지점,금융위원회,준정부기관(기금관리형),인천광역시 부평구 부평대로 70 (부평동) 한국자산관리공사 인천지역본부,032-509-1500,-,032-509-1597,kamco@kamco.or.kr,-,-
중앙/지방(기관리스트),한국자산관리공사,한국자산관리공사 전북지역본부,지점,금융위원회,준정부기관(기금관리형),전라북도 전주시 덕진구 기린대로 514 (덕진동1가) 한국자산관리공사 전북지역본부,063-230-1700,-,063-230-1798,kamco@kamco.or.kr,-,-
중앙/지방(기관리스트),한국자산관리공사,한국자산관리공사 충북지역본부,지점,금융위원회,준정부기관(기금관리형),충청북도 청주시 흥덕구 강서로 100 (강서동) 한국자산관리공사 충북지역본부,043-279-2400,-,043-269-3577,kamco@kamco.or.kr,-,-
중앙/지방(기관리스트),한국잡월드,한국잡월드,본점,고용노동부,기타공공기관,경기도 성남시 분당구 분당수서로 501 (정자동) 한국잡월드,1644-1333,1644-1333,031-696-8329,-,-,-
중앙/지방(기관리스트),한국장애인개발원,한국장애인개발원,본점,보건복지부,기타공공기관,서울특별시 영등포구 의사당대로 22 (여의도동) 5층,02-3433-0600,-,-,-,-,-
중앙/지방(기관리스트),한국장애인개발원,한국장애인개발원 강원,지점,보건복지부,기타공공기관,강원도 춘천시 옥산포길 17-8 (사농동) -,033-817-2357,-,033-817-2300,-,-,-
중앙/지방(기관리스트),한국장애인개발원,한국장애인개발원 강원도지부,지점,보건복지부,기타공공기관,강원특별자치도 원주시 건강로 25 (반곡동) 서영에비뉴파크1차 306호,070-7510-1938,-,070-7500-8729,-,-,-
중앙/지방(기관리스트),한국장애인개발원,한국장애인개발원 경기,지점,보건복지부,기타공공기관,경기도 수원시 권선구 서수원로 130 (오목천동) 누림센터 3층 304호,031-548-1393,-,031-548-1398,-,-,-
중앙/지방(기관리스트),한국장애인개발원,한국장애인개발원 경남,지점,보건복지부,기타공공기관,경상남도 창원시 의창구 중앙대로 263 (용호동) 오피스프라자 609호,055-716-2390,-,055-716-2307,-,-,-
중앙/지방(기관리스트),한국장애인개발원,한국장애인개발원 경북,지점,보건복지부,기타공공기관,"경상북도 안동시 경동로 841 (용상동) 1층, 106호",054-805-7310,-,054-805-7377,-,-,-
중앙/지방(기관리스트),한국장애인개발원,한국장애인개발원 광주,지점,보건복지부,기타공공기관,"광주광역시 서구 상무시민로 103 (치평동) 상무비즈센터 3층, 302호",062-714-3352,-,062-719-3757,-,-,-
중앙/지방(기관리스트),한국장애인개발원,한국장애인개발원 광주광역시지부,지점,보건복지부,기타공공기관,"광주광역시 서구 상무시민로 103 (치평동) 상무비즈센터 3층, 302호",062-714-3352,-,062-719-3757,-,-,-
중앙/지방(기관리스트),한국장애인개발원,한국장애인개발원 대구,지점,보건복지부,기타공공기관,대구광역시 중구 국채보상로 648 (동인동2가) 호수빌딩 8층,053-719-0340,-,053-719-0630,-,-,-
중앙/지방(기관리스트),한국장애인개발원,한국장애인개발원 대구광역시지부,지점,보건복지부,기타공공기관,대구광역시 중구 국채보상로 648 (동인동2가) 호수빌딩 8층,053-719-0340,-,053-719-0630,-,-,-
중앙/지방(기관리스트),한국장애인개발원,한국장애인개발원 대전,지점,보건복지부,기타공공기관,대전광역시 중구 중앙로 118 (대흥동) 대전도시공사 3층,042-719-1081,-,042-719-1013,-,-,-
중앙/지방(기관리스트),한국장애인개발원,한국장애인개발원 부산,지점,보건복지부,기타공공기관,부산광역시 동구 조방로 14 (범일동) 범일동 동일타워 8층 808호,051-714-7360,-,051-714-7329,-,-,-
중앙/지방(기관리스트),한국장애인개발원,한국장애인개발원 서울,지점,보건복지부,기타공공기관,서울특별시 중구 삼일대로 363 (장교동) 장교빌딩 13층,02-2135-3635,-,02-2135-3640,-,-,-
중앙/지방(기관리스트),한국장애인개발원,한국장애인개발원 세종,지점,보건복지부,기타공공기관,세종특별자치시 새롬로 14 (새롬동) 새롬종합복지센터 2층,044-414-9172,-,044-414-9170,-,-,-
중앙/지방(기관리스트),한국장애인개발원,한국장애인개발원 세종특별자치시지부,지점,보건복지부,기타공공기관,세종특별자치시 새롬로 14 (새롬동) 209호,02-3433-0660,-,-,-,-,-
중앙/지방(기관리스트),한국장애인개발원,한국장애인개발원 울산,지점,보건복지부,기타공공기관,울산광역시 중구 번영로 470 (반구동) -,052-710-3154,-,052-710-3149,-,-,-
중앙/지방(기관리스트),한국장애인개발원,한국장애인개발원 전남,지점,보건복지부,기타공공기관,전라남도 무안군 삼향읍 후광대로 282 전문건설공제조합 4층,061-802-1066,-,061-802-1059,-,-,-
중앙/지방(기관리스트),한국장애인개발원,한국장애인개발원 전북,지점,보건복지부,기타공공기관,"전라북도 전주시 완산구 홍산로 245 (효자동2가) 7층, 702호",063-714-2610,-,063-714-2697,-,-,-
중앙/지방(기관리스트),한국장애인개발원,한국장애인개발원 제주,지점,보건복지부,기타공공기관,제주특별자치도 제주시 연북로 33 (노형동) KTG 제주본부 3층,064-803-3714,-,064-803-3702,-,-,-
중앙/지방(기관리스트),한국장애인개발원,한국장애인개발원 충남,지점,보건복지부,기타공공기관,"충청남도 천안시 서북구 동서대로 163 (성정동) 7층, 704~705호",044-415-1215,-,041-415-1210,-,-,-
중앙/지방(기관리스트),한국장애인개발원,한국장애인개발원 충북,지점,보건복지부,기타공공기관,충청북도 청주시 흥덕구 공단로 134 (송정동) 세중테크노밸리 109~110호,043-716-2166,-,043-716-2130,-,-,-
중앙/지방(기관리스트),한국장애인고용공단,한국장애인고용공단,본점,고용노동부,준정부기관(위탁집행형),경기도 성남시 분당구 구미로173번길 59(구미동) 한국장애인고용공단,031-728-7001,1588-1519,031-728-7007,soo@kead.or.kr,-,-
중앙/지방(기관리스트),한국장애인고용공단,한국장애인고용공단 강원발달장애인훈련센터,지점,고용노동부,준정부기관(위탁집행형),강원특별자치도 원주시 시청로 11 (무실동) 2층,033-760-1600,-,-,-,-,-
중앙/지방(기관리스트),한국장애인고용공단,한국장애인고용공단 강원지사,지점,고용노동부,준정부기관(위탁집행형),강원도 원주시 호저로 47(우산동) 4층,033-737-6620,-,033-744-4976,-,-,-
중앙/지방(기관리스트),한국장애인고용공단,한국장애인고용공단 경기동부지사,지점,고용노동부,준정부기관(위탁집행형),경기도 성남시 분당구 구미로 8(구미동) 2층,031-728-7307,-,-,-,-,-
중앙/지방(기관리스트),한국장애인고용공단,한국장애인고용공단 경기발달장애인훈련센터,지점,고용노동부,준정부기관(위탁집행형),경기도 수원시 팔달구 경수대로 518(인계동) 3층,031-220-7700,-,-,-,-,-
중앙/지방(기관리스트),한국장애인고용공단,한국장애인고용공단 경기북부발달장애인훈련센터,지점,고용노동부,준정부기관(위탁집행형),경기도 의정부시 시민로 62(의정부동) 7층,031-879-0731,-,-,-,-,-
중앙/지방(기관리스트),한국장애인고용공단,한국장애인고용공단 경기북부지사,지점,고용노동부,준정부기관(위탁집행형),"경기도 의정부시 시민로 24(의정부동, 신도 아크라티움) 3층",031-850-4519,-,031-836-4172,-,-,-
중앙/지방(기관리스트),한국장애인고용공단,한국장애인고용공단 경기서부지사,지점,고용노동부,준정부기관(위탁집행형),경기도 안산시 단원구 화랑로 366 (고잔동) 9층,031-500-2410,-,-,-,-,-
중앙/지방(기관리스트),한국장애인고용공단,한국장애인고용공단 경기지역본부,지점,고용노동부,준정부기관(위탁집행형),경기도 수원시 팔달구 경수대로 518(인계동) 4층,031-300-0906,-,031-000-0000,-,-,-
중앙/지방(기관리스트),한국장애인고용공단,한국장애인고용공단 경남동부지사,지점,고용노동부,준정부기관(위탁집행형),경상남도 창원시 성산구 중앙대로 107(중앙동) 6층,055-225-8006,-,055-285-1729,-,-,-
중앙/지방(기관리스트),한국장애인고용공단,한국장애인고용공단 경남발달장애인훈련센터,지점,고용노동부,준정부기관(위탁집행형),경상남도 창원시 성산구 중앙대로 107 (중앙동) 교원공제회관 11층,055-210-5400,-,-,-,-,-
중앙/지방(기관리스트),한국장애인고용공단,한국장애인고용공단 경북발달장애인훈련센터,지점,고용노동부,준정부기관(위탁집행형),"경상북도 구미시 송정대로 73 (송정동) 7,8층",054-440-1600,-,-,-,-,-
중앙/지방(기관리스트),한국장애인고용공단,한국장애인고용공단 경북지사,지점,고용노동부,준정부기관(위탁집행형),경상북도 구미시 송정대로 73 (송정동) 6층,054-450-3007,-,054-458-8825,-,-,-
중앙/지방(기관리스트),한국장애인고용공단,한국장애인고용공단 고용개발원,지점,고용노동부,준정부기관(위탁집행형),경기도 성남시 분당구 구미로173번길 59(구미동) 5층 고용개발원,031-728-7000,-,031-728-7199,-,-,-
중앙/지방(기관리스트),한국장애인고용공단,한국장애인고용공단 광주디지털훈련센터,지점,고용노동부,준정부기관(위탁집행형),광주광역시 서구 천변좌로 268 (양동) 19층,062-448-1188,-,-,-,-,-
중앙/지방(기관리스트),한국장애인고용공단,한국장애인고용공단 광주발달장애인훈련센터,지점,고용노동부,준정부기관(위탁집행형),광주광역시 서구 시청로 26(치평동) 7층,062-380-0681,-,062-380-0620,-,-,-
중앙/지방(기관리스트),한국장애인고용공단,한국장애인고용공단 광주지역본부,지점,고용노동부,준정부기관(위탁집행형),광주광역시 서구 천변좌로 268 (양동) KDB빌딩 20층,062-448-1199,-,062-511-1986,-,-,-
중앙/지방(기관리스트),한국장애인고용공단,한국장애인고용공단 구로디지털훈련센터,지점,고용노동부,준정부기관(위탁집행형),서울특별시 구로구 디지털로 300 (구로동) 11층,02-6343-5700,-,-,-,-,-
중앙/지방(기관리스트),한국장애인고용공단,한국장애인고용공단 대구발달장애인훈련센터,지점,고용노동부,준정부기관(위탁집행형),대구광역시 달서구 새방로 62(용산동) 대구세명학교 내,053-550-2616,-,053-550-2620,-,-,-
중앙/지방(기관리스트),한국장애인고용공단,한국장애인고용공단 대구지역본부,지점,고용노동부,준정부기관(위탁집행형),대구광역시 남구 중앙대로 200(대명동) 13층,053-288-1500,-,053-288-1555,-,-,-
중앙/지방(기관리스트),한국장애인고용공단,한국장애인고용공단 대구직업능력개발원,지점,고용노동부,준정부기관(위탁집행형),대구광역시 달서구 장산남로 11(용산동) .,053-550-6014,-,053-523-6071,-,-,-
중앙/지방(기관리스트),한국장애인고용공단,한국장애인고용공단 대전발달장애인훈련센터,지점,고용노동부,준정부기관(위탁집행형),대전광역시 서구 둔산북로 56(둔산동) 8층,042-280-1600,-,-,-,-,-
중앙/지방(기관리스트),한국장애인고용공단,한국장애인고용공단 대전지역본부,지점,고용노동부,준정부기관(위탁집행형),대전광역시 서구 청사로 136(월평동) 13층,042-620-6200,-,042-635-3705,-,-,-
중앙/지방(기관리스트),한국장애인고용공단,한국장애인고용공단 대전직업능력개발원,지점,고용노동부,준정부기관(위탁집행형),대전광역시 대덕구 신일동로 70(신일동) .,042-931-9310,-,042-366-5416,-,-,-
중앙/지방(기관리스트),한국장애인고용공단,한국장애인고용공단 보조공학센터,지점,고용노동부,준정부기관(위탁집행형),서울특별시 영등포구 영중로 15 (영등포동4가) A동 9층,02-6321-8400,-,-,-,-,-
중앙/지방(기관리스트),한국장애인고용공단,한국장애인고용공단 부산발달장애인훈련센터,지점,고용노동부,준정부기관(위탁집행형),부산광역시 부산진구 범일로 181 (범천동) 13~14층,051-520-3440,-,-,-,-,-
중앙/지방(기관리스트),한국장애인고용공단,한국장애인고용공단 부산지역본부,지점,고용노동부,준정부기관(위탁집행형),부산광역시 부산진구 범일로 181 (범천동) 10층,051-640-9800,-,051-646-3552,-,-,-
중앙/지방(기관리스트),한국장애인고용공단,한국장애인고용공단 부산직업능력개발원,지점,고용노동부,준정부기관(위탁집행형),부산광역시 기장군 정관읍 산단5로 54 .,051-726-0308,-,051-726-0434,-,-,-
중앙/지방(기관리스트),한국장애인고용공단,한국장애인고용공단 서울남부발달장애인훈련센터,지점,고용노동부,준정부기관(위탁집행형),"서울특별시 영등포구 선유동2로 57 (양평동4가) 신관 2,3층",02-6252-3917,-,-,-,-,-
중앙/지방(기관리스트),한국장애인고용공단,한국장애인고용공단 서울남부지사,지점,고용노동부,준정부기관(위탁집행형),서울특별시 영등포구 버드나루로2길 8(영등포동2가) 6층,02-6004-1077,-,02-6004-1002,-,-,-
중앙/지방(기관리스트),한국장애인고용공단,한국장애인고용공단 서울동부지사,지점,고용노동부,준정부기관(위탁집행형),서울특별시 송파구 올림픽로 289(신천동) 11층,02-2146-3500,-,-,-,-,-
중앙/지방(기관리스트),한국장애인고용공단,한국장애인고용공단 서울맞춤훈련센터,지점,고용노동부,준정부기관(위탁집행형),서울특별시 중구 퇴계로 173(충무로3가) 11층,02-2262-0990,-,02-2262-0999,-,-,-
중앙/지방(기관리스트),한국장애인고용공단,한국장애인고용공단 서울발달장애인훈련센터,지점,고용노동부,준정부기관(위탁집행형),서울특별시 동대문구 왕산로23길 55(제기동) 4층,02-2230-0690,-,-,-,-,-
중앙/지방(기관리스트),한국장애인고용공단,한국장애인고용공단 서울북부지사,지점,고용노동부,준정부기관(위탁집행형),서울특별시 노원구 노해로 464 (상계동) 2층,02-6312-5300,-,-,-,-,-
중앙/지방(기관리스트),한국장애인고용공단,한국장애인고용공단 서울지역본부,지점,고용노동부,준정부기관(위탁집행형),서울특별시 중구 퇴계로 173(충무로3가) 11층,02-6320-7000,-,-,-,-,-
중앙/지방(기관리스트),한국장애인고용공단,한국장애인고용공단 세종발달장애인훈련센터,지점,고용노동부,준정부기관(위탁집행형),세종특별자치시 가름로 143(어진동) 6층,044-960-6070,-,-,-,-,-
중앙/지방(기관리스트),한국장애인고용공단,한국장애인고용공단 울산발달장애인훈련센터,지점,고용노동부,준정부기관(위탁집행형),울산광역시 남구 삼산로 182 (달동) 보림타워 3층,052-259-7017,-,-,-,-,-
중앙/지방(기관리스트),한국장애인고용공단,한국장애인고용공단 울산지사,지점,고용노동부,준정부기관(위탁집행형),울산광역시 남구 번영로 131(달동) 10층,052-226-1092,-,052-226-1090,-,-,-
중앙/지방(기관리스트),한국장애인고용공단,한국장애인고용공단 인천맞춤훈련센터,지점,고용노동부,준정부기관(위탁집행형),인천광역시 부평구 경원대로 1373(부평동) 2층,032-363-1400,-,-,-,-,-
중앙/지방(기관리스트),한국장애인고용공단,한국장애인고용공단 인천발달장애인훈련센터,지점,고용노동부,준정부기관(위탁집행형),인천광역시 남동구 인주대로914번길 16(만수동) 5층,032-420-3080,-,032-420-3090,-,-,-
중앙/지방(기관리스트),한국장애인고용공단,한국장애인고용공단 인천지사,지점,고용노동부,준정부기관(위탁집행형),인천광역시 부평구 무네미로 478(구산동) 1층,032-242-1050,-,032-242-1030,-,-,-
중앙/지방(기관리스트),한국장애인고용공단,한국장애인고용공단 일산직업능력개발원,지점,고용노동부,준정부기관(위탁집행형),경기도 고양시 일산서구 탄현로 155(탄현동) .,031-910-0880,-,031-910-0830,-,-,-
중앙/지방(기관리스트),한국장애인고용공단,한국장애인고용공단 전남발달장애인훈련센터,지점,고용노동부,준정부기관(위탁집행형),"전라남도 순천시 이수로 331(조례동) 3층, 4층",061-727-6812,-,-,-,-,-
중앙/지방(기관리스트),한국장애인고용공단,한국장애인고용공단 전남지사,지점,고용노동부,준정부기관(위탁집행형),전라남도 목포시 영산로 118(호남동) 7층,061-240-0772,-,061-247-9880,-,-,-
중앙/지방(기관리스트),한국장애인고용공단,한국장애인고용공단 전남직업능력개발원,지점,고용노동부,준정부기관(위탁집행형),전라남도 함평군 함평읍 학동로 546 .,061-320-7200,-,061-320-7020,-,-,-
중앙/지방(기관리스트),한국장애인고용공단,한국장애인고용공단 전북발달장애인훈련센터,지점,고용노동부,준정부기관(위탁집행형),"전라북도 전주시 덕진구 백제대로 751(인후동2가) 14, 15층",063-219-4100,-,-,-,-,-
중앙/지방(기관리스트),한국장애인고용공단,한국장애인고용공단 전북지사,지점,고용노동부,준정부기관(위탁집행형),전라북도 전주시 덕진구 백제대로 751(인후동2가) 11층,063-240-2406,-,063-246-4658,-,-,-
중앙/지방(기관리스트),한국장애인고용공단,한국장애인고용공단 전주맞춤훈련센터,지점,고용노동부,준정부기관(위탁집행형),전라북도 전주시 덕진구 백제대로 751(인후동2가) 13층,063-219-4100,-,-,-,-,-
중앙/지방(기관리스트),한국장애인고용공단,한국장애인고용공단 제주맞춤훈련센터,지점,고용노동부,준정부기관(위탁집행형),제주특별자치도 제주시 동광로 30(이도이동) 5층,064-717-6700,-,053-3470-0063,-,-,-
중앙/지방(기관리스트),한국장애인고용공단,한국장애인고용공단 제주발달장애인훈련센터,지점,고용노동부,준정부기관(위탁집행형),제주특별자치도 제주시 동광로 30(이도이동) 3층,064-759-8720,-,-,-,-,-
중앙/지방(기관리스트),한국장애인고용공단,한국장애인고용공단 제주지사,지점,고용노동부,준정부기관(위탁집행형),제주특별자치도 제주시 동광로 30(이도이동) 6층,064-710-5010,-,064-759-7907,-,-,-
중앙/지방(기관리스트),한국장애인고용공단,한국장애인고용공단 창원맞춤훈련센터,지점,고용노동부,준정부기관(위탁집행형),경상남도 창원시 성산구 중앙대로 107(중앙동) 5층,055-220-7200,-,055-289-7210,-,-,-
중앙/지방(기관리스트),한국장애인고용공단,한국장애인고용공단 천안아산맞춤훈련센터,지점,고용노동부,준정부기관(위탁집행형),충청남도 아산시 배방읍 희망로46번길 45-17 4층,041-537-5600,-,041-543-8268,-,-,-
중앙/지방(기관리스트),한국장애인고용공단,한국장애인고용공단 충남발달장애인훈련센터,지점,고용노동부,준정부기관(위탁집행형),충청남도 아산시 배방읍 희망로46번길 19-3 8층,041-549-6860,-,-,-,-,-
중앙/지방(기관리스트),한국장애인고용공단,한국장애인고용공단 충남지사,지점,고용노동부,준정부기관(위탁집행형),충청남도 천안시 동남구 만남로 82(신부동) 3층,041-629-6070,-,041-622-7656,-,-,-
중앙/지방(기관리스트),한국장애인고용공단,한국장애인고용공단 충북발달장애인훈련센터,지점,고용노동부,준정부기관(위탁집행형),충청북도 청주시 흥덕구 강서로 107 (강서동) BYC 강서빌딩 8층,043-279-7700,-,-,-,-,-
중앙/지방(기관리스트),한국장애인고용공단,한국장애인고용공단 충북지사,지점,고용노동부,준정부기관(위탁집행형),충청북도 청주시 흥덕구 풍산로 50(가경동) 3층,043-230-6466,-,043-234-6030,-,-,-
중앙/지방(기관리스트),한국장애인고용공단,한국장애인고용공단 판교디지털훈련센터,지점,고용노동부,준정부기관(위탁집행형),경기도 성남시 수정구 창업로 54 (시흥동) 2층,031-290-3800,-,-,-,-,-
중앙/지방(기관리스트),한국장학재단,한국장학재단,본점,교육부,준정부기관(위탁집행형),대구광역시 동구 신암로 125 (신암동) 한국장학재단 본사,1599-2000,1599-2000,-,-,-,-
중앙/지방(기관리스트),한국장학재단,한국장학재단 강원센터,지점,교육부,준정부기관(위탁집행형),강원도 춘천시 강원대학길 1(효자동) 공과대학 6호관 2층 214호,1599-2000,-,033-260-4209,-,-,-
중앙/지방(기관리스트),한국장학재단,한국장학재단 경기센터,지점,교육부,준정부기관(위탁집행형),경기도 수원시 영통구 광교산로 154-42(이의동) 경기대학교 창업보육센터 1층 104호,1599-2000,-,031-8092-8021,-,-,-
중앙/지방(기관리스트),한국장학재단,한국장학재단 광주센터,지점,교육부,준정부기관(위탁집행형),광주광역시 서구 내방로 442 (농성동) 1층,1599-2000,-,062-527-3996,-,-,-
중앙/지방(기관리스트),한국장학재단,한국장학재단 대구센터,지점,교육부,준정부기관(위탁집행형),대구광역시 중구 명륜로23길 89 (남산동) 1층,1599-2000,-,053-210-5581,-,-,-
중앙/지방(기관리스트),한국장학재단,한국장학재단 대전센터,지점,교육부,준정부기관(위탁집행형),대전광역시 중구 계룡로 843 (용두동) 1층,1599-2000,-,042-250-8799,-,-,-
중앙/지방(기관리스트),한국장학재단,한국장학재단 부산센터,지점,교육부,준정부기관(위탁집행형),부산광역시 연제구 반송로 60 (연산동) 1층,1599-2000,-,051-518-4930,-,-,-
중앙/지방(기관리스트),한국장학재단,한국장학재단 서울사무소,지점,교육부,준정부기관(위탁집행형),서울특별시 중구 통일로 10(남대문로5가) 연세세브란스빌딩 24층,1599-2000,-,-,-,-,-
중앙/지방(기관리스트),한국장학재단,한국장학재단 서울센터,지점,교육부,준정부기관(위탁집행형),서울특별시 중구 장충단로6길 54 (장충동1가) 서울센터,1599-2000,-,02-6322-8017,-,-,-
중앙/지방(기관리스트),한국장학재단,한국장학재단 전북센터,지점,교육부,준정부기관(위탁집행형),전라북도 전주시 덕진구 백제대로 567(금암동) 전북대학교 (구)정문,1599-2000,-,063-900-0510,-,-,-
중앙/지방(기관리스트),한국재정정보원,한국재정정보원,본점,기획예산처,준정부기관(위탁집행형),서울특별시 중구 후암로 110 (남대문로5가) 8~11층,02-6908-8200,1811-8822,02-2288-6200,-,-,-
중앙/지방(기관리스트),한국재정정보원,한국재정정보원 강릉 재정도움센터,지점,기획예산처,준정부기관(위탁집행형),강원도 강릉시 율곡로 2806(옥천동) 10층,02-6908-8200,-,-,-,-,-
중앙/지방(기관리스트),한국재정정보원,한국재정정보원 광주 재정도움센터,지점,기획예산처,준정부기관(위탁집행형),광주광역시 서구 천변좌로 268(양동) 30층,02-6908-8200,-,-,-,-,-
중앙/지방(기관리스트),한국재정정보원,한국재정정보원 대구 재정도움센터,지점,기획예산처,준정부기관(위탁집행형),"대구광역시 중구 달구벌대로 2095(덕산동) 10층, 14층",02-6908-8200,-,-,-,-,-
중앙/지방(기관리스트),한국재정정보원,한국재정정보원 대전 재정도움센터,지점,기획예산처,준정부기관(위탁집행형),대전광역시 중구 중앙로 69(선화동) 3층,02-690-8200,-,-,-,-,-
중앙/지방(기관리스트),한국재정정보원,한국재정정보원 부산 재정도움센터,지점,기획예산처,준정부기관(위탁집행형),부산광역시 중구 충장대로9번길 46(중앙동4가) 2층,02-6908-8200,-,-,-,-,-
중앙/지방(기관리스트),한국저작권보호원,한국저작권보호원,본점,문화체육관광부,기타공공기관,"서울특별시 마포구 월드컵북로 400 (상암동) 4층, 9층, 10층",1588-0190,-,-,-,-,-
중앙/지방(기관리스트),한국저작권보호원,한국저작권보호원 광주사무소,지점,문화체육관광부,기타공공기관,광주광역시 북구 첨단과기로208번길 43 (오룡동) 404호,062-975-6012,-,-,-,-,-
중앙/지방(기관리스트),한국저작권보호원,한국저작권보호원 대구사무소,지점,문화체육관광부,기타공공기관,대구광역시 중구 동덕로 167 (동인동2가) 11층,053-254-8884,-,-,-,-,-
중앙/지방(기관리스트),한국저작권보호원,한국저작권보호원 부산사무소,지점,문화체육관광부,기타공공기관,부산광역시 연제구 법원북로 33 (거제동) 4층,051-507-8707,-,-,-,-,-
중앙/지방(기관리스트),한국저작권위원회,한국저작권위원회,본점,문화체육관광부,기타공공기관,경상남도 진주시 소호로 117 (충무공동) 한국저작권위원회,055-792-0000,1800-5455,055-792-0069,-,-,-
중앙/지방(기관리스트),한국저작권위원회,한국저작권위원회 서울사무소,지점,문화체육관광부,기타공공기관,서울특별시 용산구 후암로 107 (동자동) 게이트웨이타워 5/16층,02-2669-0010,-,-,-,-,-
중앙/지방(기관리스트),한국전기안전공사,한국전기안전공사,본점,기후에너지환경부,준정부기관(위탁집행형),전라북도 완주군 이서면 안전로 111 한국전기안전공사,1588-7500,1588-7500,063-716-9638,-,-,-
중앙/지방(기관리스트),한국전기안전공사,한국전기안전공사 강원남부지사,지점,기후에너지환경부,준정부기관(위탁집행형),"강원특별자치도 태백시 태백로 1014 (황지동, 육성빌라) 한국전기안전공사 강원남부지사",033-902-3350,-,033-552-3441,-,-,-
중앙/지방(기관리스트),한국전기안전공사,한국전기안전공사 강원동부지사,지점,기후에너지환경부,준정부기관(위탁집행형),강원특별자치도 강릉시 유죽길 533 (죽헌동) 한국전기안전공사 강원동부지사,033-902-3100,-,033-641-9331,-,-,-
중앙/지방(기관리스트),한국전기안전공사,한국전기안전공사 강원북부지사,지점,기후에너지환경부,준정부기관(위탁집행형),강원특별자치도 속초시 동해대로 4051 (조양동) 한국전기안전공사 강원북부지사,033-902-3300,-,033-635-6188,-,-,-
중앙/지방(기관리스트),한국전기안전공사,한국전기안전공사 강원지역본부,지점,기후에너지환경부,준정부기관(위탁집행형),강원특별자치도 춘천시 칠전동길 29 (칠전동) 한국전기안전공사 강원지역본부,033-902-3000,-,033-261-0015,-,-,-
중앙/지방(기관리스트),한국전기안전공사,한국전기안전공사 경기북동부지사,지점,기후에너지환경부,준정부기관(위탁집행형),경기도 남양주시 경춘로 1288 (평내동) 한국전기안전공사 경기북동부지사,031-8030-1300,-,031-555-0308,-,-,-
중앙/지방(기관리스트),한국전기안전공사,한국전기안전공사 경기북부지역본부,지점,기후에너지환경부,준정부기관(위탁집행형),경기도 의정부시 용민로 75-19 (용현동) 한국전기안전공사 경기북부지역본부,031-8030-1100,-,031-851-5934,-,-,-
중앙/지방(기관리스트),한국전기안전공사,한국전기안전공사 경기서부지사,지점,기후에너지환경부,준정부기관(위탁집행형),경기도 안양시 만안구 안양로 111 (안양동) 한국전기안전공사 경기서부지사,031-8034-7400,-,031-391-2211,-,-,-
중앙/지방(기관리스트),한국전기안전공사,한국전기안전공사 경기중부지사,지점,기후에너지환경부,준정부기관(위탁집행형),경기도 성남시 수정구 성남대로 1197 (수진동) 한국전기안전공사 경기중부지사,031-8034-7200,-,031-757-7219,-,-,-
중앙/지방(기관리스트),한국전기안전공사,한국전기안전공사 경기지역본부,지점,기후에너지환경부,준정부기관(위탁집행형),경기도 수원시 장안구 정조로933번길 21 (영화동) 한국전기안전공사 경기지역본부,031-8034-7000,-,031-252-0590,-,-,-
중앙/지방(기관리스트),한국전기안전공사,한국전기안전공사 경남남부지사,지점,기후에너지환경부,준정부기관(위탁집행형),경상남도 통영시 원문로 33 (북신동) 한국전기안전공사 경남남부지사,055-900-3400,-,055-643-5771,-,-,-
중앙/지방(기관리스트),한국전기안전공사,한국전기안전공사 경남북부지사,지점,기후에너지환경부,준정부기관(위탁집행형),경상남도 거창군 거창읍 수남로 2155 한국전기안전공사 경남북부지사,055-900-3500,-,055-943-9024,-,-,-
중앙/지방(기관리스트),한국전기안전공사,한국전기안전공사 경남서부지사,지점,기후에너지환경부,준정부기관(위탁집행형),경상남도 진주시 동진로 255 (상대동) 한국전기안전공사 경남서부지사,055-900-1400,-,055-752-9057,-,-,-
중앙/지방(기관리스트),한국전기안전공사,한국전기안전공사 경남지역본부,지점,기후에너지환경부,준정부기관(위탁집행형),경상남도 창원시 의창구 우곡로 215 (명서동) 한국전기안전공사 경남지역본부,055-900-1200,-,055-288-0552,-,-,-
중앙/지방(기관리스트),한국전기안전공사,한국전기안전공사 경북동부지사,지점,기후에너지환경부,준정부기관(위탁집행형),경상북도 포항시 북구 죽도로40번길 8-5 (죽도동) 한국전기안전공사 경북동부지사,054-601-4100,-,054-274-4717,-,-,-
중앙/지방(기관리스트),한국전기안전공사,한국전기안전공사 경북북부지사,지점,기후에너지환경부,준정부기관(위탁집행형),경상북도 안동시 남선면 충효로 3474 한국전기안전공사 경북북부지사,054-601-4250,-,054-821-9151,-,-,-
중앙/지방(기관리스트),한국전기안전공사,한국전기안전공사 경북서부지사,지점,기후에너지환경부,준정부기관(위탁집행형),경상북도 김천시 시민로 22 (부곡동) 한국전기안전공사 경북서부지사,054-601-4200,-,054-430-2685,-,-,-
중앙/지방(기관리스트),한국전기안전공사,한국전기안전공사 경북중부지사,지점,기후에너지환경부,준정부기관(위탁집행형),경상북도 구미시 봉곡북로 71 (봉곡동) 한국전기안전공사 경북중부지사,054-601-4000,-,054-456-4460,-,-,-
중앙/지방(기관리스트),한국전기안전공사,한국전기안전공사 경주지사,지점,기후에너지환경부,준정부기관(위탁집행형),경상북도 경주시 초당길 161 (동천동) 한국전기안전공사 경주지사,054-601-4350,-,054-741-5198,-,-,-
중앙/지방(기관리스트),한국전기안전공사,한국전기안전공사 광주전남지역본부,지점,기후에너지환경부,준정부기관(위탁집행형),광주광역시 서구 경열로17번길 5 (농성동) 한국전기안전공사 광주전남지역본부,062-410-2600,-,062-511-9816,-,-,-
중앙/지방(기관리스트),한국전기안전공사,한국전기안전공사 군산지사,지점,기후에너지환경부,준정부기관(위탁집행형),전라북도 군산시 백릉로 8 (경장동) 한국전기안전공사 군산지사,063-917-4100,-,063-442-9139,-,-,-
중앙/지방(기관리스트),한국전기안전공사,한국전기안전공사 김해양산지사,지점,기후에너지환경부,준정부기관(위탁집행형),경상남도 김해시 가야로 217 (삼계동) 한국전기안전공사 김해양산지사,055-900-1300,-,055-311-6790,-,-,-
중앙/지방(기관리스트),한국전기안전공사,한국전기안전공사 남원순창지사,지점,기후에너지환경부,준정부기관(위탁집행형),전라북도 남원시 시청북1길 9 (도통동) 한국전기안전공사 남원순창지사,063-917-4250,-,063-626-1552,-,-,-
중앙/지방(기관리스트),한국전기안전공사,한국전기안전공사 대구경북지역본부,지점,기후에너지환경부,준정부기관(위탁집행형),대구광역시 동구 동북로 446 (신암동) 한국전기안전공사 대구경북지역본부,053-288-0300,-,053-939-7022,-,-,-
중앙/지방(기관리스트),한국전기안전공사,한국전기안전공사 대구서부지사,지점,기후에너지환경부,준정부기관(위탁집행형),"대구광역시 남구 대명로 86 (대명동) 승창빌딩 6,7F 한국전기안전공사 대구서부지사",053-288-0400,-,053-626-0347,-,-,-
중앙/지방(기관리스트),한국전기안전공사,한국전기안전공사 대전세종충남지역본부,지점,기후에너지환경부,준정부기관(위탁집행형),대전광역시 동구 인창로 54 (인동) 한국전기안전공사 대전세총충남지역본부,042-388-5600,-,042-285-6411,-,-,-
중앙/지방(기관리스트),한국전기안전공사,한국전기안전공사 밀양창녕지사,지점,기후에너지환경부,준정부기관(위탁집행형),경상남도 밀양시 남천강변로 17 (삼문동) 한국전기안전공사밀양창녕지사,055-900-3550,-,055-354-8327,-,-,-
중앙/지방(기관리스트),한국전기안전공사,한국전기안전공사 본사,지점,기후에너지환경부,준정부기관(위탁집행형),전라북도 완주군 이서면 안전로 111 본사,063-716-2114,-,063-716-9638,-,-,-
중앙/지방(기관리스트),한국전기안전공사,한국전기안전공사 부산동부지사,지점,기후에너지환경부,준정부기관(위탁집행형),부산광역시 남구 수영로 312 (대연동) 한국전기안전공사 부산동부지사,051-960-5400,-,051-610-0505,-,-,-
중앙/지방(기관리스트),한국전기안전공사,한국전기안전공사 부산울산지역본부,지점,기후에너지환경부,준정부기관(위탁집행형),부산광역시 중구 해관로 27 (중앙동2가) 한국전기안전공사 부산울산지역본부,051-960-5200,-,051-231-8730,-,-,-
중앙/지방(기관리스트),한국전기안전공사,한국전기안전공사 부천김포지사,지점,기후에너지환경부,준정부기관(위탁집행형),경기도 부천시 부일로 293 (상동) 한국전기안전공사 부천김포지사,032-290-7200,-,032-611-4516,-,-,-
중앙/지방(기관리스트),한국전기안전공사,한국전기안전공사 서산태안지사,지점,기후에너지환경부,준정부기관(위탁집행형),충청남도 서산시 소탐1로 97 (수석동) 한국전기안전공사 서산태안지사,041-912-3300,-,041-666-0710,-,-,-
중앙/지방(기관리스트),한국전기안전공사,한국전기안전공사 서울남부지사,지점,기후에너지환경부,준정부기관(위탁집행형),서울특별시 강남구 역삼로 120 (역삼동) 한국전기안전공사 서울남부지사,02-6488-6600,-,02-501-2159,-,-,-
중앙/지방(기관리스트),한국전기안전공사,한국전기안전공사 서울동부지사,지점,기후에너지환경부,준정부기관(위탁집행형),서울특별시 성동구 연무장7길 16 (성수동2가) 한국전기안전공사 서울동부지사,02-6488-6400,-,02-461-2893,-,-,-
중앙/지방(기관리스트),한국전기안전공사,한국전기안전공사 서울북부지사,지점,기후에너지환경부,준정부기관(위탁집행형),서울특별시 도봉구 노해로67길 14 (창동) 한국전기안전공사 서울북부지사,02-6488-6700,-,02-900-1189,-,-,-
중앙/지방(기관리스트),한국전기안전공사,한국전기안전공사 서울서부지사,지점,기후에너지환경부,준정부기관(위탁집행형),서울특별시 영등포구 당산로33길 7 (당산동3가) 한국전기안전공사 서울서부지사,02-6488-6500,-,02-2672-2226,-,-,-
중앙/지방(기관리스트),한국전기안전공사,한국전기안전공사 서울지역본부,지점,기후에너지환경부,준정부기관(위탁집행형),서울특별시 마포구 백범로 73 (신수동) 한국전기안전공사 서울지역본부,02-6488-6200,-,02-712-8521,-,-,-
중앙/지방(기관리스트),한국전기안전공사,한국전기안전공사 안산시흥지사,지점,기후에너지환경부,준정부기관(위탁집행형),경기도 안산시 단원구 광덕동로 101 (고잔동) 한국전기안전공사 안산시흥지사,031-8034-7300,-,031-405-4459,-,-,-
중앙/지방(기관리스트),한국전기안전공사,한국전기안전공사 여수지사,지점,기후에너지환경부,준정부기관(위탁집행형),전라남도 여수시 한재로 2 (여서동) 한국전기안전공사 여수지사,061-989-3200,-,061-651-4208,-,-,-
중앙/지방(기관리스트),한국전기안전공사,한국전기안전공사 영동옥천지사,지점,기후에너지환경부,준정부기관(위탁집행형),충청북도 영동군 영동읍 계산로3길 9-9 2층 한국전기안전공사 영동옥천지사,043-913-0250,-,043-744-2822,-,-,-
중앙/지방(기관리스트),한국전기안전공사,한국전기안전공사 용인지사,지점,기후에너지환경부,준정부기관(위탁집행형),경기도 용인시 처인구 중부대로 1354 (김량장동) 한국전기안전공사 용인지사,031-8034-7650,-,031-336-7394,-,-,-
중앙/지방(기관리스트),한국전기안전공사,한국전기안전공사 울산지사,지점,기후에너지환경부,준정부기관(위탁집행형),울산광역시 중구 종가로 425 (복산동) 한국전기안전공사 울산지사,052-901-5000,-,052-294-2990,-,-,-
중앙/지방(기관리스트),한국전기안전공사,한국전기안전공사 원주횡성지사,지점,기후에너지환경부,준정부기관(위탁집행형),강원특별자치도 원주시 만대로 15-1 (무실동) 한국정보통신공사협회 1층 한국전기안전공사 원주횡성지사,033-902-3200,-,033-732-8319,-,-,-
중앙/지방(기관리스트),한국전기안전공사,한국전기안전공사 이천여주지사,지점,기후에너지환경부,준정부기관(위탁집행형),경기도 이천시 경충대로 2839-17 (관고동) 한국전기안전공사 이천여주지사,031-8034-7600,-,031-635-3195,-,-,-
중앙/지방(기관리스트),한국전기안전공사,한국전기안전공사 익산지사,지점,기후에너지환경부,준정부기관(위탁집행형),전라북도 익산시 무왕로 1432 (팔봉동) 한국전기안전공사 익산지사,063-917-4200,-,063-831-1427,-,-,-
중앙/지방(기관리스트),한국전기안전공사,한국전기안전공사 인천서부지사,지점,기후에너지환경부,준정부기관(위탁집행형),인천광역시 서구 탁옥로 37 (심곡동) 한국전기안전공사 인천서부지사,032-290-7100,-,032-561-4625,-,-,-
중앙/지방(기관리스트),한국전기안전공사,한국전기안전공사 인천지역본부,지점,기후에너지환경부,준정부기관(위탁집행형),인천광역시 남동구 성말로13번길 36-9 (구월동) 한국전기안전공사 인천지역본부,032-290-7000,-,032-421-7101,-,-,-
중앙/지방(기관리스트),한국전기안전공사,한국전기안전공사 전기안전교육원,지점,기후에너지환경부,준정부기관(위탁집행형),충청남도 아산시 도고면 신통길 192-5 전기안전교육원,041-912-3400,-,041-541-6862,dogo365@kesco.or.kr,-,-
중앙/지방(기관리스트),한국전기안전공사,한국전기안전공사 전기안전연구원,지점,기후에너지환경부,준정부기관(위탁집행형),전라북도 완주군 이서면 안전로 111 연구동,063-716-2344,-,063-716-9660,-,-,-
중앙/지방(기관리스트),한국전기안전공사,한국전기안전공사 전남남부지사,지점,기후에너지환경부,준정부기관(위탁집행형),전라남도 해남군 해남읍 중앙1로 61 한국전기안전공사 전남남부지사,061-989-3150,-,061-535-2866,-,-,-
중앙/지방(기관리스트),한국전기안전공사,한국전기안전공사 전남동부지사,지점,기후에너지환경부,준정부기관(위탁집행형),전라남도 순천시 환선로 15 (동외동) 한국전기안전공사 전남동부지사,061-989-3000,-,061-741-3035,-,-,-
중앙/지방(기관리스트),한국전기안전공사,한국전기안전공사 전남서부지사,지점,기후에너지환경부,준정부기관(위탁집행형),전라남도 목포시 호남로 72 (호남동) 한국전기안전공사 전남서부지사,061-989-3100,-,061-278-0154,-,-,-
중앙/지방(기관리스트),한국전기안전공사,한국전기안전공사 전북서부지사,지점,기후에너지환경부,준정부기관(위탁집행형),전라북도 정읍시 첨단2로 119 (신정동) 한국전기안전공사 전북서부지사,063-917-4150,-,063-531-5672,-,-,-
중앙/지방(기관리스트),한국전기안전공사,한국전기안전공사 전북지역본부,지점,기후에너지환경부,준정부기관(위탁집행형),전라북도 전주시 덕진구 백제대로 795 (우아동3가) 전북지역본부,063-917-4000,-,063-241-5937,-,-,-
중앙/지방(기관리스트),한국전기안전공사,한국전기안전공사 제주지역본부,지점,기후에너지환경부,준정부기관(위탁집행형),제주특별자치도 제주시 첨단로8길 86-9 (영평동) 한국전기안전공사 제주지역본부,064-909-5400,-,064-747-2384,-,-,-
중앙/지방(기관리스트),한국전기안전공사,한국전기안전공사 제천단양지사,지점,기후에너지환경부,준정부기관(위탁집행형),충청북도 제천시 풍양로 65 (의림동) 한국전기안전공사 제천단양지사,043-913-0200,-,043-646-4553,-,-,-
중앙/지방(기관리스트),한국전기안전공사,한국전기안전공사 천안아산지사,지점,기후에너지환경부,준정부기관(위탁집행형),충청남도 천안시 동남구 충무로 504 (구성동) 한국전기안전공사 천안아산지사,041-912-3100,-,041-574-7770,-,-,-
중앙/지방(기관리스트),한국전기안전공사,한국전기안전공사 충남남부지사,지점,기후에너지환경부,준정부기관(위탁집행형),충청남도 논산시 계백로1074번길 13-2 (취암동) 한국전기안전공사 충남남부지사,041-912-3250,-,041-736-7404,-,-,-
중앙/지방(기관리스트),한국전기안전공사,한국전기안전공사 충남서부지사,지점,기후에너지환경부,준정부기관(위탁집행형),충청남도 보령시 대해로 218 (내항동) 2층 한국전기안전공사 충남서부지사,041-912-3350,-,041-936-9894,-,-,-
중앙/지방(기관리스트),한국전기안전공사,한국전기안전공사 충남중부지사,지점,기후에너지환경부,준정부기관(위탁집행형),충청남도 예산군 오가면 윤봉길로 1889 한국전기안전공사 충남중부지사,041-912-3200,-,041-335-9965,-,-,-
중앙/지방(기관리스트),한국전기안전공사,한국전기안전공사 충북지역본부,지점,기후에너지환경부,준정부기관(위탁집행형),충청북도 청주시 청원구 공항로138번길 11 (율량동) 한국전기안전공사 충북지역본부,043-913-0000,-,043-211-4261,-,-,-
중앙/지방(기관리스트),한국전기안전공사,한국전기안전공사 충주음성지사,지점,기후에너지환경부,준정부기관(위탁집행형),충청북도 충주시 목행산단3로 33 (목행동) 한국전기안전공사 충주음성지사,043-913-0100,-,043-855-1304,-,-,-
중앙/지방(기관리스트),한국전기안전공사,한국전기안전공사 파주고양지사,지점,기후에너지환경부,준정부기관(위탁집행형),"경기도 파주시 금바위로 36 (와동동) 파주운정우체국 2,3층 한국전기안전공사 파주고양지사",031-8030-1200,-,031-945-7737,-,-,-
중앙/지방(기관리스트),한국전기안전공사,한국전기안전공사 평택안성지사,지점,기후에너지환경부,준정부기관(위탁집행형),경기도 평택시 비전2로 79 (비전동) 4층 한국전기안전공사 평택안성지사,031-8034-7500,-,031-651-4876,-,-,-
중앙/지방(기관리스트),한국전력거래소,한국전력거래소,본점,기후에너지환경부,준정부기관(위탁집행형),전라남도 나주시 빛가람로 625(빛가람동) 한국전력거래소,061-330-8100,-,061-330-8199,kpcrm@kpx.or.kr,-,-
중앙/지방(기관리스트),한국전력거래소,한국전력거래소 경인지사,지점,기후에너지환경부,준정부기관(위탁집행형),경기도 의왕시 안양판교로 87(포일동) 한국전력거래소 경인지사,031-467-7912,-,031-467-7909,-,-,-
중앙/지방(기관리스트),한국전력거래소,한국전력거래소 제주본부,지점,기후에너지환경부,준정부기관(위탁집행형),제주특별자치도 제주시 오라남로 81(오라이동) 한국전력거래소 제주본부,064-741-1211,-,064-741-1219,-,-,-
중앙/지방(기관리스트),한국전력공사,한국전력공사,본점,기후에너지환경부,공기업(시장형),전라남도 나주시 전력로 55 (빛가람동) 한국전력공사,123,123,-,-,-,-
중앙/지방(기관리스트),한국전력공사,한국전력공사 강원본부 강릉전력지사,지점,기후에너지환경부,공기업(시장형),강원도 강릉시 회산로408번길 17 (홍제동) 한국전력공사 강원지역본부 강릉전력지사,033-640-8351,-,-,-,-,-
중앙/지방(기관리스트),한국전력공사,한국전력공사 강원본부 강릉지사,지점,기후에너지환경부,공기업(시장형),강원도 강릉시 강릉대로 563 (포남동) 한국전력공사 강원지역본부 강릉특별지사,033-650-1211,-,-,-,-,-
중앙/지방(기관리스트),한국전력공사,한국전력공사 강원본부 고성지사,지점,기후에너지환경부,공기업(시장형),강원도 고성군 간성읍 수성로 2 한국전력공사 강원지역본부 고성지사,033-680-1231,-,-,-,-,-
중앙/지방(기관리스트),한국전력공사,한국전력공사 강원본부 동해전력지사,지점,기후에너지환경부,공기업(시장형),강원도 동해시 동해대로 5223 (지흥동) 한국전력공사 강원지역본부 동해전력지사,033-530-5351,-,-,-,-,-
중앙/지방(기관리스트),한국전력공사,한국전력공사 강원본부 동해지사,지점,기후에너지환경부,공기업(시장형),강원도 동해시 천곡로 23 (천곡동) 한국전력공사 강원지역본부 동해지사,033-530-6231,-,-,-,-,-
중앙/지방(기관리스트),한국전력공사,한국전력공사 강원본부 삼척지사,지점,기후에너지환경부,공기업(시장형),강원도 삼척시 오십천로 559 (정상동) 한국전력공사 강원지역본부 삼척지사,033-570-2231,-,-,-,-,-
중앙/지방(기관리스트),한국전력공사,한국전력공사 강원본부 속초지사,지점,기후에너지환경부,공기업(시장형),강원도 속초시 장안로 11 (동명동) 한국전력공사 강원지역본부 속초지사,033-639-4231,-,-,-,-,-
중앙/지방(기관리스트),한국전력공사,한국전력공사 강원본부 양구지사,지점,기후에너지환경부,공기업(시장형),강원도 양구군 양구읍 비봉로73번길 15 한국전력공사 강원지역본부 양구지사,033-480-1231,-,-,-,-,-
중앙/지방(기관리스트),한국전력공사,한국전력공사 강원본부 양양지사,지점,기후에너지환경부,공기업(시장형),강원도 양양군 양양읍 복개길 23-9 한국전력공사 강원지역본부 양양지사,033-670-1231,-,-,-,-,-
중앙/지방(기관리스트),한국전력공사,한국전력공사 강원본부 영월지사,지점,기후에너지환경부,공기업(시장형),강원도 영월군 영월읍 중앙로 239 한국전력공사 강원지역본부 영월지사,033-370-4231,-,-,-,-,-
중앙/지방(기관리스트),한국전력공사,한국전력공사 강원본부 원주전력지사,지점,기후에너지환경부,공기업(시장형),강원도 원주시 호저면 감박산길 11 한국전력공사 강원지역본부 원주전력지사,033-741-5351,-,-,-,-,-
중앙/지방(기관리스트),한국전력공사,한국전력공사 강원본부 원주지사,지점,기후에너지환경부,공기업(시장형),강원도 원주시 우산로 122 (우산동) 한국전력공사 강원지역본부 원주지사,033-741-4211,-,-,-,-,-
중앙/지방(기관리스트),한국전력공사,한국전력공사 강원본부 인제지사,지점,기후에너지환경부,공기업(시장형),강원도 인제군 인제읍 인제로 135 한국전력공사 강원지역본부 인제지사,033-460-1231,-,-,-,-,-
중앙/지방(기관리스트),한국전력공사,한국전력공사 강원본부 전력관리처,지점,기후에너지환경부,공기업(시장형),강원도 춘천시 후석로 304 (후평동) 부림빌딩 3~5층,033-259-2571,-,-,-,-,-
중앙/지방(기관리스트),한국전력공사,한국전력공사 강원본부 정선지사,지점,기후에너지환경부,공기업(시장형),강원도 정선군 정선읍 정선로 1219 한국전력공사 강원지역본부 정선지사,033-560-3231,-,-,-,-,-
중앙/지방(기관리스트),한국전력공사,한국전력공사 강원본부 직할,지점,기후에너지환경부,공기업(시장형),"강원도 춘천시 수풍골길 7 (후평동, 한국전력공사 강원지역본부) 한국전력공사 강원지역본부",033-259-2321,-,-,-,-,-
중앙/지방(기관리스트),한국전력공사,한국전력공사 강원본부 철원지사,지점,기후에너지환경부,공기업(시장형),강원도 철원군 갈말읍 명성로179번길 43 한국전력공사 강원지역본부 철원지사,033-450-1231,-,-,-,-,-
중앙/지방(기관리스트),한국전력공사,한국전력공사 강원본부 태백전력지사,지점,기후에너지환경부,공기업(시장형),강원도 태백시 반딧불길 44 (황지동) 한국전력공사 강원지역본부 태백전력지사,033-550-3351,-,-,-,-,-
중앙/지방(기관리스트),한국전력공사,한국전력공사 강원본부 태백지사,지점,기후에너지환경부,공기업(시장형),강원도 태백시 반딧불길 7 (황지동) 한국전력공사 강원지역본부 태백지사,033-550-4231,-,-,-,-,-
중앙/지방(기관리스트),한국전력공사,한국전력공사 강원본부 평창지사,지점,기후에너지환경부,공기업(시장형),강원도 평창군 평창읍 노람들1길 2 한국전력공사 강원지역본부 평창지사,033-330-4231,-,-,-,-,-
중앙/지방(기관리스트),한국전력공사,한국전력공사 강원본부 홍천지사,지점,기후에너지환경부,공기업(시장형),강원도 홍천군 홍천읍 무궁화로 81 한국전력공사 강원지역본부 홍천지사,033-430-3231,-,-,-,-,-
중앙/지방(기관리스트),한국전력공사,한국전력공사 강원본부 화천지사,지점,기후에너지환경부,공기업(시장형),강원도 화천군 화천읍 산수화로 53 한국전력공사 강원지역본부 화천지사,033-440-1231,-,-,-,-,-
중앙/지방(기관리스트),한국전력공사,한국전력공사 강원본부 횡성지사,지점,기후에너지환경부,공기업(시장형),강원도 횡성군 횡성읍 교항로 9 한국전력공사 강원지역본부 횡성지사,033-340-4231,-,-,-,-,-
중앙/지방(기관리스트),한국전력공사,한국전력공사 경기건설지사,지점,기후에너지환경부,공기업(시장형),경기도 수원시 영통구 창룡대로 236-31 (이의동) 경기건설지사,031-230-4320,-,-,-,-,-
중앙/지방(기관리스트),한국전력공사,한국전력공사 경기본부 광명지사,지점,기후에너지환경부,공기업(시장형),경기도 광명시 철산로 3-13 (철산동) 광명지사,02-2680-3210,-,-,-,-,-
중앙/지방(기관리스트),한국전력공사,한국전력공사 경기본부 광주지사,지점,기후에너지환경부,공기업(시장형),경기도 광주시 역동로 13 (역동) 한국전력공사 광주지사,031-760-5211,-,-,-,-,-
중앙/지방(기관리스트),한국전력공사,한국전력공사 경기본부 군포전력지사,지점,기후에너지환경부,공기업(시장형),경기도 군포시 송부로 12-73 (도마교동) 군포전력지사,031-400-2353,-,-,-,-,-
중앙/지방(기관리스트),한국전력공사,한국전력공사 경기본부 동부전력지사,지점,기후에너지환경부,공기업(시장형),경기도 광주시 순암로 150 (중대동) 동부전력지사,031-8026-3360,-,-,-,-,-
중앙/지방(기관리스트),한국전력공사,한국전력공사 경기본부 동용인지사,지점,기후에너지환경부,공기업(시장형),경기도 용인시 처인구 금령로78번길 5 (김량장동) 동용인지사,031-330-2211,-,-,-,-,-
중앙/지방(기관리스트),한국전력공사,한국전력공사 경기본부 서수원지사,지점,기후에너지환경부,공기업(시장형),경기도 수원시 권선구 호매실로 46-82 (탑동) 서수원지사,031-228-9211,-,-,-,-,-
중앙/지방(기관리스트),한국전력공사,한국전력공사 경기본부 서용인지사,지점,기후에너지환경부,공기업(시장형),경기도 용인시 기흥구 민속촌로 6 (보라동) 서용인지사,031-8065-7211,-,-,-,-,-
중앙/지방(기관리스트),한국전력공사,한국전력공사 경기본부 서평택지사,지점,기후에너지환경부,공기업(시장형),경기도 평택시 청북읍 청북남로 253 서평택지사,031-8054-6212,-,-,-,-,-
중앙/지방(기관리스트),한국전력공사,한국전력공사 경기본부 성남전력지사,지점,기후에너지환경부,공기업(시장형),경기도 성남시 분당구 석운로 300 (석운동) 성남전력지사,031-780-0351,-,-,-,-,-
중앙/지방(기관리스트),한국전력공사,한국전력공사 경기본부 성남지사,지점,기후에너지환경부,공기업(시장형),경기도 성남시 수정구 제일로 202 (태평동) 성남지사,031-750-3211,-,-,-,-,-
중앙/지방(기관리스트),한국전력공사,한국전력공사 경기본부 안산지사,지점,기후에너지환경부,공기업(시장형),경기도 안산시 단원구 원고잔로 25 (고잔동) 안산지사,031-412-6211,-,-,-,-,-
중앙/지방(기관리스트),한국전력공사,한국전력공사 경기본부 안성지사,지점,기후에너지환경부,공기업(시장형),경기도 안성시 내혜홀1길 14 (석정동) 안성지사,031-670-2211,-,-,-,-,-
중앙/지방(기관리스트),한국전력공사,한국전력공사 경기본부 안양지사,지점,기후에너지환경부,공기업(시장형),경기도 안양시 동안구 귀인로 59 (호계동) 안양지사,031-450-2211,-,-,-,-,-
중앙/지방(기관리스트),한국전력공사,한국전력공사 경기본부 여주지사,지점,기후에너지환경부,공기업(시장형),경기도 여주시 세종로 93 (홍문동) 여주지사,031-880-2211,-,-,-,-,-
중앙/지방(기관리스트),한국전력공사,한국전력공사 경기본부 오산지사,지점,기후에너지환경부,공기업(시장형),경기도 오산시 남부대로 334 (원동) 오산지사,031-370-2211,-,-,-,-,-
중앙/지방(기관리스트),한국전력공사,한국전력공사 경기본부 이천지사,지점,기후에너지환경부,공기업(시장형),경기도 이천시 이섭대천로 1264 (창전동) 이천지사,031-630-7211,-,-,-,-,-
중앙/지방(기관리스트),한국전력공사,한국전력공사 경기본부 전력관리처,지점,기후에너지환경부,공기업(시장형),경기도 의정부시 용민로19번길 80 (용현동) 전력관리처,031-849-1572,-,-,-,-,-
중앙/지방(기관리스트),한국전력공사,한국전력공사 경기본부 직할,지점,기후에너지환경부,공기업(시장형),경기도 수원시 팔달구 중부대로 120 (인계동) 경기지역본부,031-230-8331,-,-,-,-,-
중앙/지방(기관리스트),한국전력공사,한국전력공사 경기본부 평택전력지사,지점,기후에너지환경부,공기업(시장형),"경기도 평택시 탄현로 251-8 (신장동, 동영 센트럴타워) 평택전력지사",031-230-8767,-,-,-,-,-
중앙/지방(기관리스트),한국전력공사,한국전력공사 경기본부 평택지사,지점,기후에너지환경부,공기업(시장형),경기도 평택시 중앙로 219 (비전동) 평택지사,031-650-4211,-,-,-,-,-
중앙/지방(기관리스트),한국전력공사,한국전력공사 경기본부 하남지사,지점,기후에너지환경부,공기업(시장형),경기도 하남시 검단산로 233 (창우동) 하남지사,031-790-2212,-,-,-,-,-
중앙/지방(기관리스트),한국전력공사,한국전력공사 경기본부 화성지사,지점,기후에너지환경부,공기업(시장형),경기도 화성시 마도면 마도북로 403 화성지사,031-369-1211,-,-,-,-,-
중앙/지방(기관리스트),한국전력공사,한국전력공사 경기북부본부 가평지사,지점,기후에너지환경부,공기업(시장형),경기도 가평군 가평읍 가화로 169-11 가평지사,031-580-9231,-,-,-,-,-
중앙/지방(기관리스트),한국전력공사,한국전력공사 경기북부본부 고양전력지사,지점,기후에너지환경부,공기업(시장형),"경기도 고양시 덕양구 호국로 803 (주교동, 세창아파트) 고양전력지사",031-934-2351,-,-,-,-,-
중앙/지방(기관리스트),한국전력공사,한국전력공사 경기북부본부 고양지사,지점,기후에너지환경부,공기업(시장형),경기도 고양시 일산동구 장백로 39 (백석동) 고양지사,031-920-4211,-,-,-,-,-
중앙/지방(기관리스트),한국전력공사,한국전력공사 경기북부본부 구리전력지사,지점,기후에너지환경부,공기업(시장형),경기도 구리시 안골로 31 (교문동) 구리전력지사,031-579-7321,-,-,-,-,-
중앙/지방(기관리스트),한국전력공사,한국전력공사 경기북부본부 구리지사,지점,기후에너지환경부,공기업(시장형),경기도 구리시 안골로 31 (교문동) 구리지사,031-560-3211,-,-,-,-,-
중앙/지방(기관리스트),한국전력공사,한국전력공사 경기북부본부 남양주지사,지점,기후에너지환경부,공기업(시장형),경기도 남양주시 경춘로 953 (금곡동) 남양주지사,031-570-9231,-,-,-,-,-
중앙/지방(기관리스트),한국전력공사,한국전력공사 경기북부본부 동두천지사,지점,기후에너지환경부,공기업(시장형),경기도 동두천시 평화로 2262 (지행동) 동두천지사,031-860-8231,-,-,-,-,-
중앙/지방(기관리스트),한국전력공사,한국전력공사 경기북부본부 양평지사,지점,기후에너지환경부,공기업(시장형),경기도 양평군 강상면 강남로 933 양평지사,031-770-1211,-,-,-,-,-
중앙/지방(기관리스트),한국전력공사,한국전력공사 경기북부본부 연천지사,지점,기후에너지환경부,공기업(시장형),경기도 연천군 전곡읍 전곡로 15 연천지사,031-839-3231,-,-,-,-,-
중앙/지방(기관리스트),한국전력공사,한국전력공사 경기북부본부 직할,지점,기후에너지환경부,공기업(시장형),경기도 의정부시 용민로19번길 80 (용현동) 경기북부지역본부,031-849-1321,-,-,-,-,-
중앙/지방(기관리스트),한국전력공사,한국전력공사 경기북부본부 파주지사,지점,기후에너지환경부,공기업(시장형),경기도 파주시 중앙로 236 (금촌동) 파주지사,031-940-2211,-,-,-,-,-
중앙/지방(기관리스트),한국전력공사,한국전력공사 경기북부본부 포천지사,지점,기후에너지환경부,공기업(시장형),경기도 포천시 원모루로 12 (신읍동) 포천지사,031-539-0211,-,-,-,-,-
중앙/지방(기관리스트),한국전력공사,한국전력공사 경남본부 거제지사,지점,기후에너지환경부,공기업(시장형),경상남도 거제시 서문로3길 21 (고현동) 거제지사,055-630-2211,-,-,-,-,-
중앙/지방(기관리스트),한국전력공사,한국전력공사 경남본부 거창지사,지점,기후에너지환경부,공기업(시장형),경상남도 거창군 거창읍 강남로 246 거창지사,055-940-2211,-,-,-,-,-
중앙/지방(기관리스트),한국전력공사,한국전력공사 경남본부 남해지사,지점,기후에너지환경부,공기업(시장형),경상남도 남해군 남해읍 남해대로 2962 남해지사,055-860-2211,-,-,-,-,-
중앙/지방(기관리스트),한국전력공사,한국전력공사 경남본부 마산지사,지점,기후에너지환경부,공기업(시장형),경상남도 창원시 마산회원구 3·15대로 966 (구암동) 마산지사,055-290-2211,-,-,-,-,-
중앙/지방(기관리스트),한국전력공사,한국전력공사 경남본부 밀양지사,지점,기후에너지환경부,공기업(시장형),경상남도 밀양시 가곡7길 30 (가곡동) 밀양지사,055-350-2211,-,-,-,-,-
중앙/지방(기관리스트),한국전력공사,한국전력공사 경남본부 사천지사,지점,기후에너지환경부,공기업(시장형),경상남도 사천시 동금6길 28 (동금동) 사천지사,055-830-3211,-,-,-,-,-
중앙/지방(기관리스트),한국전력공사,한국전력공사 경남본부 산청지사,지점,기후에너지환경부,공기업(시장형),경상남도 산청군 산청읍 웅석봉로 45 산청지사,055-970-4211,-,-,-,-,-
중앙/지방(기관리스트),한국전력공사,한국전력공사 경남본부 의령지사,지점,기후에너지환경부,공기업(시장형),경상남도 의령군 의령읍 의병로 181 의령지사,055-570-3211,-,-,-,-,-
중앙/지방(기관리스트),한국전력공사,한국전력공사 경남본부 전력관리처,지점,기후에너지환경부,공기업(시장형),경상남도 창원시 성산구 중앙대로210번길 13(신월동) 전력관리처,055-717-2321,-,-,-,-,-
중앙/지방(기관리스트),한국전력공사,한국전력공사 경남본부 직할,지점,기후에너지환경부,공기업(시장형),경상남도 창원시 성산구 중앙대로210번길 13(신월동) 직할,055-717-2321,-,-,-,-,-
중앙/지방(기관리스트),한국전력공사,한국전력공사 경남본부 진주전력지사,지점,기후에너지환경부,공기업(시장형),경상남도 진주시 도동로135번길 6 (상대동) 진주전력지사,055-760-6353,-,-,-,-,-
중앙/지방(기관리스트),한국전력공사,한국전력공사 경남본부 진주지사,지점,기후에너지환경부,공기업(시장형),경상남도 진주시 동진로 279 (상대동) 진주지사,055-750-3211,-,-,-,-,-
중앙/지방(기관리스트),한국전력공사,한국전력공사 경남본부 진해지사,지점,기후에너지환경부,공기업(시장형),경상남도 창원시 진해구 여좌천로 122 (여좌동) 진해지사,055-540-2211,-,-,-,-,-
중앙/지방(기관리스트),한국전력공사,한국전력공사 경남본부 창녕지사,지점,기후에너지환경부,공기업(시장형),경상남도 창녕군 창녕읍 남창녕로 71 창녕지사,055-530-3211,-,-,-,-,-
중앙/지방(기관리스트),한국전력공사,한국전력공사 경남본부 통영전력지사,지점,기후에너지환경부,공기업(시장형),경상남도 통영시 통영해안로 436 (정량동) 통영전력지사,055-650-7351,-,-,-,-,-
중앙/지방(기관리스트),한국전력공사,한국전력공사 경남본부 통영지사,지점,기후에너지환경부,공기업(시장형),경상남도 통영시 광도면 죽림2로 25-40 통영지사,055-640-2211,-,-,-,-,-
중앙/지방(기관리스트),한국전력공사,한국전력공사 경남본부 하동지사,지점,기후에너지환경부,공기업(시장형),경상남도 하동군 하동읍 경서대로 83 하동지사,055-880-5211,-,-,-,-,-
중앙/지방(기관리스트),한국전력공사,한국전력공사 경남본부 함안전력지사,지점,기후에너지환경부,공기업(시장형),경상남도 함안군 칠원읍 석전5길 7-52 함안전력지사,055-589-5353,-,-,-,-,-
중앙/지방(기관리스트),한국전력공사,한국전력공사 경남본부 함안지사,지점,기후에너지환경부,공기업(시장형),경상남도 함안군 가야읍 함마대로 1490 함안지사,055-580-4211,-,-,-,-,-
중앙/지방(기관리스트),한국전력공사,한국전력공사 경남본부 함양지사,지점,기후에너지환경부,공기업(시장형),경상남도 함양군 함양읍 함양로 1207 함양지사,055-960-2211,-,-,-,-,-
중앙/지방(기관리스트),한국전력공사,한국전력공사 경남본부 합천지사,지점,기후에너지환경부,공기업(시장형),경상남도 합천군 합천읍 대야로 921 합천지사,055-930-2211,-,-,-,-,-
중앙/지방(기관리스트),한국전력공사,한국전력공사 경북본부 구미전력지사,지점,기후에너지환경부,공기업(시장형),경상북도 구미시 산동면 적림3길 60-5 구미전력지사,054-479-9351,-,-,-,-,-
중앙/지방(기관리스트),한국전력공사,한국전력공사 경북본부 구미지사,지점,기후에너지환경부,공기업(시장형),경상북도 구미시 백산로 166 (송정동) 한국전력공사 구미지사,054-450-2225,-,-,-,-,-
중앙/지방(기관리스트),한국전력공사,한국전력공사 경북본부 문경지사,지점,기후에너지환경부,공기업(시장형),경상북도 문경시 모전로 75 (모전동) 한국전력공사 문경지사,054-550-2230,-,-,-,-,-
중앙/지방(기관리스트),한국전력공사,한국전력공사 경북본부 상주지사,지점,기후에너지환경부,공기업(시장형),경상북도 상주시 경상대로 3051-19 (무양동) 한국전력공사 상주지사,054-530-2221,-,-,-,-,-
중앙/지방(기관리스트),한국전력공사,한국전력공사 경북본부 영양지사,지점,기후에너지환경부,공기업(시장형),경상북도 영양군 영양읍 중앙로 65-5 한국전력공사 울진지사,054-680-4230,-,-,-,-,-
중앙/지방(기관리스트),한국전력공사,한국전력공사 경북본부 영주전력지사,지점,기후에너지환경부,공기업(시장형),경상북도 영주시 장수면 충효로 2119 영주전력지사,054-630-3351,-,-,-,-,-
중앙/지방(기관리스트),한국전력공사,한국전력공사 경북본부 영주지사,지점,기후에너지환경부,공기업(시장형),경상북도 영주시 구성로 370 (영주동) 한국전력공사 영주지사,054-630-2211,-,-,-,-,-
중앙/지방(기관리스트),한국전력공사,한국전력공사 경북본부 예천지사,지점,기후에너지환경부,공기업(시장형),경상북도 예천군 예천읍 효자로 170 한국전력공사 예천지사,054-650-2230,-,-,-,-,-
중앙/지방(기관리스트),한국전력공사,한국전력공사 경북본부 전력관리처,지점,기후에너지환경부,공기업(시장형),경상북도 안동시 경북대로 325 (태화동) 전력관리처,054-805-6524,-,-,-,-,-
중앙/지방(기관리스트),한국전력공사,한국전력공사 경북본부 직할,지점,기후에너지환경부,공기업(시장형),경상북도 안동시 강남1길 9 (정하동) 한국전력공사 경북지역본부 직할,054-850-2321,-,-,-,-,-
중앙/지방(기관리스트),한국전력공사,한국전력공사 경북지사 군위지사,지점,기후에너지환경부,공기업(시장형),경상북도 군위군 군위읍 동서길 22 군위지사,054-380-2230,-,-,-,-,-
중앙/지방(기관리스트),한국전력공사,한국전력공사 경북지사 봉화지사,지점,기후에너지환경부,공기업(시장형),경상북도 봉화군 봉화읍 내성로 42 봉화지사,054-679-2230,-,-,-,-,-
중앙/지방(기관리스트),한국전력공사,한국전력공사 경북지사 울진지사,지점,기후에너지환경부,공기업(시장형),경상북도 울진군 울진읍 울진북로 447 한국전력공사 울진지사,054-780-3230,-,-,-,-,-
중앙/지방(기관리스트),한국전력공사,한국전력공사 경북지사 의성지사,지점,기후에너지환경부,공기업(시장형),경상북도 의성군 의성읍 경북대로 5644-9 한국전력공사 의성지사,054-830-2231,-,-,-,-,-
중앙/지방(기관리스트),한국전력공사,한국전력공사 경북지사 청송지사,지점,기후에너지환경부,공기업(시장형),경상북도 청송군 청송읍 중앙로 205 청송지사,054-870-4230,-,-,-,-,-
중앙/지방(기관리스트),한국전력공사,한국전력공사 경인건설본부,지점,기후에너지환경부,공기업(시장형),서울특별시 중구 퇴계로 140 (남산동3가) 경인건설본부,02-2096-4321,-,-,-,-,-
중앙/지방(기관리스트),한국전력공사,한국전력공사 광주전남본부 강진전력지사,지점,기후에너지환경부,공기업(시장형),전라남도 강진군 성전면 무위사로 156-48 한국전력공사 광주전남지역본부 강진전력지사,061-430-2353,-,-,-,-,-
중앙/지방(기관리스트),한국전력공사,한국전력공사 광주전남본부 강진지사,지점,기후에너지환경부,공기업(시장형),전라남도 강진군 강진읍 목리길 50 한국전력공사 강진지사,061-430-2210,-,-,-,-,-
중앙/지방(기관리스트),한국전력공사,한국전력공사 광주전남본부 고흥지사,지점,기후에너지환경부,공기업(시장형),전라남도 고흥군 고흥읍 고흥로 1887 한국전력공사 고흥지사,061-830-1211,-,-,-,-,-
중앙/지방(기관리스트),한국전력공사,한국전력공사 광주전남본부 곡성지사,지점,기후에너지환경부,공기업(시장형),전라남도 곡성군 곡성읍 곡성로 795 한국전력공사 곡성지사,061-360-1210,-,-,-,-,-
중앙/지방(기관리스트),한국전력공사,한국전력공사 광주전남본부 광산지사,지점,기후에너지환경부,공기업(시장형),광주광역시 광산구 소촌로 3 (소촌동) 한국전력공사 광산지사,062-940-3211,-,-,-,-,-
중앙/지방(기관리스트),한국전력공사,한국전력공사 광주전남본부 광양지사,지점,기후에너지환경부,공기업(시장형),전라남도 광양시 중동로 20 (중동) 한국전력공사 광양지사,061-798-4210,-,-,-,-,-
중앙/지방(기관리스트),한국전력공사,한국전력공사 광주전남본부 광주전력지사,지점,기후에너지환경부,공기업(시장형),광주광역시 북구 장운길 130 (장등동) 한국전력공사 광주전남지역본부 광주전력지사,062-260-4361,-,-,-,-,-
중앙/지방(기관리스트),한국전력공사,한국전력공사 광주전남본부 구례지사,지점,기후에너지환경부,공기업(시장형),전라남도 구례군 구례읍 구례로 397 한국전력공사 구례지사,061-780-1210,-,-,-,-,-
중앙/지방(기관리스트),한국전력공사,한국전력공사 광주전남본부 나주지사,지점,기후에너지환경부,공기업(시장형),전라남도 나주시 왕건길 53 (송월동) 한국전력공사 나주지사,061-330-2221,-,-,-,-,-
중앙/지방(기관리스트),한국전력공사,한국전력공사 광주전남본부 담양지사,지점,기후에너지환경부,공기업(시장형),전라남도 담양군 담양읍 무정로 25 한국전력공사 담양지사,061-380-0210,-,-,-,-,-
중앙/지방(기관리스트),한국전력공사,한국전력공사 광주전남본부 목포전력지사,지점,기후에너지환경부,공기업(시장형),전라남도 무안군 삼향읍 후광대로 282 한국전력공사 광주전남지역본부 목포전력지사,061-989-3351,-,-,-,-,-
중앙/지방(기관리스트),한국전력공사,한국전력공사 광주전남본부 목포지사,지점,기후에너지환경부,공기업(시장형),전라남도 목포시 삼학로 370 (용해동) 한국전력공사 목포지사,061-270-2221,-,-,-,-,-
중앙/지방(기관리스트),한국전력공사,한국전력공사 광주전남본부 무안지사,지점,기후에너지환경부,공기업(시장형),전라남도 무안군 무안읍 무안중앙로 76-1 한국전력공사 무안지사,061-450-0210,-,-,-,-,-
중앙/지방(기관리스트),한국전력공사,한국전력공사 광주전남본부 보성지사,지점,기후에너지환경부,공기업(시장형),전라남도 보성군 보성읍 송재로 53 한국전력공사 보성지사,061-850-2210,-,-,-,-,-
중앙/지방(기관리스트),한국전력공사,한국전력공사 광주전남본부 서광주지사,지점,기후에너지환경부,공기업(시장형),광주광역시 서구 경열로 39 (농성동) 한국전력공사 서광주지사,062-360-6211,-,-,-,-,-
중앙/지방(기관리스트),한국전력공사,한국전력공사 광주전남본부 순천전력지사,지점,기후에너지환경부,공기업(시장형),전라남도 순천시 우명길 9 (조례동) 한국전력공사 광주전남지역본부 순천전력지사,061-740-3312,-,-,-,-,-
중앙/지방(기관리스트),한국전력공사,한국전력공사 광주전남본부 순천지사,지점,기후에너지환경부,공기업(시장형),전라남도 순천시 순천대2길 13 (석현동) 한국전력공사 순천지사,061-750-2221,-,-,-,-,-
중앙/지방(기관리스트),한국전력공사,한국전력공사 광주전남본부 신안지사,지점,기후에너지환경부,공기업(시장형),전라남도 신안군 안좌면 안좌동부길 836 한국전력공사 신안지사,061-260-6210,-,-,-,-,-
중앙/지방(기관리스트),한국전력공사,한국전력공사 광주전남본부 여수지사,지점,기후에너지환경부,공기업(시장형),전라남도 여수시 좌수영로 416 (미평동) 한국전력공사 여수지사,061-650-2211,-,-,-,-,-
중앙/지방(기관리스트),한국전력공사,한국전력공사 광주전남본부 영광지사,지점,기후에너지환경부,공기업(시장형),전라남도 영광군 영광읍 천년로 1464 한국전력공사 영광지사,061-350-2210,-,-,-,-,-
중앙/지방(기관리스트),한국전력공사,한국전력공사 광주전남본부 영암지사,지점,기후에너지환경부,공기업(시장형),전라남도 영암군 영암읍 영암로 1531-10 한국전력공사 영암지사,061-470-3210,-,-,-,-,-
중앙/지방(기관리스트),한국전력공사,한국전력공사 광주전남본부 완도지사,지점,기후에너지환경부,공기업(시장형),전라남도 완도군 완도읍 개포로62번길 6 한국전력공사 완도지사,061-550-0210,-,-,-,-,-
중앙/지방(기관리스트),한국전력공사,한국전력공사 광주전남본부 장성지사,지점,기후에너지환경부,공기업(시장형),전라남도 장성군 장성읍 보해길 30 한국전력공사 장성지사,061-390-6210,-,-,-,-,-
중앙/지방(기관리스트),한국전력공사,한국전력공사 광주전남본부 장흥지사,지점,기후에너지환경부,공기업(시장형),전라남도 장흥군 장흥읍 중앙로 24 한국전력공사 장흥지사,061-860-2210,-,-,-,-,-
중앙/지방(기관리스트),한국전력공사,한국전력공사 광주전남본부 전력관리처,지점,기후에너지환경부,공기업(시장형),광주광역시 서구 상무대로 1104 (농성동) 한국전력공사 광주전남지역본부 전력관리처,062-260-5611,-,-,-,-,-
중앙/지방(기관리스트),한국전력공사,한국전력공사 광주전남본부 직할,지점,기후에너지환경부,공기업(시장형),광주광역시 북구 우치로 222 (오치동) 한국전력공사 광주전남지역본부,062-260-5321,-,062-260-5214,s123456@kepco.co.kr,-,-
중앙/지방(기관리스트),한국전력공사,한국전력공사 광주전남본부 진도지사,지점,기후에너지환경부,공기업(시장형),전라남도 진도군 진도읍 남동1길 25-1 한국전력공사  진도지사,061-540-2210,-,-,-,-,-
중앙/지방(기관리스트),한국전력공사,한국전력공사 광주전남본부 함평지사,지점,기후에너지환경부,공기업(시장형),전라남도 함평군 함평읍 서부길 41-14 한국전력공사 함평지사,061-320-0210,-,-,-,-,-
중앙/지방(기관리스트),한국전력공사,한국전력공사 광주전남본부 해남지사,지점,기후에너지환경부,공기업(시장형),전라남도 해남군 해남읍 북부순환로 5 한국전력공사 해남지사,061-530-2221,-,-,-,-,-
중앙/지방(기관리스트),한국전력공사,한국전력공사 광주전남본부 화순지사,지점,기후에너지환경부,공기업(시장형),전라남도 화순군 화순읍 충의로 11 한국전력공사 화순지사,061-370-0210,-,-,-,-,-
중앙/지방(기관리스트),한국전력공사,한국전력공사 남부건설본부,지점,기후에너지환경부,공기업(시장형),부산광역시 서구 보수대로 21 (토성동1가) 한전 남부건설본부,051-240-9321,-,-,-,-,-
중앙/지방(기관리스트),한국전력공사,한국전력공사 남부건설본부 대구경북건설지사,지점,기후에너지환경부,공기업(시장형),대구광역시 중구 공평로 96 (동인동1가) 한국전력 대구경북건설지사,053-722-3311,-,-,-,-,-
중앙/지방(기관리스트),한국전력공사,한국전력공사 남서울본부 강남전력지사,지점,기후에너지환경부,공기업(시장형),서울특별시 서초구 효령로72길 60 (서초동) 한전아트센터 10층 한전 강남전력지사,02-3496-9321,-,-,-,-,-
중앙/지방(기관리스트),한국전력공사,한국전력공사 남서울본부 강남지사,지점,기후에너지환경부,공기업(시장형),"서울특별시 강남구 강남대로 262 (도곡동) 캠코양재타워 1,2,7,8,9층 한전 강남지사",02-6445-5211,-,-,-,-,-
중앙/지방(기관리스트),한국전력공사,한국전력공사 남서울본부 강동송파지사,지점,기후에너지환경부,공기업(시장형),서울특별시 강동구 양재대로 1318 (둔촌동) 한국전력공사,02-480-2211,-,-,-,-,-
중앙/지방(기관리스트),한국전력공사,한국전력공사 남서울본부 강서양천지사,지점,기후에너지환경부,공기업(시장형),서울특별시 양천구 목동서로 313 (신정동) 한전 강서양천지사,02-2640-2213,-,-,-,-,-
중앙/지방(기관리스트),한국전력공사,한국전력공사 남서울본부 관악동작지사,지점,기후에너지환경부,공기업(시장형),서울특별시 동작구 동작대로 19 (사당동) 한전 관악동작지사,02-580-2212,-,-,-,-,-
중앙/지방(기관리스트),한국전력공사,한국전력공사 남서울본부 구로금천지사,지점,기후에너지환경부,공기업(시장형),서울특별시 금천구 시흥대로 435 (독산동) 2~3층 한전 구로금천지사,02-2670-2871,-,-,-,-,-
중앙/지방(기관리스트),한국전력공사,한국전력공사 남서울본부 동서울전력지사,지점,기후에너지환경부,공기업(시장형),경기도 하남시 감북로 80 (감일동) 동서울전력지사,02-480-4321,-,-,-,-,-
중앙/지방(기관리스트),한국전력공사,한국전력공사 남서울본부 서초지사,지점,기후에너지환경부,공기업(시장형),서울특별시 서초구 효령로72길 60 (서초동) 한전 서초지사,02-2105-8211,-,-,-,-,-
중앙/지방(기관리스트),한국전력공사,한국전력공사 남서울본부 영등포전력사업처,지점,기후에너지환경부,공기업(시장형),서울특별시 영등포구 문래북로 66 (문래동3가) 한전 영등포전력사업처(문래사옥),02-2670-2215,-,-,-,-,-
중앙/지방(기관리스트),한국전력공사,한국전력공사 남서울본부 영등포전력지사,지점,기후에너지환경부,공기업(시장형),서울특별시 영등포구 경인로 878 (영등포동1가) 한전 영등포전력지사,02-2670-4321,-,-,-,-,-
중앙/지방(기관리스트),한국전력공사,한국전력공사 남서울본부 전력관리처,지점,기후에너지환경부,공기업(시장형),서울특별시 영등포구 여의동로7길 5 (여의도동) 전력관리처,02-787-8321,-,-,-,-,-
중앙/지방(기관리스트),한국전력공사,한국전력공사 남서울본부 직할,지점,기후에너지환경부,공기업(시장형),서울특별시 영등포구 여의동로7길 5 (여의도동) 한전 남서울본부,02-787-8321,-,-,-,-,-
중앙/지방(기관리스트),한국전력공사,한국전력공사 남서울인천건설지사,지점,기후에너지환경부,공기업(시장형),서울특별시 영등포구 문래북로 66 (문래동3가) 남서울인천건설지사,02-3777-9310,-,-,-,-,-
중앙/지방(기관리스트),한국전력공사,한국전력공사 대구경북건설지사,지점,기후에너지환경부,공기업(시장형),대구광역시 중구 공평로 96 (동인동1가) 대구경북건설지사,053-722-3311,-,-,-,-,-
중앙/지방(기관리스트),한국전력공사,한국전력공사 대구본부 경산전력지사,지점,기후에너지환경부,공기업(시장형),경상북도 경산시 진량읍 공단8로 186 경산전력지사,053-859-8351,-,-,-,-,-
중앙/지방(기관리스트),한국전력공사,한국전력공사 대구본부 경산지사,지점,기후에너지환경부,공기업(시장형),경상북도 경산시 경안로 166 (중방동) 경산지사,053-810-4211,-,-,-,-,-
중앙/지방(기관리스트),한국전력공사,한국전력공사 대구본부 경주지사,지점,기후에너지환경부,공기업(시장형),경상북도 경주시 양정로 246 (동천동) 경주지사,054-740-2225,-,-,-,-,-
중앙/지방(기관리스트),한국전력공사,한국전력공사 대구본부 고령지사,지점,기후에너지환경부,공기업(시장형),경상북도 고령군 대가야읍 월기길 14 고령지사,054-950-2210,-,-,-,-,-
중앙/지방(기관리스트),한국전력공사,한국전력공사 대구본부 김천지사,지점,기후에너지환경부,공기업(시장형),경상북도 김천시 모암길 210 (성내동) 김천지사,054-429-5221,-,-,-,-,-
중앙/지방(기관리스트),한국전력공사,한국전력공사 대구본부 남대구지사,지점,기후에너지환경부,공기업(시장형),대구광역시 달성군 화원읍 비슬로509길 26 남대구지사,053-630-2225,-,-,-,-,-
중앙/지방(기관리스트),한국전력공사,한국전력공사 대구본부 달성전력지사,지점,기후에너지환경부,공기업(시장형),대구광역시 달성군 화원읍 비슬로539길 4 달성전력지사,053-630-3353,-,-,-,-,-
중앙/지방(기관리스트),한국전력공사,한국전력공사 대구본부 동대구지사,지점,기후에너지환경부,공기업(시장형),대구광역시 동구 화랑로 135 (효목동) 동대구지사,053-757-2225,-,-,-,-,-
중앙/지방(기관리스트),한국전력공사,한국전력공사 대구본부 북포항지사,지점,기후에너지환경부,공기업(시장형),경상북도 포항시 북구 흥해읍 흥해로 100 북포항지사,054-260-4210,-,-,-,-,-
중앙/지방(기관리스트),한국전력공사,한국전력공사 대구본부 서대구지사,지점,기후에너지환경부,공기업(시장형),대구광역시 서구 달서로 85 (비산동) 서대구지사,053-550-2225,-,-,-,-,-
중앙/지방(기관리스트),한국전력공사,한국전력공사 대구본부 성주지사,지점,기후에너지환경부,공기업(시장형),경상북도 성주군 성주읍 주산로 113 성주지사,054-930-2210,-,-,-,-,-
중앙/지방(기관리스트),한국전력공사,한국전력공사 대구본부 영덕지사,지점,기후에너지환경부,공기업(시장형),경상북도 영덕군 영덕읍 영덕로 184 영덕지사,054-730-3220,-,-,-,-,-
중앙/지방(기관리스트),한국전력공사,한국전력공사 대구본부 영천지사,지점,기후에너지환경부,공기업(시장형),경상북도 영천시 천문로 199 (금노동) 영천지사,054-330-2221,-,-,-,-,-
중앙/지방(기관리스트),한국전력공사,한국전력공사 대구본부 울릉지사,지점,기후에너지환경부,공기업(시장형),경상북도 울릉군 울릉읍 도동3길 28 울릉지사,054-790-2213,-,-,-,-,-
중앙/지방(기관리스트),한국전력공사,한국전력공사 대구본부 전력관리처,지점,기후에너지환경부,공기업(시장형),대구광역시 수성구 달구벌대로471길 12 (수성동4가) 전력관리처,053-210-3563,-,-,-,-,-
중앙/지방(기관리스트),한국전력공사,한국전력공사 대구본부 직할,지점,기후에너지환경부,공기업(시장형),대구광역시 북구 원대로 110 (침산동) 대구지역본부,053-350-2321,-,-,-,-,-
중앙/지방(기관리스트),한국전력공사,한국전력공사 대구본부 청도지사,지점,기후에너지환경부,공기업(시장형),경상북도 청도군 청도읍 청화로 219-25 청도지사,054-370-4210,-,-,-,-,-
중앙/지방(기관리스트),한국전력공사,한국전력공사 대구본부 칠곡전력지사,지점,기후에너지환경부,공기업(시장형),경상북도 칠곡군 왜관읍 닥실길 54-11 칠곡전력지사,054-970-3351,-,-,-,-,-
중앙/지방(기관리스트),한국전력공사,한국전력공사 대구본부 칠곡지사,지점,기후에너지환경부,공기업(시장형),경상북도 칠곡군 왜관읍 구상길 178 칠곡지사,054-970-3221,-,-,-,-,-
중앙/지방(기관리스트),한국전력공사,한국전력공사 대구본부 포항전력지사,지점,기후에너지환경부,공기업(시장형),경상북도 포항시 남구 오천읍 정몽주로 242-12 포항전력지사,054-720-3341,-,-,-,-,-
중앙/지방(기관리스트),한국전력공사,한국전력공사 대구본부 포항지사,지점,기후에너지환경부,공기업(시장형),경상북도 포항시 남구 희망대로 677 (상도동) 포항지사,054-271-7225,-,-,-,-,-
중앙/지방(기관리스트),한국전력공사,한국전력공사 대전세종충남본부 공주지사,지점,기후에너지환경부,공기업(시장형),충청남도 공주시 우금티로 772 (옥룡동) 공주지사,041-850-2251,-,-,-,-,-
중앙/지방(기관리스트),한국전력공사,한국전력공사 대전세종충남본부 금산지사,지점,기후에너지환경부,공기업(시장형),충청남도 금산군 금산읍 후곤천길 5 금산지사,041-750-3210,-,-,-,-,-
중앙/지방(기관리스트),한국전력공사,한국전력공사 대전세종충남본부 논산지사,지점,기후에너지환경부,공기업(시장형),충청남도 논산시 강경읍 계백로 166 논산지사,041-746-2215,-,-,-,-,-
중앙/지방(기관리스트),한국전력공사,한국전력공사 대전세종충남본부 당진지사,지점,기후에너지환경부,공기업(시장형),충청남도 당진시 천변2길 123 (읍내동) 당진지사,041-350-2215,-,-,-,-,-
중앙/지방(기관리스트),한국전력공사,한국전력공사 대전세종충남본부 대덕유성지사,지점,기후에너지환경부,공기업(시장형),대전광역시 유성구 계룡로 114 (봉명동) 대덕유성지사,042-333-0221,-,-,-,-,-
중앙/지방(기관리스트),한국전력공사,한국전력공사 대전세종충남본부 대전전력지사,지점,기후에너지환경부,공기업(시장형),대전광역시 동구 대전로 422-12 (가오동) 대전전력지사,042-333-2351,-,-,-,-,-
중앙/지방(기관리스트),한국전력공사,한국전력공사 대전세종충남본부 보령지사,지점,기후에너지환경부,공기업(시장형),충청남도 보령시 옥마로 60 (명천동) 보령지사,041-930-7215,-,-,-,-,-
중앙/지방(기관리스트),한국전력공사,한국전력공사 대전세종충남본부 부여지사,지점,기후에너지환경부,공기업(시장형),충청남도 부여군 부여읍 성왕로 396 부여지사,041-830-1210,-,-,-,-,-
중앙/지방(기관리스트),한국전력공사,한국전력공사 대전세종충남본부 서대전지사,지점,기후에너지환경부,공기업(시장형),대전광역시 서구 변동중로 39 (변동) 서대전지사,042-608-2212,-,-,-,-,-
중앙/지방(기관리스트),한국전력공사,한국전력공사 대전세종충남본부 서산전력지사,지점,기후에너지환경부,공기업(시장형),충청남도 서산시 성연면 성연2로 49 서산전력지사,041-661-6312,-,-,-,-,-
중앙/지방(기관리스트),한국전력공사,한국전력공사 대전세종충남본부 서산지사,지점,기후에너지환경부,공기업(시장형),충청남도 서산시 한마음16로 63 (석림동) 서산지사,041-660-8221,-,-,-,-,-
중앙/지방(기관리스트),한국전력공사,한국전력공사 대전세종충남본부 서천지사,지점,기후에너지환경부,공기업(시장형),충청남도 서천군 장항읍 장항로171번길 58 서천지사,041-955-2210,-,-,-,-,-
중앙/지방(기관리스트),한국전력공사,한국전력공사 대전세종충남본부 세종전력지사,지점,기후에너지환경부,공기업(시장형),대전광역시 유성구 지족동로142번길 45 (지족동) 세종전력지사,042-338-1351,-,-,-,-,-
중앙/지방(기관리스트),한국전력공사,한국전력공사 대전세종충남본부 세종지사,지점,기후에너지환경부,공기업(시장형),세종특별자치시 조치원읍 행복8길 8 세종지사,044-861-4215,-,-,-,-,-
중앙/지방(기관리스트),한국전력공사,한국전력공사 대전세종충남본부 아산지사,지점,기후에너지환경부,공기업(시장형),충청남도 아산시 충무로72번길 13 (권곡동) 아산지사,041-539-3211,-,-,-,-,-
중앙/지방(기관리스트),한국전력공사,한국전력공사 대전세종충남본부 예산지사,지점,기후에너지환경부,공기업(시장형),충청남도 예산군 예산읍 금오대로 151 예산지사,041-330-3250,-,-,-,-,-
중앙/지방(기관리스트),한국전력공사,한국전력공사 대전세종충남본부 전력관리처,지점,기후에너지환경부,공기업(시장형),대전광역시 동구 송촌남로11번길 170 (용전동) 대전세종충남본부 전력관리처,042-620-2321,-,-,-,-,-
중앙/지방(기관리스트),한국전력공사,한국전력공사 대전세종충남본부 직할,지점,기후에너지환경부,공기업(시장형),대전광역시 동구 송촌남로11번길 170 (용전동) 대전세종충남본부,042-620-2321,-,-,-,-,-
중앙/지방(기관리스트),한국전력공사,한국전력공사 대전세종충남본부 천안전력지사,지점,기후에너지환경부,공기업(시장형),충청남도 천안시 동남구 정골1길 7 (구성동) 천안전력지사,041-410-5353,-,-,-,-,-
중앙/지방(기관리스트),한국전력공사,한국전력공사 대전세종충남본부 천안지사,지점,기후에너지환경부,공기업(시장형),충청남도 천안시 서북구 동서대로 77 (두정동) 천안지사,041-560-2221,-,-,-,-,-
중앙/지방(기관리스트),한국전력공사,한국전력공사 대전세종충남본부 청양전력지사,지점,기후에너지환경부,공기업(시장형),충청남도 청양군 청양읍 청수길 96 청양전력지사,041-940-1351,-,-,-,-,-
중앙/지방(기관리스트),한국전력공사,한국전력공사 대전세종충남본부 청양지사,지점,기후에너지환경부,공기업(시장형),충청남도 청양군 청양읍 중앙로11길 5 청양지사,041-940-1210,-,-,-,-,-
중앙/지방(기관리스트),한국전력공사,한국전력공사 대전세종충남본부 태안지사,지점,기후에너지환경부,공기업(시장형),충청남도 태안군 태안읍 후곡로 53 태안지사,041-671-1210,-,-,-,-,-
중앙/지방(기관리스트),한국전력공사,한국전력공사 대전세종충남본부 홍성지사,지점,기후에너지환경부,공기업(시장형),충청남도 홍성군 홍성읍 충서로 1417-6 홍성지사,041-630-2250,-,-,-,-,-
중앙/지방(기관리스트),한국전력공사,한국전력공사 부산울산본부 기장지사,지점,기후에너지환경부,공기업(시장형),부산광역시 기장군 기장읍 청강로 24 기장지사,051-720-3210,-,-,-,-,-
중앙/지방(기관리스트),한국전력공사,한국전력공사 부산울산본부 김해지사,지점,기후에너지환경부,공기업(시장형),경상남도 김해시 김해대로 2399 (부원동) 김해지사,055-330-2211,-,-,-,-,-
중앙/지방(기관리스트),한국전력공사,한국전력공사 부산울산본부 남부산지사,지점,기후에너지환경부,공기업(시장형),부산광역시 해운대구 해운대해변로 113 (우동) 남부산지사,051-740-1211,-,-,-,-,-
중앙/지방(기관리스트),한국전력공사,한국전력공사 부산울산본부 동래지사,지점,기후에너지환경부,공기업(시장형),부산광역시 동래구 충렬대로 423 (안락동) 동래지사,051-520-2211,-,-,-,-,-
중앙/지방(기관리스트),한국전력공사,한국전력공사 부산울산본부 동부산전력지사,지점,기후에너지환경부,공기업(시장형),부산광역시 기장군 철마면 반송로 1136 동부산전력지사,051-559-4341,-,-,-,-,-
중앙/지방(기관리스트),한국전력공사,한국전력공사 부산울산본부 동울산지사,지점,기후에너지환경부,공기업(시장형),울산광역시 북구 명촌23길 8 (진장동) 동울산지사,052-219-8221,-,-,-,-,-
중앙/지방(기관리스트),한국전력공사,한국전력공사 부산울산본부 북부산전력지사,지점,기후에너지환경부,공기업(시장형),부산광역시 북구 와석장터로 77 (화명동) 북부산전력지사,051-330-2341,-,-,-,-,-
중앙/지방(기관리스트),한국전력공사,한국전력공사 부산울산본부 북부산지사,지점,기후에너지환경부,공기업(시장형),부산광역시 사상구 백양대로700번길 24 (덕포동) 북부산지사,051-309-2211,-,-,-,-,-
중앙/지방(기관리스트),한국전력공사,한국전력공사 부산울산본부 서부산전력지사,지점,기후에너지환경부,공기업(시장형),부산광역시 사하구 감천항로 7 (감천동) 서부산전력지사,051-794-8351,-,-,-,-,-
중앙/지방(기관리스트),한국전력공사,한국전력공사 부산울산본부 서부산지사,지점,기후에너지환경부,공기업(시장형),부산광역시 강서구 유통단지1로 41 (대저2동) 서부산지사,051-250-9221,-,-,-,-,-
중앙/지방(기관리스트),한국전력공사,한국전력공사 부산울산본부 서울산지사,지점,기후에너지환경부,공기업(시장형),울산광역시 울주군 삼남면 향교로 112 서울산지사,052-255-4210,-,-,-,-,-
중앙/지방(기관리스트),한국전력공사,한국전력공사 부산울산본부 양산지사,지점,기후에너지환경부,공기업(시장형),경상남도 양산시 고향의봄로 42 (신기동) 양산지사,055-380-3211,-,-,-,-,-
중앙/지방(기관리스트),한국전력공사,한국전력공사 부산울산본부 영도지사,지점,기후에너지환경부,공기업(시장형),부산광역시 영도구 남항남로9번길 61 (남항동2가) 영도지사,051-410-2210,-,-,-,-,-
중앙/지방(기관리스트),한국전력공사,한국전력공사 부산울산본부 울산전력지사,지점,기후에너지환경부,공기업(시장형),울산광역시 울주군 청량읍 아랫개산길 29 울산전력지사,052-270-4341,-,-,-,-,-
중앙/지방(기관리스트),한국전력공사,한국전력공사 부산울산본부 울산지사,지점,기후에너지환경부,공기업(시장형),울산광역시 남구 돋질로 181 (신정동) 울산지사,052-270-3211,-,-,-,-,-
중앙/지방(기관리스트),한국전력공사,한국전력공사 부산울산본부 전력관리처,지점,기후에너지환경부,공기업(시장형),부산광역시 부산진구 중앙대로666번길 43 (부전동) 전력관리처,051-604-5321,-,-,-,-,-
중앙/지방(기관리스트),한국전력공사,한국전력공사 부산울산본부 중부산지사,지점,기후에너지환경부,공기업(시장형),부산광역시 서구 까치고개로 252 (토성동1가) 중부산지사,051-240-3211,-,-,-,-,-
중앙/지방(기관리스트),한국전력공사,한국전력공사 부산울산본부 직할,지점,기후에너지환경부,공기업(시장형),부산광역시 부산진구 중앙대로666번길 43 (부전동) 부산울산지역본부,051-604-5321,-,-,-,-,-
중앙/지방(기관리스트),한국전력공사,한국전력공사 서울본부 강북성북지사,지점,기후에너지환경부,공기업(시장형),서울특별시 강북구 도봉로 242 (미아동) 강북성북지사,02-901-4221,-,-,-,-,-
중앙/지방(기관리스트),한국전력공사,한국전력공사 서울본부 광진성동지사,지점,기후에너지환경부,공기업(시장형),서울특별시 성동구 마장로27길 13 (마장동) 광진성동지사,02-2290-5211,-,-,-,-,-
중앙/지방(기관리스트),한국전력공사,한국전력공사 서울본부 노원도봉지사,지점,기후에너지환경부,공기업(시장형),서울특별시 노원구 노해로 429 (상계동) 노원도봉지사,02-950-6211,-,-,-,-,-
중앙/지방(기관리스트),한국전력공사,한국전력공사 서울본부 동대문중랑지사,지점,기후에너지환경부,공기업(시장형),서울특별시 중랑구 동일로 862 (묵동) 동대문중랑지사,02-970-4211,-,-,-,-,-
중앙/지방(기관리스트),한국전력공사,한국전력공사 서울본부 마포용산지사,지점,기후에너지환경부,공기업(시장형),서울특별시 마포구 토정로37길 38 (도화동) 마포용산지사,02-710-2211,-,-,-,-,-
중앙/지방(기관리스트),한국전력공사,한국전력공사 서울본부 서대문은평지사,지점,기후에너지환경부,공기업(시장형),서울특별시 은평구 통일로 659 (녹번동) 서대문은평지사,02-350-2211,-,-,-,-,-
중앙/지방(기관리스트),한국전력공사,한국전력공사 서울본부 성동전력지사,지점,기후에너지환경부,공기업(시장형),서울특별시 성동구 마장로37길 17 (마장동) 성동전력지사,02-2290-3351,-,-,-,-,-
중앙/지방(기관리스트),한국전력공사,한국전력공사 서울본부 전력관리처,지점,기후에너지환경부,공기업(시장형),서울특별시 중구 퇴계로 140 (남산동3가) 전력관리처,02-758-3561,-,-,-,-,-
중앙/지방(기관리스트),한국전력공사,한국전력공사 서울본부 중부전력지사,지점,기후에너지환경부,공기업(시장형),서울특별시 마포구 토정로 56 (합정동) 중부전력지사,02-320-7351,-,-,-,-,-
중앙/지방(기관리스트),한국전력공사,한국전력공사 서울본부 직할,지점,기후에너지환경부,공기업(시장형),서울특별시 중구 남대문로 92 (을지로2가) 서울본부,02-758-3321,-,-,-,-,-
중앙/지방(기관리스트),한국전력공사,한국전력공사 설비진단처,지점,기후에너지환경부,공기업(시장형),대전광역시 유성구 문지로 105 (문지동) 전력연구원,042-869-8021,-,-,-,-,-
중앙/지방(기관리스트),한국전력공사,한국전력공사 속초연수원,지점,기후에너지환경부,공기업(시장형),강원도 속초시 온천로 87 (노학동) 속초연수원,033-639-5005,-,-,-,-,-
중앙/지방(기관리스트),한국전력공사,한국전력공사 수안보연수원,지점,기후에너지환경부,공기업(시장형),충청북도 충주시 수안보면 조산공원길 64 수안보생활연수원,043-840-2011,-,-,-,-,-
중앙/지방(기관리스트),한국전력공사,한국전력공사 인재개발원,지점,기후에너지환경부,공기업(시장형),서울특별시 노원구 노원로 130 (공릉동) 인재개발원,02-970-3211,-,-,-,-,-
중앙/지방(기관리스트),한국전력공사,한국전력공사 인천본부 강화지사,지점,기후에너지환경부,공기업(시장형),인천광역시 강화군 강화읍 강화대로 278 한국전력공사 강화지사,032-930-2210,-,-,-,-,-
중앙/지방(기관리스트),한국전력공사,한국전력공사 인천본부 김포전력지사,지점,기후에너지환경부,공기업(시장형),인천광역시 서구 원당대로117번길 1 (오류동) 한국전력공사 김포전력지사,031-8048-3320,-,-,-,-,-
중앙/지방(기관리스트),한국전력공사,한국전력공사 인천본부 김포지사,지점,기후에너지환경부,공기업(시장형),경기도 김포시 태장로 773 (장기동) 한국전력공사 김포지사,031-980-7211,-,-,-,-,-
중앙/지방(기관리스트),한국전력공사,한국전력공사 인천본부 남인천지사,지점,기후에너지환경부,공기업(시장형),인천광역시 연수구 비류대로 304 (청학동) 한국전력공사 남인천지사,032-830-5221,-,-,-,-,-
중앙/지방(기관리스트),한국전력공사,한국전력공사 인천본부 백령지사,지점,기후에너지환경부,공기업(시장형),인천광역시 옹진군 백령면 백령로 346 한국전력공사 백령지사,032-837-9210,-,-,-,-,-
중앙/지방(기관리스트),한국전력공사,한국전력공사 인천본부 부천지사,지점,기후에너지환경부,공기업(시장형),경기도 부천시 부천로264번길 4 (도당동) 한국전력공사 부천지사,032-650-1211,-,-,-,-,-
중앙/지방(기관리스트),한국전력공사,한국전력공사 인천본부 부평전력지사,지점,기후에너지환경부,공기업(시장형),인천광역시 부평구 동수로 113 (부평동) 한국전력공사 부평전력지사,032-570-7351,-,-,-,-,-
중앙/지방(기관리스트),한국전력공사,한국전력공사 인천본부 서인천지사,지점,기후에너지환경부,공기업(시장형),인천광역시 서구 심곡로 53 (심곡동) 한국전력공사 서인천지사,032-560-1211,-,-,-,-,-
중앙/지방(기관리스트),한국전력공사,한국전력공사 인천본부 시흥전력지사,지점,기후에너지환경부,공기업(시장형),경기도 시흥시 마전로 191 (정왕동) 한국전력공사 시흥전력지사,031-363-5321,-,-,-,-,-
중앙/지방(기관리스트),한국전력공사,한국전력공사 인천본부 시흥지사,지점,기후에너지환경부,공기업(시장형),경기도 시흥시 호현로63번길 1 (대야동) 한국전력공사 시흥지사,031-310-3211,-,-,-,-,-
중앙/지방(기관리스트),한국전력공사,한국전력공사 인천본부 영종지사,지점,기후에너지환경부,공기업(시장형),인천광역시 중구 영종대로196번길 15-21 (운서동) 한국전력공사 영종지사,032-880-7212,-,-,-,-,-
중앙/지방(기관리스트),한국전력공사,한국전력공사 인천본부 전력관리처,지점,기후에너지환경부,공기업(시장형),인천광역시 부평구 주부토로 238 (갈산동) 한국전력공사 인천지역본부 전력관리처,032-718-2511,-,-,-,-,-
중앙/지방(기관리스트),한국전력공사,한국전력공사 인천본부 제물포지사,지점,기후에너지환경부,공기업(시장형),인천광역시 중구 아암대로 80 (신흥동3가) 한국전력공사 제물포지사,032-880-1211,-,-,-,-,-
중앙/지방(기관리스트),한국전력공사,한국전력공사 인천본부 직할,지점,기후에너지환경부,공기업(시장형),인천광역시 부평구 주부토로 246 (갈산동) 한국전력공사 인천지역본부,032-520-7321,-,-,-,-,-
중앙/지방(기관리스트),한국전력공사,한국전력공사 자재검사처,지점,기후에너지환경부,공기업(시장형),경기도 의왕시 학의로 486 (내손동) 자재검사처,031-420-1211,-,-,-,-,-
중앙/지방(기관리스트),한국전력공사,한국전력공사 전력기금사업단,지점,기후에너지환경부,공기업(시장형),서울특별시 영등포구 국회대로62길 25 (여의도동) 3층,02-6007-0311,-,-,-,-,-
중앙/지방(기관리스트),한국전력공사,한국전력공사 전력연구원,지점,기후에너지환경부,공기업(시장형),대전광역시 유성구 문지로 105 (문지동) 한전 전력연구원,042-865-5021,-,-,-,-,-
중앙/지방(기관리스트),한국전력공사,한국전력공사 전북본부 고창지사,지점,기후에너지환경부,공기업(시장형),전라북도 고창군 고창읍 중거리당산로 46 한국전력공사 전북본부 고창지사,063-560-3234,-,-,-,-,-
중앙/지방(기관리스트),한국전력공사,한국전력공사 전북본부 군산전력지사,지점,기후에너지환경부,공기업(시장형),전라북도 군산시 임피면 호원대1길 216 한국전력공사 전북본부 군산전력지사,063-450-3351,-,-,-,-,-
중앙/지방(기관리스트),한국전력공사,한국전력공사 전북본부 군산지사,지점,기후에너지환경부,공기업(시장형),전라북도 군산시 백토로 202 (나운동) 한국전력공사 전북본부 군산지사,063-440-2231,-,-,-,-,-
중앙/지방(기관리스트),한국전력공사,한국전력공사 전북본부 김제전력지사,지점,기후에너지환경부,공기업(시장형),전라북도 김제시 동서로 310 (검산동) 한국전력공사 전북본부 김제전력지사,063-540-4450,-,-,-,-,-
중앙/지방(기관리스트),한국전력공사,한국전력공사 전북본부 김제지사,지점,기후에너지환경부,공기업(시장형),전라북도 김제시 금성로 83 (신풍동) 한국전력공사 전북본부 김제지사,063-540-2231,-,-,-,-,-
중앙/지방(기관리스트),한국전력공사,한국전력공사 전북본부 남원지사,지점,기후에너지환경부,공기업(시장형),전라북도 남원시 충정로 119 (향교동) 한국전력공사 전북본부 남원지사,063-620-2216,-,-,-,-,-
중앙/지방(기관리스트),한국전력공사,한국전력공사 전북본부 남전주지사,지점,기후에너지환경부,공기업(시장형),전라북도 전주시 완산구 모악로 4678 (평화동2가) 한국전력공사 전북본부 남전주지사,063-249-5213,-,-,-,-,-
중앙/지방(기관리스트),한국전력공사,한국전력공사 전북본부 무주지사,지점,기후에너지환경부,공기업(시장형),전라북도 무주군 무주읍 죽향로 31-16 한국전력공사 전북본부 무주지사,063-320-6212,-,-,-,-,-
중앙/지방(기관리스트),한국전력공사,한국전력공사 전북본부 부안지사,지점,기후에너지환경부,공기업(시장형),전라북도 부안군 부안읍 신선길 1 한국전력공사 전북본부 부안지사,063-580-2231,-,-,-,-,-
중앙/지방(기관리스트),한국전력공사,한국전력공사 전북본부 순창지사,지점,기후에너지환경부,공기업(시장형),전라북도 순창군 순창읍 유등로 18 한국전력공사 전북본부 순창지사,063-650-3231,-,-,-,-,-
중앙/지방(기관리스트),한국전력공사,한국전력공사 전북본부 익산지사,지점,기후에너지환경부,공기업(시장형),전라북도 익산시 석암로15길 156 (팔봉동) 한국전력공사 전북본부 익산지사,063-839-4231,-,-,-,-,-
중앙/지방(기관리스트),한국전력공사,한국전력공사 전북본부 임실지사,지점,기후에너지환경부,공기업(시장형),전라북도 임실군 임실읍 봉황로 245 한국전력공사 전북본부 임실지사,063-640-5201,-,-,-,-,-
중앙/지방(기관리스트),한국전력공사,한국전력공사 전북본부 장수지사,지점,기후에너지환경부,공기업(시장형),전라북도 장수군 장수읍 장천로 138 한국전력공사 전북본부 장수지사,063-350-3212,-,-,-,-,-
중앙/지방(기관리스트),한국전력공사,한국전력공사 전북본부 전력관리처,지점,기후에너지환경부,공기업(시장형),전라북도 전주시 덕진구 혁신로 600 (여의동) 한국전력공사 전북본부 전력관리처,063-240-5576,-,-,-,-,-
중앙/지방(기관리스트),한국전력공사,한국전력공사 전북본부 정읍지사,지점,기후에너지환경부,공기업(시장형),전라북도 정읍시 서부로 5 (연지동) 한국전력공사 전북본부 정읍지사,063-530-2231,-,-,-,-,-
중앙/지방(기관리스트),한국전력공사,한국전력공사 전북본부 직할,지점,기후에너지환경부,공기업(시장형),전라북도 전주시 덕진구 백제대로 741 (인후동2가) 한국전력공사 전북본부 직할,063-240-5376,-,-,-,-,-
중앙/지방(기관리스트),한국전력공사,한국전력공사 전북본부 진안지사,지점,기후에너지환경부,공기업(시장형),전라북도 진안군 진안읍 대괭이길 7-21 한국전력공사 전북본부 진안지사,063-430-3231,-,-,-,-,-
중앙/지방(기관리스트),한국전력공사,한국전력공사 제주본부 서귀포지사,지점,기후에너지환경부,공기업(시장형),제주특별자치도 서귀포시 신중로 56 (법환동) 한국전력공사 서귀포지사,064-730-2212,-,-,-,-,-
중앙/지방(기관리스트),한국전력공사,한국전력공사 제주본부 제주전력지사,지점,기후에너지환경부,공기업(시장형),제주특별자치도 제주시 가령로 68 (이도이동) 한국전력공사 제주전력지사,064-729-3353,-,-,-,-,-
중앙/지방(기관리스트),한국전력공사,한국전력공사 제주본부 직할,지점,기후에너지환경부,공기업(시장형),제주특별자치도 제주시 문연로 36 (연동) 한국전력공사 제주본부,064-740-3343,-,-,-,-,-
중앙/지방(기관리스트),한국전력공사,한국전력공사 중부건설본부,지점,기후에너지환경부,공기업(시장형),대전광역시 서구 변동중로 39 (변동) 한국전력공사 중부건설본부,042-717-4321,-,-,-,-,-
중앙/지방(기관리스트),한국전력공사,한국전력공사 중부건설본부 광주전남건설지사,지점,기후에너지환경부,공기업(시장형),광주광역시 서구 상무대로 1104 (농성동) 한국전력공사 광주전남건설지사,062-720-4320,-,-,-,-,-
중앙/지방(기관리스트),한국전력공사,한국전력공사 중부건설본부 전북건설지사,지점,기후에너지환경부,공기업(시장형),전라북도 전주시 덕진구 혁신로 600 (여의동) 한국전력공사 전북건설지사,063-240-5890,-,-,-,-,-
중앙/지방(기관리스트),한국전력공사,한국전력공사 중부건설본부 충북강원건설지사,지점,기후에너지환경부,공기업(시장형),충청북도 제천시 의림대로36길 15 (청전동) 한국전력공사 충북강원건설지사,043-640-3310,-,-,-,-,-
중앙/지방(기관리스트),한국전력공사,한국전력공사 충북본부 단양지사,지점,기후에너지환경부,공기업(시장형),충청북도 단양군 단양읍 중앙1로 27-6 단양지사,043-420-2231,-,-,-,-,-
중앙/지방(기관리스트),한국전력공사,한국전력공사 충북본부 동청주지사,지점,기후에너지환경부,공기업(시장형),충청북도 청주시 청원구 향군로 25 (우암동) 동청주지사,043-230-8211,-,-,-,-,-
중앙/지방(기관리스트),한국전력공사,한국전력공사 충북본부 보은지사,지점,기후에너지환경부,공기업(시장형),충청북도 보은군 보은읍 장신로 40 보은지사,043-540-2231,-,-,-,-,-
중앙/지방(기관리스트),한국전력공사,한국전력공사 충북본부 영동지사,지점,기후에너지환경부,공기업(시장형),충청북도 영동군 영동읍 학산영동로 1149 영동지사,043-740-2231,-,-,-,-,-
중앙/지방(기관리스트),한국전력공사,한국전력공사 충북본부 옥천지사,지점,기후에너지환경부,공기업(시장형),충청북도 옥천군 옥천읍 삼양로 70 옥천지사,043-730-0231,-,-,-,-,-
중앙/지방(기관리스트),한국전력공사,한국전력공사 충북본부 음성지사,지점,기후에너지환경부,공기업(시장형),충청북도 음성군 음성읍 시장로80번길 23 음성지사,043-870-3231,-,-,-,-,-
중앙/지방(기관리스트),한국전력공사,한국전력공사 충북본부 전력관리처,지점,기후에너지환경부,공기업(시장형),충청북도 청주시 서원구 구룡산로 51 (성화동) 5층 지역협력부,043-251-2571,-,-,-,-,-
중앙/지방(기관리스트),한국전력공사,한국전력공사 충북본부 제천지사,지점,기후에너지환경부,공기업(시장형),충청북도 제천시 풍양로 57 (의림동) 제천지사,043-640-2231,-,-,-,-,-
중앙/지방(기관리스트),한국전력공사,한국전력공사 충북본부 증평괴산지사,지점,기후에너지환경부,공기업(시장형),충청북도 증평군 증평읍 충청대로 1829 증평괴산지사,043-835-2231,-,-,-,-,-
중앙/지방(기관리스트),한국전력공사,한국전력공사 충북본부 직할,지점,기후에너지환경부,공기업(시장형),충청북도 청주시 서원구 구룡산로 51 (성화동) 충북지역본부,043-251-2321,-,-,-,-,-
중앙/지방(기관리스트),한국전력공사,한국전력공사 충북본부 진천지사,지점,기후에너지환경부,공기업(시장형),충청북도 진천군 진천읍 상산로 18 진천지사,043-539-2231,-,-,-,-,-
중앙/지방(기관리스트),한국전력공사,한국전력공사 충북본부 청주전력지사,지점,기후에너지환경부,공기업(시장형),충청북도 청주시 서원구 남이면 문동길 147 청주전력지사,043-229-0312,-,-,-,-,-
중앙/지방(기관리스트),한국전력공사,한국전력공사 충북본부 충주전력지사,지점,기후에너지환경부,공기업(시장형),충청북도 충주시 목행산단1로 27 (금릉동) 충주전력지사,043-720-3311,-,-,-,-,-
중앙/지방(기관리스트),한국전력공사,한국전력공사 충북본부 충주지사,지점,기후에너지환경부,공기업(시장형),충청북도 충주시 탄금대로 130 (봉방동) 충주지사,043-840-4211,-,-,-,-,-
중앙/지방(기관리스트),한국전력공사,한국전력공사 한국전력학원,지점,기후에너지환경부,공기업(시장형),서울특별시 강남구 개포로 410 (개포동) 수도전기공업고등학교,070-4673-9922,-,-,-,-,-
중앙/지방(기관리스트),한국전력공사,한국전력공사 한일병원,지점,기후에너지환경부,공기업(시장형),서울특별시 도봉구 우이천로 308 (쌍문동) 한일병원,02-901-3114,-,-,-,-,-
중앙/지방(기관리스트),한국전력국제원자력대학원대학교,한국전력국제원자력대학원대학교,본점,기후에너지환경부,기타공공기관,울산광역시 울주군 서생면 해맞이로 658-91 한국전력국제원자력대학원대학교,052-712-7000,-,-,-,-,-
중앙/지방(기관리스트),한국전력기술주식회사,한국전력기술주식회사,본점,기후에너지환경부,공기업(준시장형),경상북도 김천시 혁신로 269 (율곡동) 한국전력기술,054-421-3114,-,054-421-6114,-,-,-
중앙/지방(기관리스트),한국제품안전관리원,한국제품안전관리원,본점,산업통상부,기타공공기관,서울특별시 서초구 매헌로 16 (양재동) 17층,02-1833-4010,1670-4920,02-6952-4256,jcn1245@kips.kr,-,-
중앙/지방(기관리스트),한국조세재정연구원,한국조세재정연구원,본점,국무조정실,기타공공기관,세종특별자치시 시청대로 336(반곡동) 한국조세재정연구원,044-414-2114,-,-,-,-,-
중앙/지방(기관리스트),한국조폐공사,한국조폐공사,본점,재정경제부,공기업(준시장형),대전광역시 유성구 과학로 80-67(가정동) 한국조폐공사,1577-4321,1577-4321,-,-,-,-
중앙/지방(기관리스트),한국조폐공사,한국조폐공사 ID본부,지점,재정경제부,공기업(준시장형),대전광역시 유성구 테크노10로 7(탑립동) 한국조폐공사 ID본부,042-939-3800,-,070-7610-2360,-,-,-
중앙/지방(기관리스트),한국조폐공사,한국조폐공사 기술연구원,지점,재정경제부,공기업(준시장형),대전광역시 유성구 과학로 80-67(가정동) 한국조폐공사 기술연구원,1577-4321,-,070-7610-2360,-,-,-
중앙/지방(기관리스트),한국조폐공사,한국조폐공사 제지본부,지점,재정경제부,공기업(준시장형),충청남도 부여군 부여읍 염창로180번길 67 한국조폐공사 제지본부,041-359-7400,-,070-7610-2360,-,-,-
중앙/지방(기관리스트),한국조폐공사,한국조폐공사 화폐본부,지점,재정경제부,공기업(준시장형),경상북도 경산시 화랑로 140-10(갑제동) 한국조폐공사 화폐본부,053-819-2400,-,070-7610-2360,-,-,-
중앙/지방(기관리스트),한국주택금융공사,한국주택금융공사,본점,금융위원회,준정부기관(기금관리형),부산광역시 남구 문현금융로 40 (문현동) 한국주택금융공사,1688-8114,1688-8114,-,-,-,-
중앙/지방(기관리스트),한국주택금융공사,한국주택금융공사 강원동부지사,지점,금융위원회,준정부기관(기금관리형),강원특별자치도 강릉시 율곡로 2806 (옥천동) 7층,033-660-4700,-,033-643-4701,-,-,-
중앙/지방(기관리스트),한국주택금융공사,한국주택금융공사 강원서부지사,지점,금융위원회,준정부기관(기금관리형),강원특별자치도 춘천시 경춘로 2370 (온의동) 4층,033-259-3600,-,033-251-1598,-,-,-
중앙/지방(기관리스트),한국주택금융공사,한국주택금융공사 경기남부지사,지점,금융위원회,준정부기관(기금관리형),경기도 수원시 권선구 권광로 141 (권선동) 9층,031-8014-1100,-,031-223-2909,-,-,-
중앙/지방(기관리스트),한국주택금융공사,한국주택금융공사 경기동부지사,지점,금융위원회,준정부기관(기금관리형),경기도 용인시 기흥구 기흥로 58-1 (구갈동) A동 609~612호,031-280-4300,-,031-630-3755,-,-,-
중앙/지방(기관리스트),한국주택금융공사,한국주택금융공사 경기북부지사,지점,금융위원회,준정부기관(기금관리형),경기도 고양시 일산동구 중앙로 1066 (백석동) 10층,031-540-5900,-,031-903-0175,-,-,-
중앙/지방(기관리스트),한국주택금융공사,한국주택금융공사 경기중부지사,지점,금융위원회,준정부기관(기금관리형),경기도 안양시 동안구 시민대로 286 (관양동) 8층,031-478-7000,-,031-381-8715,-,-,-
중앙/지방(기관리스트),한국주택금융공사,한국주택금융공사 경남지사,지점,금융위원회,준정부기관(기금관리형),경상남도 창원시 성산구 중앙대로 107 (중앙동) 6층,055-278-2900,-,055-274-2905,-,-,-
중앙/지방(기관리스트),한국주택금융공사,한국주택금융공사 광주지사,지점,금융위원회,준정부기관(기금관리형),광주광역시 서구 운천로 273 (치평동) 7층,062-370-5700,-,062-222-1563,-,-,-
중앙/지방(기관리스트),한국주택금융공사,한국주택금융공사 대구지사,지점,금융위원회,준정부기관(기금관리형),대구광역시 중구 달구벌대로 2095 (덕산동) 22층,053-430-2400,-,053-256-5339,-,-,-
중앙/지방(기관리스트),한국주택금융공사,한국주택금융공사 대전지사,지점,금융위원회,준정부기관(기금관리형),대전광역시 서구 한밭대로 745 (둔산동) 15층,042-251-2600,-,042-717-0898,-,-,-
중앙/지방(기관리스트),한국주택금융공사,한국주택금융공사 부산지사,지점,금융위원회,준정부기관(기금관리형),부산광역시 부산진구 중앙대로 659 (부전동) 5층,051-520-3900,-,051-808-8241,-,-,-
중앙/지방(기관리스트),한국주택금융공사,한국주택금융공사 서부산지사,지점,금융위원회,준정부기관(기금관리형),부산광역시 사상구 광장로 76 (괘법동) 9층,051-601-7900,-,051-328-9140,-,-,-
중앙/지방(기관리스트),한국주택금융공사,한국주택금융공사 서울남부지사,지점,금융위원회,준정부기관(기금관리형),서울특별시 강남구 테헤란로 223 (역삼동) 18층,02-3290-6500,-,02-565-7173,-,-,-
중앙/지방(기관리스트),한국주택금융공사,한국주택금융공사 서울동부지사,지점,금융위원회,준정부기관(기금관리형),서울특별시 성동구 왕십리로 326 (도선동) 14층,02-2049-1300,-,02-455-9672,-,-,-
중앙/지방(기관리스트),한국주택금융공사,한국주택금융공사 서울북부지사,지점,금융위원회,준정부기관(기금관리형),서울특별시 노원구 동일로 1405 (상계동) 10층,02-3499-3300,-,02-904-0050,-,-,-
중앙/지방(기관리스트),한국주택금융공사,한국주택금융공사 서울서부지사,지점,금융위원회,준정부기관(기금관리형),서울특별시 강서구 강서로 463 (마곡동) 9층,02-2638-1900,-,02-2211-2498,-,-,-
중앙/지방(기관리스트),한국주택금융공사,한국주택금융공사 서울중부지사,지점,금융위원회,준정부기관(기금관리형),서울특별시 중구 한강대로 416 (남대문로5가) 6층,02-2014-7500,-,02-755-2631,-,-,-
중앙/지방(기관리스트),한국주택금융공사,한국주택금융공사 안동지사,지점,금융위원회,준정부기관(기금관리형),경상북도 안동시 경북대로 367 (옥동) 3층,054-850-3400,-,054-841-2430,-,-,-
중앙/지방(기관리스트),한국주택금융공사,한국주택금융공사 울산지사,지점,금융위원회,준정부기관(기금관리형),울산광역시 남구 삼산로 197 (달동) 5층,052-240-5800,-,052-271-6300,-,-,-
중앙/지방(기관리스트),한국주택금융공사,한국주택금융공사 인천남부지사,지점,금융위원회,준정부기관(기금관리형),인천광역시 남동구 인주대로 611 (구월동) 9층,032-570-0600,-,032-425-0711,-,-,-
중앙/지방(기관리스트),한국주택금융공사,한국주택금융공사 인천지사,지점,금융위원회,준정부기관(기금관리형),인천광역시 부평구 부평대로 60 (부평동) 9층,032-420-2100,-,032-422-3060,-,-,-
중앙/지방(기관리스트),한국주택금융공사,한국주택금융공사 전남지사,지점,금융위원회,준정부기관(기금관리형),전라남도 순천시 이수로 331 (조례동) 3층,061-760-6700,-,061-721-6794,-,-,-
중앙/지방(기관리스트),한국주택금융공사,한국주택금융공사 전북지사,지점,금융위원회,준정부기관(기금관리형),전라북도 전주시 완산구 온고을로 29 (서신동) 12층,063-249-2700,-,063-247-2170,-,-,-
중앙/지방(기관리스트),한국주택금융공사,한국주택금융공사 제주지사,지점,금융위원회,준정부기관(기금관리형),제주특별자치도 제주시 연북로 33 (노형동) 601호,064-798-5160,-,064-745-0480,-,-,-
중앙/지방(기관리스트),한국주택금융공사,한국주택금융공사 종합금융센터,지점,금융위원회,준정부기관(기금관리형),서울특별시 중구 한강대로 416 (남대문로5가) 6층,02-3290-6600,-,02-565-7174,-,-,-
중앙/지방(기관리스트),한국주택금융공사,한국주택금융공사 진주출장소,지점,금융위원회,준정부기관(기금관리형),경상남도 진주시 에나로 142 (충무공동) 8층,055-750-3000,-,055-759-3006,-,-,-
중앙/지방(기관리스트),한국주택금융공사,한국주택금융공사 충남지사,지점,금융위원회,준정부기관(기금관리형),충청남도 천안시 서북구 광장로 215 (불당동) 2층,041-559-5200,-,041-569-0023,-,-,-
중앙/지방(기관리스트),한국주택금융공사,한국주택금융공사 충북지사,지점,금융위원회,준정부기관(기금관리형),충청북도 청주시 서원구 사직대로 172 (사창동) 2층,043-299-2800,-,043-277-0080,-,-,-
중앙/지방(기관리스트),한국중부발전(주),한국중부발전(주),본점,기후에너지환경부,공기업(시장형),충청남도 보령시 보령북로 160 (대천동) 한국중부발전(주),070-7511-1114,-,070-7511-1046,-,-,-
중앙/지방(기관리스트),한국중부발전(주),한국중부발전(주) KOMIPO 기술연구원,지점,기후에너지환경부,공기업(시장형),충청남도 보령시 오천면 오천해안로 89-37 KOMIPO 기술연구원,070-7511-2811,-,-,-,-,-
중앙/지방(기관리스트),한국중부발전(주),한국중부발전(주) 보령발전본부,지점,기후에너지환경부,공기업(시장형),충청남도 보령시 오천면 오천해안로 89-37 보령발전본부,070-7511-2111,-,070-7511-3918,-,-,-
중앙/지방(기관리스트),한국중부발전(주),한국중부발전(주) 서울발전본부,지점,기후에너지환경부,공기업(시장형),서울특별시 마포구 토정로 56 (합정동) 서울건설본부,070-7511-5111,-,070-7511-1490,-,-,-
중앙/지방(기관리스트),한국중부발전(주),한국중부발전(주) 세종발전본부,지점,기후에너지환경부,공기업(시장형),세종특별자치시 금송로 625 (가람동) 세종발전본부,070-7511-6611,-,070-7511-1891,-,-,-
중앙/지방(기관리스트),한국중부발전(주),한국중부발전(주) 신보령발전본부,지점,기후에너지환경부,공기업(시장형),충청남도 보령시 주교면 송도길 201 신보령발전본부,070-7511-8111,-,070-7511-9452,-,-,-
중앙/지방(기관리스트),한국중부발전(주),한국중부발전(주) 신서천발전본부,지점,기후에너지환경부,공기업(시장형),충청남도 서천군 서면 서인로235번길 85 서천건설본부,070-7511-6111,-,070-7511-1590,-,-,-
중앙/지방(기관리스트),한국중부발전(주),한국중부발전(주) 인천발전본부,지점,기후에너지환경부,공기업(시장형),인천광역시 서구 중봉대로405번길 411 (원창동) 인천발전본부,070-7511-4111,-,070-7511-4772,-,-,-
중앙/지방(기관리스트),한국중부발전(주),한국중부발전(주) 제주발전본부,지점,기후에너지환경부,공기업(시장형),제주특별자치도 제주시 원당로 133 (삼양일동) 제주발전본부,070-7511-7111,-,070-7511-7136,-,-,-
중앙/지방(기관리스트),한국중소벤처기업유통원,한국중소벤처기업유통원,본점,중소벤처기업부,기타공공기관,서울특별시 양천구 목동동로 309 (목동) 한국중소벤처기업유통원,02-6678-9000,-,-,-,-,-
중앙/지방(기관리스트),한국지능정보사회진흥원,한국정보화진흥원 서울사무소,지점,과학기술정보통신부,준정부기관(위탁집행형),서울특별시 중구 청계천로 14 (무교동) NIA 서울사무소,02-6191-2114,-,-,-,-,-
중앙/지방(기관리스트),한국지능정보사회진흥원,한국정보화진흥원 제주 NIA글로벌센터,지점,과학기술정보통신부,준정부기관(위탁집행형),제주특별자치도 서귀포시 서호중앙로 68-11 (서호동) NIA글로벌센터,064-909-3114,-,064-909-3191,-,-,-
중앙/지방(기관리스트),한국지능정보사회진흥원,한국지능정보사회진흥원,본점,과학기술정보통신부,준정부기관(위탁집행형),대구광역시 동구 첨단로 53 (신서동) 한국지능정보사회진흥원,053-230-1114,-,-,-,-,-
중앙/지방(기관리스트),한국지식재산보호원,한국지식재산보호원,본점,지식재산처,기타공공기관,서울특별시 강남구 테헤란로 131 (역삼동) 6층,02-2183-5800,-,02-2183-5899,-,-,-
중앙/지방(기관리스트),한국지식재산보호원,한국지식재산보호원 영남지원,지점,지식재산처,기타공공기관,부산광역시 연제구 법원북로 33 (거제동) 부산연제우체국 4층,051-611-5803,-,051-611-5998,-,-,-
중앙/지방(기관리스트),한국지식재산보호원,한국지식재산보호원 충청·호남지원,지점,지식재산처,기타공공기관,대전광역시 서구 둔산로 111 (둔산동) 대전둔산우체국 10층 6호,042-471-5805,-,042-472-5898,-,-,-
중앙/지방(기관리스트),한국지식재산연구원,한국지식재산연구원,본점,지식재산처,기타공공기관,"서울특별시 강남구 테헤란로 131 (역삼동) 3층, 9층",02-2189-2600,-,02-2189-2694,kiip@kiip.re.kr,-,-
중앙/지방(기관리스트),한국지역난방공사,한국지역난방공사,본점,기후에너지환경부,공기업(시장형),경기도 성남시 분당구 분당로 368 (분당동) 한국지역난방공사,1688-2488,1688-2488,-,-,-,-
중앙/지방(기관리스트),한국지역난방공사,한국지역난방공사 강남지사,지점,기후에너지환경부,공기업(시장형),서울특별시 강남구 양재대로 781 (수서동) 한국지역난방공사 강남지사,1688-2488,-,02-3412-2484,-,-,-
중앙/지방(기관리스트),한국지역난방공사,한국지역난방공사 고양사업소,지점,기후에너지환경부,공기업(시장형),경기도 고양시 일산동구 경의로 149 (백석동) 한국지역난방공사 고양사업소,1688-2488,-,031-901-3145,-,-,-
중앙/지방(기관리스트),한국지역난방공사,한국지역난방공사 광교지사,지점,기후에너지환경부,공기업(시장형),경기도 수원시 영통구 창룡대로 475 (이의동) 한국지역난방공사 광교지사,1688-2488,-,031-251-0061,-,-,-
중앙/지방(기관리스트),한국지역난방공사,한국지역난방공사 광주전남지사,지점,기후에너지환경부,공기업(시장형),전라남도 나주시 산포면 신도산단길 65 한국지역난방공사 광주전남지사,1688-2488,-,061-337-9916,-,-,-
중앙/지방(기관리스트),한국지역난방공사,한국지역난방공사 김해사업소,지점,기후에너지환경부,공기업(시장형),경상남도 김해시 부곡로 44 (부곡동) 한국지역난방공사 김해사업소,1688-2488,-,055-314-2489,-,-,-
중앙/지방(기관리스트),한국지역난방공사,한국지역난방공사 대구지사,지점,기후에너지환경부,공기업(시장형),대구광역시 달서구 달서대로 351 (대천동) 한국지역난방공사 대구지사,1688-2488,-,053-581-1385,-,-,-
중앙/지방(기관리스트),한국지역난방공사,한국지역난방공사 동탄지사,지점,기후에너지환경부,공기업(시장형),경기도 화성시 동탄기흥로 166 (방교동) 한국지역난방공사 동탄지사,1688-2488,-,031-378-8428,-,-,-
중앙/지방(기관리스트),한국지역난방공사,한국지역난방공사 미래개발원,지점,기후에너지환경부,공기업(시장형),경기도 용인시 기흥구 기곡로 92 (하갈동) 한국지역난방공사 미래개발원,1688-2488,-,031-282-6037,-,-,-
중앙/지방(기관리스트),한국지역난방공사,한국지역난방공사 분당사업소,지점,기후에너지환경부,공기업(시장형),경기도 성남시 분당구 분당로 368 (분당동) 한국지역난방공사 분당사업소,1688-2488,-,031-702-2183,-,-,-
중앙/지방(기관리스트),한국지역난방공사,한국지역난방공사 삼송지사,지점,기후에너지환경부,공기업(시장형),경기도 고양시 덕양구 동축로 16 (동산동) 한국지역난방공사 삼송지사,1688-2488,-,02-356-2494,-,-,-
중앙/지방(기관리스트),한국지역난방공사,한국지역난방공사 세종지사,지점,기후에너지환경부,공기업(시장형),세종특별자치시 라온로 121 (가람동) 한국지역난방공사 세종지사,1688-2488,-,044-868-9081,-,-,-
중앙/지방(기관리스트),한국지역난방공사,한국지역난방공사 수원사업소,지점,기후에너지환경부,공기업(시장형),경기도 수원시 영통구 매영로 293 (영통동) 한국지역난방공사 수원사업소,1688-2488,-,031-202-8477,-,-,-
중앙/지방(기관리스트),한국지역난방공사,한국지역난방공사 양산지사,지점,기후에너지환경부,공기업(시장형),경상남도 양산시 동면 강변로 266 한국지역난방공사 양산지사,1688-2488,-,055-371-0599,-,-,-
중앙/지방(기관리스트),한국지역난방공사,한국지역난방공사 용인지사,지점,기후에너지환경부,공기업(시장형),경기도 용인시 수지구 만현로 11 (풍덕천동) 한국지역난방공사 용인지사,1688-2488,-,031-266-3816,-,-,-
중앙/지방(기관리스트),한국지역난방공사,한국지역난방공사 중앙지사(상암),지점,기후에너지환경부,공기업(시장형),서울특별시 마포구 하늘공원로 84 (상암동) 한국지역난방공사 중앙지사,1688-2488,-,02-372-2481,-,-,-
중앙/지방(기관리스트),한국지역난방공사,한국지역난방공사 중앙지사(중앙),지점,기후에너지환경부,공기업(시장형),서울특별시 마포구 토정로 56 (합정동) 한국지역난방공사 중앙열원,1688-2488,-,02-335-6298,-,-,-
중앙/지방(기관리스트),한국지역난방공사,한국지역난방공사 청주지사,지점,기후에너지환경부,공기업(시장형),충청북도 청주시 서원구 3순환로644번길 159 (죽림동) 한국지역난방공사 청주지사,1688-2488,-,043-234-1666,-,-,-
중앙/지방(기관리스트),한국지역난방공사,한국지역난방공사 파주지사,지점,기후에너지환경부,공기업(시장형),경기도 파주시 청석로 380 (다율동) 한국지역난방공사 파주지사,1688-2488,-,031-957-2962,-,-,-
중앙/지방(기관리스트),한국지역난방공사,한국지역난방공사 판교지사,지점,기후에너지환경부,공기업(시장형),경기도 성남시 분당구 판교로228번길 88 (백현동) 한국지역난방공사 판교지사,1688-2488,-,031-706-1488,-,-,-
중앙/지방(기관리스트),한국지역난방공사,한국지역난방공사 평택지사,지점,기후에너지환경부,공기업(시장형),경기도 평택시 고덕면 도시지원1길 59 한국지역난방공사 평택지사,1688-2488,-,-,-,-,-
중앙/지방(기관리스트),한국지역난방공사,한국지역난방공사 화성지사,지점,기후에너지환경부,공기업(시장형),경기도 화성시 큰재봉길 16 (석우동) 한국지역난방공사 화성지사,1688-2488,-,031-374-9976,-,-,-
중앙/지방(기관리스트),한국직업능력연구원,한국직업능력연구원,본점,국무조정실,기타공공기관,세종특별자치시 시청대로 370 (반곡동) 세종국책연구단지 사회정책동 한국직업능력개발원,044-415-5000,-,-,-,-,-
중앙/지방(기관리스트),한국철도공사,한국철도공사,본점,국토교통부,공기업(준시장형),대전광역시 동구 중앙로 240 (소제동) 한국철도공사,1588-7788,1544-7788,02-631-8385,-,-,-
중앙/지방(기관리스트),한국철도공사,한국철도공사 강원본부,지점,국토교통부,공기업(준시장형),강원도 동해시 동해역길 69 (송정동) 한국철도공사 강원본부,033-520-2232,-,02-361-8446,-,-,-
중앙/지방(기관리스트),한국철도공사,한국철도공사 경북본부,지점,국토교통부,공기업(준시장형),경상북도 영주시 시청로2번길 30 (휴천동) 한국철도공사 경북본부,054-639-2155,-,02-361-8509,-,-,-
중앙/지방(기관리스트),한국철도공사,한국철도공사 광주본부,지점,국토교통부,공기업(준시장형),광주광역시 북구 무등로 235 (중흥동) 한국철도공사 광주본부,062-605-2122,-,062-605-2134,-,-,-
중앙/지방(기관리스트),한국철도공사,한국철도공사 대구본부,지점,국토교통부,공기업(준시장형),대구광역시 동구 동대구로 550 (신암동) 한국철도공사 대구본부,053-940-2126,-,053-940-2156,-,-,-
중앙/지방(기관리스트),한국철도공사,한국철도공사 대전충남본부,지점,국토교통부,공기업(준시장형),대전광역시 동구 중앙로 215 (정동) 한국철도공사 대전충남본부,042-259-2222,-,02-361-8454,-,-,-
중앙/지방(기관리스트),한국철도공사,한국철도공사 부산경남본부,지점,국토교통부,공기업(준시장형),부산광역시 동구 중앙대로 206 (초량동) 한국철도공사 부산경남본부,051-440-2816,-,051-440-2403,-,-,-
중앙/지방(기관리스트),한국철도공사,한국철도공사 서울본부,지점,국토교통부,공기업(준시장형),서울특별시 중구 청파로 426 (봉래동2가) 철도빌딩 5층(한국철도공사 서도권서부본부),02-3149-2133,-,02-361-8400,-,-,-
중앙/지방(기관리스트),한국철도공사,한국철도공사 수도권동부본부,지점,국토교통부,공기업(준시장형),서울특별시 동대문구 한천로 472 (이문동) 한국철도공사 수도권동부본부,02-3299-7701,-,02-3299-7981,-,-,-
중앙/지방(기관리스트),한국철도공사,한국철도공사 수도권서부본부,지점,국토교통부,공기업(준시장형),서울특별시 영등포구 도영로 115 (영등포동) 한국철도공사 수도권서부본부,02-2639-3714,-,02-361-8410,-,-,-
중앙/지방(기관리스트),한국철도공사,한국철도공사 전남본부,지점,국토교통부,공기업(준시장형),전라남도 순천시 팔마로 119 (조곡동) 한국철도공사 전남본부,061-749-2134,-,02-361-8493,-,-,-
중앙/지방(기관리스트),한국철도공사,한국철도공사 전북본부,지점,국토교통부,공기업(준시장형),전라북도 익산시 익산대로 153 (창인동2가) 한국철도공사 전북본부,063-850-2216,-,063-850-2243,-,-,-
중앙/지방(기관리스트),한국철도공사,한국철도공사 충북본부,지점,국토교통부,공기업(준시장형),충청북도 제천시 의림대로 1 (영천동) 한국철도공사 충북본부,043-641-2110,-,02-361-8464,-,-,-
중앙/지방(기관리스트),한국청소년상담복지개발원,한국청소년상담복지개발원,본점,성평등가족부,기타공공기관,부산광역시 해운대구 센텀중앙로 79 (우동) 센텀사이언스 파크 7~10층,051-662-3000,1388,051-662-3008,ywchun@kyci.or.kr,-,-
중앙/지방(기관리스트),한국청소년상담복지개발원,한국청소년상담복지개발원 국립대구청소년디딤센터,지점,성평등가족부,기타공공기관,대구광역시 달성군 구지면 국가산단남로 609 국립대구청소년디딤센터,053-665-6900,-,053-615-6901,-,-,-
중앙/지방(기관리스트),한국청소년상담복지개발원,한국청소년상담복지개발원 국립중앙청소년디딤센터,지점,성평등가족부,기타공공기관,경기도 용인시 처인구 남사읍 각궁로 252-76 국립중앙청소년디딤센터,031-333-1900,-,031-333-7200,-,-,-
중앙/지방(기관리스트),한국청소년상담복지개발원,한국청소년상담복지개발원 국립청소년인터넷드림마을,지점,성평등가족부,기타공공기관,전라북도 무주군 안성면 장무로 1559-11 국립청소년인터넷드림마을,063-323-2646,-,063-324-2293,-,-,-
중앙/지방(기관리스트),한국청소년정책연구원,한국청소년정책연구원,본점,국무조정실,기타공공기관,세종특별자치시 시청대로 370 (반곡동) 사회정책동,044-415-2114,-,044-415-2369,-,-,-
중앙/지방(기관리스트),한국청소년활동진흥원,한국청소년활동진흥원,본점,성평등가족부,기타공공기관,서울특별시 서대문구 경기대로 47(충정로2가) 진양빌딩 5층,02-330-2800,-,02-6430-0903,kywa@kywa.or.kr,-,-
중앙/지방(기관리스트),한국청소년활동진흥원,한국청소년활동진흥원 국립중앙청소년수련원,지점,성평등가족부,기타공공기관,충청남도 천안시 동남구 목천읍 서리4길 48 48,041-620-7700,-,041-620-7769,-,-,-
중앙/지방(기관리스트),한국청소년활동진흥원,한국청소년활동진흥원 국립청소년농생명센터,지점,성평등가족부,기타공공기관,전라북도 김제시 부량면 벽골제로 421 421,063-540-5600,-,063-540-5603,-,-,-
중앙/지방(기관리스트),한국청소년활동진흥원,한국청소년활동진흥원 국립청소년우주센터,지점,성평등가족부,기타공공기관,전라남도 고흥군 동일면 덕흥양쪽길 200 200,061-830-1500,-,061-830-1600,-,-,-
중앙/지방(기관리스트),한국청소년활동진흥원,한국청소년활동진흥원 국립청소년해양센터,지점,성평등가족부,기타공공기관,경상북도 영덕군 영덕읍 영덕대게로 911-44 911-44,054-730-8500,-,054-730-8549,-,-,-
중앙/지방(기관리스트),한국청소년활동진흥원,한국청소년활동진흥원 국립평창청소년수련원,지점,성평등가족부,기타공공기관,강원도 평창군 용평면 새터마을길 108 108,033-330-0800,-,033-330-0901,-,-,-
중앙/지방(기관리스트),한국체육산업개발(주),한국체육산업개발(주),본점,문화체육관광부,기타공공기관,서울특별시 송파구 올림픽로 424 (방이동) 올림픽역도경기장 내,02-410-1114,-,-,-,-,-
중앙/지방(기관리스트),한국출판문화산업진흥원,한국출판문화산업진흥원,본점,문화체육관광부,기타공공기관,전북특별자치도 전주시 덕진구 중동로 63 (장동) 한국출판문화산업진흥원,063-219-2700,-,-,kpipa@kpipa.or.kr,-,-
중앙/지방(기관리스트),한국출판문화산업진흥원,한국출판문화산업진흥원 서울사무소,지점,문화체육관광부,기타공공기관,서울특별시 마포구 월드컵북로 400 (상암동) 문화콘텐츠센터 903호,02-3153-2795,-,02-3153-2790,kpipa@kpipa.or.kr,-,-
중앙/지방(기관리스트),한국치산기술협회,한국치산기술협회,본점,산림청,기타공공기관,충청북도 청주시 흥덕구 오송읍 오송생명3로 150 7층,043-279-5305,-,043-238-8182,-,-,-
중앙/지방(기관리스트),한국콘텐츠진흥원,한국콘텐츠진흥원,본점,문화체육관광부,기타공공기관,전라남도 나주시 교육길 35(빛가람동) 한국콘텐츠진흥원,1566-1114,1566-1114,-,-,-,-
중앙/지방(기관리스트),한국콘텐츠진흥원,한국콘텐츠진흥원 CKL기업지원센터,지점,문화체육관광부,기타공공기관,서울특별시 중구 청계천로 40 (다동) CKL기업지원센터,02-6441-3633,-,02-6441-3620,leeh@kocca.kr,-,-
중앙/지방(기관리스트),한국콘텐츠진흥원,한국콘텐츠진흥원 글로벌게임허브센터,지점,문화체육관광부,기타공공기관,경기도 성남시 수정구 창업로 54 (시흥동) 판교 제2테크노밸리 LH기업성장센터 9층,031-759-2022,-,031-759-2015,hjyoon@kocca.kr,-,-
중앙/지방(기관리스트),한국콘텐츠진흥원,한국콘텐츠진흥원 문화체육관광기술진흥센터,지점,문화체육관광부,기타공공기관,대전광역시 중구 중앙로 85(선화동) 의회동 2층,1566-1114,-,042-330-6639,-,-,-
중앙/지방(기관리스트),한국콘텐츠진흥원,한국콘텐츠진흥원 상암분원,지점,문화체육관광부,기타공공기관,서울특별시 마포구 월드컵북로54길 12 (상암동) 디지털매직스페이스,02-300-5901,-,02-300-5905,big2000@kocca.kr,-,-
중앙/지방(기관리스트),한국콘텐츠진흥원,한국콘텐츠진흥원 스튜디오큐브(대전),지점,문화체육관광부,기타공공기관,대전광역시 유성구 대덕대로 480 (도룡동) 스튜디오큐브,042-719-6102,-,-,sphong@kocca.kr,-,-
중앙/지방(기관리스트),한국콘텐츠진흥원,한국콘텐츠진흥원 역삼분원,지점,문화체육관광부,기타공공기관,서울특별시 강남구 논현로 525 (역삼동) 한국콘텐츠진흥원,02-2016-4141,-,02-2016-4150,pyb3@kocca.kr,-,-
중앙/지방(기관리스트),한국콘텐츠진흥원,한국콘텐츠진흥원 콘텐츠인재캠퍼스,지점,문화체육관광부,기타공공기관,서울특별시 동대문구 회기로 66 (청량리동) 콘텐츠인재캠퍼스,02-6310-0622,-,02-0689-0690,dhpark@kocca.kr,-,-
중앙/지방(기관리스트),한국탄소산업진흥원,한국탄소산업진흥원,본점,산업통상부,기타공공기관,전라북도 전주시 덕진구 반룡로 111(팔복동2가) 한국탄소산업진흥원,063-219-3500,-,063-213-2337,info@kcarbon.or.kr,-,-
중앙/지방(기관리스트),한국토지주택공사,한국토지주택공사,본점,국토교통부,공기업(준시장형),경상남도 진주시 충의로 19 (충무공동) 한국토지주택공사 본사,1600-1004,1600-1004,-,-,-,-
중앙/지방(기관리스트),한국토지주택공사,한국토지주택공사  순천권주거복지지사,지점,국토교통부,공기업(준시장형),전라남도 순천시 중앙로 260 (석현동) 3층,061-900-4331,-,-,-,-,-
중앙/지방(기관리스트),한국토지주택공사,한국토지주택공사 강릉권주거복지지사,지점,국토교통부,공기업(준시장형),강원도 강릉시 율곡로 2846 (옥천동) 센트럴타워 2층,033-610-5178,-,-,-,-,-
중앙/지방(기관리스트),한국토지주택공사,한국토지주택공사 강원지역본부,지점,국토교통부,공기업(준시장형),강원도 춘천시 공지로 337 (효자동) LH 강원지역본부,033-258-4400,-,033-258-4140,-,-,-
중앙/지방(기관리스트),한국토지주택공사,한국토지주택공사 경기지역본부,지점,국토교통부,공기업(준시장형),경기도 성남시 분당구 성남대로54번길 3 (구미동) LH 경기지역본부,031-250-8380,-,031-778-6179,-,-,-
중앙/지방(기관리스트),한국토지주택공사,한국토지주택공사 경남서부권주거복지지사,지점,국토교통부,공기업(준시장형),경상남도 진주시 솔밭로 121 (상대동) 1층,055-922-1501,-,-,-,-,-
중앙/지방(기관리스트),한국토지주택공사,한국토지주택공사 경남지역본부,지점,국토교통부,공기업(준시장형),경상남도 창원시 의창구 중앙대로 215 (용호동) LH 경남지역본부,055-210-8680,-,055-287-0512,-,-,-
중앙/지방(기관리스트),한국토지주택공사,한국토지주택공사 경북동부권주거복지지사,지점,국토교통부,공기업(준시장형),경상북도 포항시 남구 포스코대로 369 (대도동) LH경북동부권주거복지지사,054-280-4765,-,-,-,-,-
중앙/지방(기관리스트),한국토지주택공사,한국토지주택공사 경북북부권주거복지지사,지점,국토교통부,공기업(준시장형),경상북도 안동시 광명로 166 (옥동) 한양빌딩3층,054-853-9940,-,-,-,-,-
중앙/지방(기관리스트),한국토지주택공사,한국토지주택공사 경북서부권주거복지지사,지점,국토교통부,공기업(준시장형),경상북도 구미시 송원동로 7 (송정동) 용은빌딩1층,054-450-3802,-,-,-,-,-
중앙/지방(기관리스트),한국토지주택공사,한국토지주택공사 고양권주거복지지사,지점,국토교통부,공기업(준시장형),경기도 고양시 일산서구 강성로 247 (대화동) 명진프라자 1002호,031-927-3055,-,-,-,-,-
중앙/지방(기관리스트),한국토지주택공사,한국토지주택공사 고양사업본부,지점,국토교통부,공기업(준시장형),경기도 고양시 덕양구 덕수천1로 13 (삼송동) LH 고양사업본부,031-960-9800,-,031-930-9737,-,-,-
중앙/지방(기관리스트),한국토지주택공사,한국토지주택공사 광명시흥사업본부,지점,국토교통부,공기업(준시장형),경기도 광명시 일직로12번길 14 (일직동) LH 광명시흥사업본부,02-2026-9400,-,02-2026-9419,-,-,-
중앙/지방(기관리스트),한국토지주택공사,한국토지주택공사 광주광산권주거복지지사,지점,국토교통부,공기업(준시장형),광주광역시 광산구 풍영로200번길 9 (장덕동) 5층,062-441-2962,-,-,-,-,-
중앙/지방(기관리스트),한국토지주택공사,한국토지주택공사 광주북부권주거복지지사,지점,국토교통부,공기업(준시장형),광주광역시 북구 하서로483번길 2 (본촌동) 2층,062-456-0225,-,-,-,-,-
중앙/지방(기관리스트),한국토지주택공사,한국토지주택공사 광주전남지역본부,지점,국토교통부,공기업(준시장형),광주광역시 서구 시청로 91 (치평동) LH광주전남지역본부,062-360-3114,-,062-385-3981,-,-,-
중앙/지방(기관리스트),한국토지주택공사,한국토지주택공사 김포권주거복지지사,지점,국토교통부,공기업(준시장형),경기도 김포시 김포한강4로 129 (장기동) 하나썬시티 11층,031-8048-5301,-,-,-,-,-
중앙/지방(기관리스트),한국토지주택공사,한국토지주택공사 김해권주거복지지사,지점,국토교통부,공기업(준시장형),경상남도 김해시 장유로 270 (부곡동) 2층,055-907-8500,-,-,-,-,-
중앙/지방(기관리스트),한국토지주택공사,한국토지주택공사 남양주권주거복지지사,지점,국토교통부,공기업(준시장형),경기도 구리시 건원대로 44 (인창동) 5층,031-590-6669,-,-,-,-,-
중앙/지방(기관리스트),한국토지주택공사,한국토지주택공사 대구경북지역본부,지점,국토교통부,공기업(준시장형),대구광역시 달서구 상화로 272 (도원동) LH 대구경북지역본부,053-603-2640,-,053-603-2530,-,-,-
중앙/지방(기관리스트),한국토지주택공사,한국토지주택공사 대구동부권주거복지지사,지점,국토교통부,공기업(준시장형),대구광역시 동구 신서로 40 (신서동) 명진빌딩 4층,053-960-3618,-,-,-,-,-
중앙/지방(기관리스트),한국토지주택공사,한국토지주택공사 대구서부권주거복지지사,지점,국토교통부,공기업(준시장형),대구광역시 달성군 화원읍 사문진로 441 LH 대구서부권주거복지지사,053-610-9924,-,-,-,-,-
중앙/지방(기관리스트),한국토지주택공사,한국토지주택공사 대전북부권주거복지지사,지점,국토교통부,공기업(준시장형),대전광역시 유성구 계룡로 114 (봉명동) BYC 9층,042-349-0823,-,-,-,-,-
중앙/지방(기관리스트),한국토지주택공사,한국토지주택공사 대전충남지역본부,지점,국토교통부,공기업(준시장형),대전광역시 서구 둔산중로 108 (둔산동) LH 대전충남지역본부,042-470-0117,-,042-470-0079,-,-,-
중앙/지방(기관리스트),한국토지주택공사,한국토지주택공사 동탄사업본부,지점,국토교통부,공기업(준시장형),경기도 화성시 노작로 10 (오산동) LH 동탄사업본부,031-379-6800,-,031-378-5199,-,-,-
중앙/지방(기관리스트),한국토지주택공사,한국토지주택공사 목포권주거복지지사,지점,국토교통부,공기업(준시장형),전라남도 목포시 수문로 32 (남교동) 남교트윈스타 2층,061-983-3304,-,-,-,-,-
중앙/지방(기관리스트),한국토지주택공사,한국토지주택공사 미군기지본부,지점,국토교통부,공기업(준시장형),서울특별시 용산구 장문로 9 (이태원동) LH 미군기지본부,02-6908-9007,-,02-6908-9069,-,-,-
중앙/지방(기관리스트),한국토지주택공사,한국토지주택공사 부산동부권주거복지지사,지점,국토교통부,공기업(준시장형),부산광역시 금정구 중앙대로 1883 (구서동) 3층,051-460-6053,-,-,-,-,-
중앙/지방(기관리스트),한국토지주택공사,한국토지주택공사 부산울산지역본부,지점,국토교통부,공기업(준시장형),부산광역시 동구 중앙대로 224 (초량동) LH 부산울산지역본부,051-460-5401,-,051-465-0930,-,-,-
중앙/지방(기관리스트),한국토지주택공사,한국토지주택공사 부천권주거복지지사,지점,국토교통부,공기업(준시장형),경기도 부천시 길주로 281 (중동) 6층,032-450-8260,-,-,-,-,-
중앙/지방(기관리스트),한국토지주택공사,한국토지주택공사 서울남부권주거복지지사,지점,국토교통부,공기업(준시장형),서울특별시 강남구 선릉로 514 (삼성동) 1층,02-2182-2733,-,-,-,-,-
중앙/지방(기관리스트),한국토지주택공사,한국토지주택공사 서울동부권주거복지지사,지점,국토교통부,공기업(준시장형),경기도 하남시 조정대로 72 (풍산동) LH하남사업단 별관,031-790-9303,-,-,-,-,-
중앙/지방(기관리스트),한국토지주택공사,한국토지주택공사 서울서부권주거복지지사,지점,국토교통부,공기업(준시장형),서울특별시 영등포구 양산로 107 (당산동3가) 1층,02-2169-8801,-,-,-,-,-
중앙/지방(기관리스트),한국토지주택공사,한국토지주택공사 서울중부권주거복지지사,지점,국토교통부,공기업(준시장형),서울특별시 종로구 창경궁로 112-7 (인의동) 10층,02-6454-2700,-,-,-,-,-
중앙/지방(기관리스트),한국토지주택공사,한국토지주택공사 서울지역본부,지점,국토교통부,공기업(준시장형),서울특별시 강남구 선릉로121길 12 (논현동) LH 서울지역본부,02-3416-3600,-,02-3416-3741,-,-,-
중앙/지방(기관리스트),한국토지주택공사,한국토지주택공사 성남권주거복지지사,지점,국토교통부,공기업(준시장형),경기도 성남시 분당구 서현로 192 (서현동) 11층,031-778-3105,-,-,-,-,-
중앙/지방(기관리스트),한국토지주택공사,한국토지주택공사 세종권주거복지지사,지점,국토교통부,공기업(준시장형),세종특별자치시 한누리대로 296 (나성동) 1층 및 4층,044-902-2371,-,-,-,-,-
중앙/지방(기관리스트),한국토지주택공사,한국토지주택공사 세종특별본부,지점,국토교통부,공기업(준시장형),세종특별자치시 가름로 238-3 (어진동) LH세종특별본부,044-860-7429,-,044-860-7444,-,-,-
중앙/지방(기관리스트),한국토지주택공사,한국토지주택공사 수원권주거복지지사,지점,국토교통부,공기업(준시장형),경기도 수원시 영통구 광교로 146 (이의동) 광교 안효회관 11층,031-323-9105,-,-,-,-,-
중앙/지방(기관리스트),한국토지주택공사,한국토지주택공사 시흥권주거복지지사,지점,국토교통부,공기업(준시장형),경기도 시흥시 승지로60번길 28 (능곡동) 3층,031-362-7722,-,-,-,-,-
중앙/지방(기관리스트),한국토지주택공사,한국토지주택공사 안양권주거복지지사,지점,국토교통부,공기업(준시장형),경기도 안양시 동안구 평촌대로212번길 55 (관양동) 2층,031-467-5723,-,-,-,-,-
중앙/지방(기관리스트),한국토지주택공사,한국토지주택공사 양산권주거복지지사,지점,국토교통부,공기업(준시장형),경상남도 양산시 물금읍 청운로 358 2층,055-362-7281,-,-,-,-,-
중앙/지방(기관리스트),한국토지주택공사,한국토지주택공사 양주사업본부,지점,국토교통부,공기업(준시장형),경기도 양주시 옥정로 153-15 (옥정동) LH 양주사업본부,031-820-8700,-,031-820-8777,-,-,-
중앙/지방(기관리스트),한국토지주택공사,한국토지주택공사 오산권주거복지지사,지점,국토교통부,공기업(준시장형),경기도 오산시 경기대로761번길 36 (세교동) 2층,031-377-9043,-,-,-,-,-
중앙/지방(기관리스트),한국토지주택공사,한국토지주택공사 용인권주거복지지사,지점,국토교통부,공기업(준시장형),경기도 용인시 기흥구 동백중앙로 225-6 (중동) 9층,031-280-4751,-,-,-,-,-
중앙/지방(기관리스트),한국토지주택공사,한국토지주택공사 울산권주거복지지사,지점,국토교통부,공기업(준시장형),울산광역시 남구 중앙로 179 (신정동) 2층,052-932-4802,-,-,-,-,-
중앙/지방(기관리스트),한국토지주택공사,한국토지주택공사 원주권주거복지지사,지점,국토교통부,공기업(준시장형),강원도 원주시 양지로 26 (반곡동) 3층,033-737-7700,-,-,-,-,-
중앙/지방(기관리스트),한국토지주택공사,한국토지주택공사 위례사업본부,지점,국토교통부,공기업(준시장형),경기도 성남시 수정구 헌릉로 879 (복정동) LH 위례사업본부,031-786-6300,-,031-786-6402,-,-,-
중앙/지방(기관리스트),한국토지주택공사,한국토지주택공사 의정부권주거복지지사,지점,국토교통부,공기업(준시장형),경기도 의정부시 신흥로 251 (의정부동) 8층,031-822-4006,-,-,-,-,-
중앙/지방(기관리스트),한국토지주택공사,한국토지주택공사 익산권주거복지지사,지점,국토교통부,공기업(준시장형),전라북도 익산시 선화로3길 16-10 (모현동1가) 5층,063-840-0925,-,-,-,-,-
중앙/지방(기관리스트),한국토지주택공사,한국토지주택공사 인천남동권주거복지지사,지점,국토교통부,공기업(준시장형),인천광역시 남동구 선수촌공원로17번길 12 (구월동) 6층,032-717-5253,-,-,-,-,-
중앙/지방(기관리스트),한국토지주택공사,한국토지주택공사 인천북서권주거복지지사,지점,국토교통부,공기업(준시장형),인천광역시 미추홀구 경인로 434 (주안동) 에이스빌딩 8층,032-717-8501,-,-,-,-,-
중앙/지방(기관리스트),한국토지주택공사,한국토지주택공사 인천지역본부,지점,국토교통부,공기업(준시장형),인천광역시 남동구 논현로46번길 23 (논현동) LH 인천지역본부,032-890-5800,-,032-890-5808,-,-,-
중앙/지방(기관리스트),한국토지주택공사,한국토지주택공사 전북남부권주거복지지사,지점,국토교통부,공기업(준시장형),전라북도 정읍시 중앙로 56 (연지동) 금오빌딩 4층,063-570-2319,-,-,-,-,-
중앙/지방(기관리스트),한국토지주택공사,한국토지주택공사 전북지역본부,지점,국토교통부,공기업(준시장형),전라북도 전주시 완산구 홍산로 158 (효자동2가) LH전북지역본부,063-230-6100,-,063-230-6149,-,-,-
중앙/지방(기관리스트),한국토지주택공사,한국토지주택공사 제주지역본부,지점,국토교통부,공기업(준시장형),제주특별자치도 제주시 전농로 100 (삼도일동) LH 제주지역본부,064-720-1004,-,054-720-1007,-,-,-
중앙/지방(기관리스트),한국토지주택공사,한국토지주택공사 천안권주거복지지사,지점,국토교통부,공기업(준시장형),충청남도 아산시 배방읍 공원로 52 1층,041-538-5826,-,-,-,-,-
중앙/지방(기관리스트),한국토지주택공사,한국토지주택공사 청라영종사업본부,지점,국토교통부,공기업(준시장형),인천광역시 서구 중봉대로715번길 13 (청라동) LH 청라영종사업본부,032-540-1700,-,032-540-1749,-,-,-
중앙/지방(기관리스트),한국토지주택공사,한국토지주택공사 충남남부권주거복지지사,지점,국토교통부,공기업(준시장형),대전광역시 동구 우암로 250 (가양동) 나로프라자 5층,042-349-4613,-,-,-,-,-
중앙/지방(기관리스트),한국토지주택공사,한국토지주택공사 충남북부권주거복지지사,지점,국토교통부,공기업(준시장형),충청남도 공주시 신관로 38 (신관동) 주원빌딩 3층,041-854-8359,-,-,-,-,-
중앙/지방(기관리스트),한국토지주택공사,한국토지주택공사 충북동북부권주거복지지사,지점,국토교통부,공기업(준시장형),충청북도 증평군 증평읍 중앙로 148 대성빌딩 3층,043-820-9155,-,-,-,-,-
중앙/지방(기관리스트),한국토지주택공사,한국토지주택공사 충북지역본부,지점,국토교통부,공기업(준시장형),충청북도 청주시 서원구 청남로 2060 (수곡동) LH 충북지역본부,043-290-3501,-,043-298-2842,-,-,-
중앙/지방(기관리스트),한국토지주택공사,한국토지주택공사 토지주택연구원,지점,국토교통부,공기업(준시장형),대전광역시 유성구 엑스포로539번길 99 (전민동) LH 토지주택연구원,042-866-8400,-,042-863-1608,-,-,-
중앙/지방(기관리스트),한국토지주택공사,한국토지주택공사 파주권주거복지지사,지점,국토교통부,공기업(준시장형),경기도 파주시 미래로 375 (동패동) 6층,031-944-5604,-,-,-,-,-
중앙/지방(기관리스트),한국토지주택공사,한국토지주택공사 파주사업본부,지점,국토교통부,공기업(준시장형),경기도 파주시 와석순환로 470 (와동동) LH 파주사업본부,031-956-1000,-,031-956-1020,-,-,-
중앙/지방(기관리스트),한국토지주택공사,한국토지주택공사 평택사업본부,지점,국토교통부,공기업(준시장형),경기도 평택시 청원로 1148 (장당동) LH 평택사업본부,031-612-8954,-,031-612-8960,-,-,-
중앙/지방(기관리스트),한국토지주택공사,한국토지주택공사 평택안성권주거복지지사,지점,국토교통부,공기업(준시장형),"경기도 평택시 정암로 10 (서정동, 서정아트타워) 2층",031-377-3426,-,-,-,-,-
중앙/지방(기관리스트),한국토지주택공사,한국토지주택공사 하남사업본부,지점,국토교통부,공기업(준시장형),경기도 하남시 조정대로 72 (풍산동) LH 하남사업본부,031-790-9300,-,031-790-7896,-,-,-
중앙/지방(기관리스트),한국토지주택공사,한국토지주택공사 화성권주거복지지사,지점,국토교통부,공기업(준시장형),경기도 화성시 메타폴리스로 53 (반송동) 4층,031-831-2450,-,-,-,-,-
중앙/지방(기관리스트),한국토지주택공사,한국토지주택공사 화성사업본부,지점,국토교통부,공기업(준시장형),경기도 화성시 태안로 159-26 (병점동) LH 화성사업본부,031-228-0123,-,031-228-0144,-,-,-
중앙/지방(기관리스트),한국투자공사,한국투자공사,본점,재정경제부,기타공공기관,서울특별시 중구 퇴계로 100 (회현동2가) 17층 18층 19층,02-2179-1000,-,-,info_kic@kic.go.kr,-,-
중앙/지방(기관리스트),한국특허기술진흥원,한국특허기술진흥원,본점,지식재산처,기타공공기관,대전광역시 서구 문정로48번길 48(탄방동) 6~8층,042-719-2400,-,042-719-2450,kipro@kipro.or.kr,-,-
중앙/지방(기관리스트),한국특허기술진흥원,한국특허기술진흥원 서울지점,지점,지식재산처,기타공공기관,서울특별시 마포구 연희로 11(동교동) 한국특허기술진흥원,02-6915-6000,-,02-6915-6050,-,-,-
중앙/지방(기관리스트),한국특허전략개발원,한국특허전략개발원,본점,지식재산처,기타공공기관,대전광역시 중구 대종로 540 (선화동) 13 ~ 15층,042-251-1700,-,042-251-1796,-,-,-
중앙/지방(기관리스트),한국특허전략개발원,한국특허전략개발원 서울 분원,지점,지식재산처,기타공공기관,서울특별시 강남구 테헤란로 131 (역삼동) 한국지식재산센터 8층,042-251-1700,-,-,-,-,-
중앙/지방(기관리스트),한국특허정보원,한국특허정보원,본점,지식재산처,기타공공기관,"대전광역시 서구 둔산서로 137 (둔산동) 5층(둔산동, KDB빌딩)",02-6915-1400,-,02-6915-1409,-,-,-
중앙/지방(기관리스트),한국특허정보원,한국특허정보원 부설기관(특허정보진흥센터),지점,지식재산처,기타공공기관,대전광역시 서구 문정로48번길 48 (탄방동) 특허정보진흥센터,042-719-2400,-,042-719-2450,-,-,-
중앙/지방(기관리스트),한국특허정보원,한국특허정보원 서울지원,지점,지식재산처,기타공공기관,"서울특별시 강남구 테헤란로 131 (역삼동) 7층(역삼동, 한국지식재산센터)",02-6915-1400,-,02-6915-1409,-,-,-
중앙/지방(기관리스트),한국학중앙연구원,한국학중앙연구원,본점,교육부,기타공공기관,경기도 성남시 분당구 하오개로 323 (운중동) 한국학중앙연구원,031-709-8111,-,031-730-8729,innopr@aks.ac.kr,-,-
중앙/지방(기관리스트),한국한의약진흥원,한국한의약진흥원,본점,보건복지부,기타공공기관,경상북도 경산시 화랑로 94 (갑제동) 한국한의약진흥원,053-810-0202,-,053-801-9897,-,-,-
중앙/지방(기관리스트),한국한의약진흥원,"한국한의약진흥원 경산본원(전략기획실, 경영지원본부, 한의약개발본부)",지점,보건복지부,기타공공기관,경상북도 경산시 화랑로 94 (갑제동) 한국한의약진흥원,053-810-0202,-,053-801-9897,-,-,-
중앙/지방(기관리스트),한국한의약진흥원,한국한의약진흥원 대구센터(품질인증센터),지점,보건복지부,기타공공기관,대구광역시 중구 남성로 17 (남성로) 한국한의약진흥원 품질인증센터,053-810-0365,-,053-421-8050,-,-,-
중앙/지방(기관리스트),한국한의약진흥원,한국한의약진흥원 서울분원(정책본부),지점,보건복지부,기타공공기관,서울특별시 중구 퇴계로 173 (충무로3가) 12층,02-3393-4500,-,02-3662-6716,-,-,-
중앙/지방(기관리스트),한국한의약진흥원,한국한의약진흥원 전남분원(한약자원개발본부),지점,보건복지부,기타공공기관,전라남도 장흥군 안양면 우드랜드길 288 한국한의약진흥원,061-860-2804,-,061-864-8706,-,-,-
중앙/지방(기관리스트),한국한의약진흥원,한국한의약진흥원 한약비임상시험센터(GLP),지점,보건복지부,기타공공기관,전라남도 장흥군 장흥읍 원도관덕길 27 한약비임상시험센터,061-860-2805,-,-,-,-,-
중앙/지방(기관리스트),한국한의약진흥원,한국한의약진흥원 한약제제생산센터(GMP),지점,보건복지부,기타공공기관,대구광역시 동구 혁신대로78길 3 (대림동) 한약제제생산센터(GMP),053-810-0316,-,-,-,-,-
중앙/지방(기관리스트),한국항로표지기술원,한국항로표지기술원,본점,해양수산부,기타공공기관,세종특별자치시 아름서1길 13-9 (아름동) 6층,044-850-7504,-,044-862-7601,yjm3754@katon.or.kr,-,-
중앙/지방(기관리스트),한국해양과학기술원,한국해양과학기술원,본점,해양수산부,기타공공기관,부산광역시 영도구 해양로 385 (동삼동) -,051-664-3000,-,-,kiost@kiost.ac.kr,-,-
중앙/지방(기관리스트),한국해양과학기술원,한국해양과학기술원 (부설) 극지연구소,지점,해양수산부,기타공공기관,인천광역시 연수구 송도미래로 26 (송도동) (송도동 213-3),032-770-8400,-,032-770-8709,-,-,-
중앙/지방(기관리스트),한국해양과학기술원,한국해양과학기술원 (부설) 선박해양플랜트연구소,지점,해양수산부,기타공공기관,대전광역시 유성구 유성대로1312번길 32 (장동) (34103),042-866-3114,-,-,-,-,-
중앙/지방(기관리스트),한국해양과학기술원,한국해양과학기술원 남해연구소,지점,해양수산부,기타공공기관,경상남도 거제시 장목면 장목1길 41 (53201),055-639-8401,-,-,-,-,-
중앙/지방(기관리스트),한국해양과학기술원,한국해양과학기술원 동해연구소,지점,해양수산부,기타공공기관,경상북도 울진군 죽변면 해양과학길 48 (36315),054-780-5200,-,-,-,-,-
중앙/지방(기관리스트),한국해양과학기술원,한국해양과학기술원 울릉도독도해양연구기지,지점,해양수산부,기타공공기관,경상북도 울릉군 북면 현포2길 121 (40205),054-791-8406,-,-,-,-,-
중앙/지방(기관리스트),한국해양과학기술원,한국해양과학기술원 제주연구소,지점,해양수산부,기타공공기관,제주특별자치도 제주시 구좌읍 일주동로 2670 (63349),064-798-6000,-,-,-,-,-
중앙/지방(기관리스트),한국해양과학기술원,한국해양과학기술원 통영해양생물자원기지,지점,해양수산부,기타공공기관,nan,051-664-3307,-,-,-,-,-
중앙/지방(기관리스트),한국해양교통안전공단,한국해양교통안전공단,본점,해양수산부,준정부기관(위탁집행형),세종특별자치시 아름서길 27(아름동) 한국해양교통안전공단,044-330-2380,-,-,-,-,-
중앙/지방(기관리스트),한국해양교통안전공단,한국해양교통안전공단 강원지사,지점,해양수산부,준정부기관(위탁집행형),강원도 동해시 평원로 46(평릉동) 동해지방해양항만청 3층,033-535-8091,-,033-535-8094,-,-,-
중앙/지방(기관리스트),한국해양교통안전공단,한국해양교통안전공단 강원지사운항관리센터,지점,해양수산부,준정부기관(위탁집행형),강원도 동해시 일출로 22(발한동) 묵호항연안여객터미널 2층,033-534-8437,-,033-534-8440,-,-,-
중앙/지방(기관리스트),한국해양교통안전공단,한국해양교통안전공단 경북지사,지점,해양수산부,준정부기관(위탁집행형),경상북도 포항시 북구 해안로 44(항구동) 2층,054-246-5394,-,054-246-5396,-,-,-
중앙/지방(기관리스트),한국해양교통안전공단,한국해양교통안전공단 경북지사운항관리센터,지점,해양수산부,준정부기관(위탁집행형),경상북도 포항시 북구 해안로 44(항구동) 1층,054-256-9784,-,054-256-9788,-,-,-
중앙/지방(기관리스트),한국해양교통안전공단,한국해양교통안전공단 고흥지사,지점,해양수산부,준정부기관(위탁집행형),전라남도 고흥군 도양읍 녹동남촌3길 3-10 고흥지부,061-843-5394,-,061-844-1369,-,-,-
중앙/지방(기관리스트),한국해양교통안전공단,한국해양교통안전공단 목포지사,지점,해양수산부,준정부기관(위탁집행형),"전라남도 목포시 해안로 185(항동) (구, 목포지방해심원청사)",061-245-6142,-,061-245-6145,-,-,-
중앙/지방(기관리스트),한국해양교통안전공단,한국해양교통안전공단 목포지사운항관리센터,지점,해양수산부,준정부기관(위탁집행형),전라남도 목포시 해안로 182(항동) 목포항연안여객터미널 2층,061-247-9457,-,061-247-9594,-,-,-
중앙/지방(기관리스트),한국해양교통안전공단,한국해양교통안전공단 보령지사,지점,해양수산부,준정부기관(위탁집행형),충청남도 보령시 대천항중앙길 30(신흑동) 대천항연안여객터미널 3층,041-933-3981,-,041-932-1855,-,-,-
중앙/지방(기관리스트),한국해양교통안전공단,한국해양교통안전공단 보령지사운항관리센터,지점,해양수산부,준정부기관(위탁집행형),충청남도 보령시 대천항중앙길 30(신흑동) 대천항연안여객터미널 2층,041-931-9083,-,041-931-9087,-,-,-
중앙/지방(기관리스트),한국해양교통안전공단,한국해양교통안전공단 부산지사,지점,해양수산부,준정부기관(위탁집행형),부산광역시 서구 원양로 105(암남동) 원양프라자 10층,051-638-6221,-,051-638-6226,-,-,-
중앙/지방(기관리스트),한국해양교통안전공단,한국해양교통안전공단 부산지사운항관리센터,지점,해양수산부,준정부기관(위탁집행형),부산광역시 중구 충장대로 24(중앙동4가) 국제여객선터미널 1층,051-469-8425,-,051-469-8427,-,-,-
중앙/지방(기관리스트),한국해양교통안전공단,한국해양교통안전공단 사천지사,지점,해양수산부,준정부기관(위탁집행형),경상남도 사천시 어시장길 24-5(서동) 2층,055-833-5394,-,055-832-1484,-,-,-
중앙/지방(기관리스트),한국해양교통안전공단,한국해양교통안전공단 서울출장소,지점,해양수산부,준정부기관(위탁집행형),서울특별시 영등포구 선유로 11(문래동5가) 5층,02-2671-7838,-,02-2671-7841,-,-,-
중앙/지방(기관리스트),한국해양교통안전공단,한국해양교통안전공단 속초출장소,지점,해양수산부,준정부기관(위탁집행형),강원도 속초시 동해대로 4024(조양동) 제일프라자 312호,033-635-5394,-,033-631-6002,-,-,-
중앙/지방(기관리스트),한국해양교통안전공단,한국해양교통안전공단 여수지사,지점,해양수산부,준정부기관(위탁집행형),전라남도 여수시 여서1로 107(여서동) 여수지방해양항만청사,061-654-5262,-,061-654-5265,-,-,-
중앙/지방(기관리스트),한국해양교통안전공단,한국해양교통안전공단 여수지사운항관리센터,지점,해양수산부,준정부기관(위탁집행형),전라남도 여수시 여객선터미널길 17(교동) 여수연안여객터미널 2층,061-662-9713,-,061-662-9719,-,-,-
중앙/지방(기관리스트),한국해양교통안전공단,한국해양교통안전공단 완도지사,지점,해양수산부,준정부기관(위탁집행형),전라남도 완도군 완도읍 장보고대로 339 신여객선터미널 2층,061-554-1474,-,061-554-0069,-,-,-
중앙/지방(기관리스트),한국해양교통안전공단,한국해양교통안전공단 완도지사운항관리센터,지점,해양수산부,준정부기관(위탁집행형),전라남도 완도군 완도읍 장보고대로 339 신여객선터미널 2층,061-555-4023,-,061-555-4029,-,-,-
중앙/지방(기관리스트),한국해양교통안전공단,한국해양교통안전공단 울산출장소,지점,해양수산부,준정부기관(위탁집행형),울산광역시 동구 해수욕장6길 17(일산동) 3층,052-261-6134,-,052-265-5394,-,-,-
중앙/지방(기관리스트),한국해양교통안전공단,한국해양교통안전공단 인천지사,지점,해양수산부,준정부기관(위탁집행형),인천광역시 중구 서해대로 371(항동7가) 5층,032-764-6181,-,032-764-6184,-,-,-
중앙/지방(기관리스트),한국해양교통안전공단,한국해양교통안전공단 인천지사운항관리센터,지점,해양수산부,준정부기관(위탁집행형),인천광역시 중구 연안부두로 70(항동7가) 인천항연안여객터미널 3층,032-889-3945,-,032-889-4061,-,-,-
중앙/지방(기관리스트),한국해양교통안전공단,한국해양교통안전공단 전북지사,지점,해양수산부,준정부기관(위탁집행형),전라북도 군산시 공단대로 292(수송동) 백토빌딩 4층,063-452-8187,-,063-452-8189,-,-,-
중앙/지방(기관리스트),한국해양교통안전공단,한국해양교통안전공단 전북지사운항관리센터,지점,해양수산부,준정부기관(위탁집행형),전라북도 군산시 임해로 378-8(소룡동) 연안여객터미널,063-471-7486,-,063-471-7490,-,-,-
중앙/지방(기관리스트),한국해양교통안전공단,한국해양교통안전공단 제주지사,지점,해양수산부,준정부기관(위탁집행형),제주특별자치도 제주시 임항로 111(건입동) 2층,064-721-7401,-,064-702-7404,-,-,-
중앙/지방(기관리스트),한국해양교통안전공단,한국해양교통안전공단 제주지사운항관리센터,지점,해양수산부,준정부기관(위탁집행형),제주특별자치도 제주시 임항로 111(건입동) 1층,064-759-9780,-,064-759-9786,-,-,-
중앙/지방(기관리스트),한국해양교통안전공단,한국해양교통안전공단 주문진사무소,지점,해양수산부,준정부기관(위탁집행형),강원도 강릉시 주문진읍 해안로 1730 강릉시 수협 2층,033-661-6066,-,033-661-6069,-,-,-
중앙/지방(기관리스트),한국해양교통안전공단,한국해양교통안전공단 창원지사,지점,해양수산부,준정부기관(위탁집행형),경상남도 창원시 마산합포구 해안대로 168(월포동) 경남항운노조 종합복지관 1층,055-222-6774,-,055-246-7838,-,-,-
중앙/지방(기관리스트),한국해양교통안전공단,한국해양교통안전공단 태안지사,지점,해양수산부,준정부기관(위탁집행형),충청남도 태안군 태안읍 군청2길 19 어업인회관 1층,041-674-5447,-,041-674-5449,-,-,-
중앙/지방(기관리스트),한국해양교통안전공단,한국해양교통안전공단 통영지사,지점,해양수산부,준정부기관(위탁집행형),경상남도 통영시 통영해안로 240(서호동) 통영해안사무소 3층,055-645-6011,-,055-644-8661,-,-,-
중앙/지방(기관리스트),한국해양교통안전공단,한국해양교통안전공단 통영지사운항관리센터,지점,해양수산부,준정부기관(위탁집행형),경상남도 통영시 통영해안로 234(서호동) 통영항여객터미널 2층,055-649-8430,-,055-649-8438,-,-,-
중앙/지방(기관리스트),한국해양교통안전공단,한국해양교통안전공단 후포사무소,지점,해양수산부,준정부기관(위탁집행형),경상북도 울진군 후포면 후포4길 98 후포수협 2층,054-788-4272,-,054-788-4273,-,-,-
중앙/지방(기관리스트),한국해양수산개발원,한국해양수산개발원,본점,국무조정실,기타공공기관,부산광역시 영도구 해양로301번길 26 (동삼동) 한국해양수산개발원,051-797-4800,-,051-797-4810,kmi@kmi.re.kr,-,-
중앙/지방(기관리스트),한국해양수산연수원,한국해양수산연수원,본점,해양수산부,기타공공기관,부산광역시 영도구 해양로 367 (동삼동) 한국해양수산연수원,1899-3600,1899-3600,051-624-9081,-,-,-
중앙/지방(기관리스트),한국해양수산연수원,한국해양수산연수원 목포분원,지점,해양수산부,기타공공기관,전라남도 목포시 고하대로597번길 75-35 (죽교동) 전라남도 목포시 죽교동 695-3,061-241-0300,-,-,-,-,-
중앙/지방(기관리스트),한국해양수산연수원,한국해양수산연수원 용당캠퍼스,지점,해양수산부,기타공공기관,부산광역시 남구 신선로356번길 93 (용당동) 한국해양수산연수원 용당캠퍼스,051-620-5410,-,051-620-5451,-,-,-
중앙/지방(기관리스트),한국해양수산연수원,한국해양수산연수원 인천사무실,지점,해양수산부,기타공공기관,인천광역시 중구 인중로 176 (사동) 4층,032-765-2335,-,032-765-4665,-,-,-
중앙/지방(기관리스트),한국해양조사협회,한국해양조사협회,본점,해양수산부,기타공공기관,서울특별시 금천구 가산디지털1로 70 (가산동) 1305호,02-2166-3300,-,02-2672-4614,hmlee@khra.kr,-,-
중앙/지방(기관리스트),한국해양진흥공사,한국해양진흥공사,본점,해양수산부,기타공공기관,"부산광역시 해운대구 마린시티2로 38 (우동, 해운대아이파크) C1동 7층",051-795-1500,-,051-795-1498,-,-,-
중앙/지방(기관리스트),한국해외인프라도시개발지원공사,한국해외인프라도시개발지원공사,본점,국토교통부,기타공공기관,"서울특별시 영등포구 국제금융로 10(여의도동) Three IFC 50층, 51층",02-6746-7408,-,02-6746-7425,-,-,-
중앙/지방(기관리스트),한국행정연구원,한국행정연구원,본점,국무조정실,기타공공기관,서울특별시 은평구 진흥로 235(불광동) 한국행정연구원,02-564-2000,-,-,-,-,-
중앙/지방(기관리스트),한국형사·법무정책연구원,한국형사·법무정책연구원,본점,국무조정실,기타공공기관,서울특별시 서초구 태봉로 114(우면동) 한국교원단체총연합회 9~12층,02-575-5282,-,02-575-5290,-,-,-
중앙/지방(기관리스트),한국환경공단,한국환경공단,본점,기후에너지환경부,준정부기관(위탁집행형),인천광역시 서구 환경로 42(경서동) 한국환경공단,032-590-4000,-,-,-,-,-
중앙/지방(기관리스트),한국환경공단,한국환경공단 강원환경본부,지점,기후에너지환경부,준정부기관(위탁집행형),"강원특별자치도 춘천시 경춘로 2370 (온의동) 1층, 8층",033-240-9563,-,033-240-9582,-,-,-
중앙/지방(기관리스트),한국환경공단,한국환경공단 광주전남제주환경본부,지점,기후에너지환경부,준정부기관(위탁집행형),광주광역시 광산구 무진대로 217 (우산동) 한국환경공단,062-949-0703,-,062-944-9605,-,-,-
중앙/지방(기관리스트),한국환경공단,한국환경공단 국가물산업클러스터사업단,지점,기후에너지환경부,준정부기관(위탁집행형),대구광역시 달성군 구지면 국가산단대로40길 20 국가물산업클러스터사업단,053-601-6000,-,-,-,-,-
중앙/지방(기관리스트),한국환경공단,한국환경공단 대구경북환경본부,지점,기후에너지환경부,준정부기관(위탁집행형),대구광역시 수성구 무학로 209 (지산동) 한국환경공단,051-280-3888,-,053-280-3889,-,-,-
중앙/지방(기관리스트),한국환경공단,한국환경공단 부산울산경남환경본부,지점,기후에너지환경부,준정부기관(위탁집행형),부산광역시 북구 낙동북로681번길 34 (구포동) 한국환경공단,051-366-3600,-,051-366-3611,-,-,-
중앙/지방(기관리스트),한국환경공단,한국환경공단 수도권동부환경본부,지점,기후에너지환경부,준정부기관(위탁집행형),경기도 성남시 분당구 장미로 42 (야탑동) 리더시빌딩6층(야탑동),031-701-9315,-,031-701-9227,-,-,-
중앙/지방(기관리스트),한국환경공단,한국환경공단 수도권서부환경본부,지점,기후에너지환경부,준정부기관(위탁집행형),"서울특별시 강서구 화곡로68길 82 (등촌동) 강서IT밸리 7,8층",02-3153-0500,-,02-3153-0619,-,-,-
중앙/지방(기관리스트),한국환경공단,한국환경공단 전북환경본부,지점,기후에너지환경부,준정부기관(위탁집행형),전북특별자치도 전주시 완산구 서곡로 100 (효자동3가) 전북환경본부,063-279-0800,-,063-273-6050,-,-,-
중앙/지방(기관리스트),한국환경공단,한국환경공단 충청권환경본부,지점,기후에너지환경부,준정부기관(위탁집행형),대전광역시 서구 청사로 156 (둔산동) 156번길 5층,042-939-2200,-,-,-,-,-
중앙/지방(기관리스트),한국환경보전원,한국환경보전원,본점,기후에너지환경부,기타공공기관,"서울특별시 성동구 광나루로 320-2(성수동2가) YD빌딩 4, 6, 8층",02-3407-1500,-,-,-,-,-
중앙/지방(기관리스트),한국환경보전원,환경보전협회 강원도환경보전협회,지점,기후에너지환경부,기타공공기관,강원도 춘천시 후석로441번길 6 (후평동) 3층,033-251-2676,-,02-3409-8865,-,-,-
중앙/지방(기관리스트),한국환경보전원,환경보전협회 경기도환경보전협회,지점,기후에너지환경부,기타공공기관,경기도 수원시 영통구 창룡대로 260 (이의동) 광교센트럴비즈타워 1002~1005호,070-5222-2142,-,031-624-3504,kgepa21@epa.or.kr,-,-
중앙/지방(기관리스트),한국환경보전원,환경보전협회 광주·전남환경보전협회,지점,기후에너지환경부,기타공공기관,광주광역시 북구 첨단과기로208번길 43-22(오룡동) 첨단와이어스파크 B동 1103호,062-369-5580,-,062-369-5585,kjepa@hanmail.net,-,-
중앙/지방(기관리스트),한국환경보전원,환경보전협회 대구·경북환경보전협회,지점,기후에너지환경부,기타공공기관,대구광역시 달성군 구지면 국가산단대로40길 20 국가물산업클러스터 글로벌비즈니스센터 2층,053-812-2383,-,053-812-2385,chung@epa.or.kr,-,-
중앙/지방(기관리스트),한국환경보전원,환경보전협회 대전·충남환경보전협회,지점,기후에너지환경부,기타공공기관,"대전광역시 유성구 테크노4로 17 (관평동) 대덕비즈센터 C동 1층 102, 103호",042-486-8057,-,042-486-8059,-,-,-
중앙/지방(기관리스트),한국환경보전원,환경보전협회 부산환경보전협회,지점,기후에너지환경부,기타공공기관,부산광역시 부산진구 황령대로 24 (범천동) 부산상공회의소빌딩 5층,051-507-4755,-,051-507-4757,-,-,-
중앙/지방(기관리스트),한국환경보전원,환경보전협회 울산·경남환경보전협회,지점,기후에너지환경부,기타공공기관,경상남도 창원시 의창구 중앙대로 263 (용호동) 오피스플라자 302호,055-287-9752~3,-,055-287-9754,usgnepa1@hanmail.net,-,-
중앙/지방(기관리스트),한국환경보전원,환경보전협회 전북환경보전협회,지점,기후에너지환경부,기타공공기관,전라북도 전주시 완산구 홍산로 276 (효자동3가) 전주상공회의소빌딩 6층,063-285-3083,-,063-288-3233,pjjj0315@epa.or.kr,-,-
중앙/지방(기관리스트),한국환경보전원,환경보전협회 충북·세종환경보전협회,지점,기후에너지환경부,기타공공기관,충청북도 청주시 흥덕구 비하로12번길 14 (비하동) 현대오피스텔 3층,043-231-9577,-,043-231-9579,-,-,-
중앙/지방(기관리스트),한국환경산업기술원,한국환경산업기술원,본점,기후에너지환경부,준정부기관(위탁집행형),서울특별시 은평구 진흥로 215 (불광동) 한국환경산업기술원,02-2284-1000,2284-1000,02-2284-1159,-,-,-
중앙/지방(기관리스트),한국환경연구원,한국환경연구원,본점,국무조정실,기타공공기관,세종특별자치시 시청대로 370 (반곡동) B동 8층~11층,044-415-7777,415-7777,044-415-7799,webmaster@kei.re.kr,-,-
중앙/지방(기관리스트),한식진흥원,한식문화공간 이음,지점,농림축산식품부,기타공공기관,서울특별시 종로구 북촌로 18(재동) 한식진흥원,02-6300-8400,-,-,-,-,-
중앙/지방(기관리스트),한식진흥원,한식진흥원,본점,농림축산식품부,기타공공기관,서울특별시 종로구 북촌로 18(재동) 한식진흥원,02-6320-8400,-,02-6320-8499,-,-,-
중앙/지방(기관리스트),한전KDN,한전KDN,본점,기후에너지환경부,공기업(준시장형),전라남도 나주시 빛가람로 661(빛가람동) 한전KDN,061-931-7114,-,-,-,-,-
중앙/지방(기관리스트),한전KDN,한전KDN 강남지사,지점,기후에너지환경부,공기업(준시장형),서울특별시 금천구 두산로5길 11 (독산동) 영성빌딩 지하1층~지상5층,02-3429-6750,-,-,-,-,-
중앙/지방(기관리스트),한전KDN,한전KDN 강릉지사,지점,기후에너지환경부,공기업(준시장형),강원특별자치도 강릉시 율곡로 3012 (교동) (25474) 강원도 강릉시 율곡로 3012,033-649-9200,-,-,-,-,-
중앙/지방(기관리스트),한전KDN,한전KDN 강북지사,지점,기후에너지환경부,공기업(준시장형),"서울특별시 성동구 마장로39길 7 (마장동) (04754) 서울특별시 성동구 마장로39길 7, 한전자재센터",02-3429-6941,-,-,-,-,-
중앙/지방(기관리스트),한전KDN,한전KDN 강원사업처,지점,기후에너지환경부,공기업(준시장형),강원특별자치도 춘천시 영서로 3003 (사농동) (24235) 강원도 춘천시 영서로 3003,033-259-3211,-,-,-,-,-
중앙/지방(기관리스트),한전KDN,한전KDN 경기강원지역본부,지점,기후에너지환경부,공기업(준시장형),경기도 수원시 장안구 경수대로 1055 (파장동) (16350) 경기도 수원시 장안구 경수대로 1055,031-240-5211,-,-,-,-,-
중앙/지방(기관리스트),한전KDN,한전KDN 경기북부사업처,지점,기후에너지환경부,공기업(준시장형),경기도 의정부시 호국로1519번길 31 (금오동) (11763) 경기도 의정부시 호국로 1519번길 31(금오동 124-1),031-8095-9211,-,-,-,-,-
중앙/지방(기관리스트),한전KDN,한전KDN 경남사업처,지점,기후에너지환경부,공기업(준시장형),경상남도 창원시 마산회원구 3·15대로 966 (구암동) (51350) 경상남도 창원시 마산회원구 3.15대로 966,055-922-0212,-,-,-,-,-
중앙/지방(기관리스트),한전KDN,한전KDN 경북지역사업처,지점,기후에너지환경부,공기업(준시장형),경상북도 안동시 경북대로 551 (송현동) (36632) 경상북도 안동시 경북대로 551,054-820-0211,-,-,-,-,-
중앙/지방(기관리스트),한전KDN,한전KDN 광주전라제주지역본부,지점,기후에너지환경부,공기업(준시장형),"광주광역시 광산구 소촌로 3 (소촌동) (62390) 광주광역시 광산구 소촌로 3, 2층",062-949-3911,-,-,-,-,-
중앙/지방(기관리스트),한전KDN,한전KDN 구미지사,지점,기후에너지환경부,공기업(준시장형),경상북도 구미시 옥계2공단로 46-5 (황상동) (39425) 경상북도 구미시 옥계2공단로 46-5 인동변전소,054-820-0281,-,-,-,-,-
중앙/지방(기관리스트),한전KDN,한전KDN 대구경북지역본부,지점,기후에너지환경부,공기업(준시장형),대구광역시 수성구 알파시티1로42길 13 (대흥동) (42250) 대구광역시 수성구 알파시티1로42길 13,053-210-6205,-,-,-,-,-
중앙/지방(기관리스트),한전KDN,한전KDN 대전충청지역본부,지점,기후에너지환경부,공기업(준시장형),대전광역시 대덕구 동서대로 1784 (비래동) (34419) 대전광역시 대덕구 동서대로 1784,042-330-7212,-,-,-,-,-
중앙/지방(기관리스트),한전KDN,한전KDN 동남발전사업처,지점,기후에너지환경부,공기업(준시장형),"부산광역시 부산진구 황령대로30번길 30 (범천동) (47354) 부산광역시 부산진구 황령대로 30번길 30, 전문건설회관 11층",055-984-3911,-,-,-,-,-
중앙/지방(기관리스트),한전KDN,한전KDN 목포지사,지점,기후에너지환경부,공기업(준시장형),"전라남도 목포시 삼학로 370 (용해동) (58668) 전라남도 목포시 삼학로 370, 3층",061-983-3851,-,-,-,-,-
중앙/지방(기관리스트),한전KDN,한전KDN 부산울산지역본부,지점,기후에너지환경부,공기업(준시장형),부산광역시 사상구 가야대로214번길 42 (학장동) (47022) 부산광역시 사상구 가야대로 214번길 42,051-320-2311,-,-,-,-,-
중앙/지방(기관리스트),한전KDN,한전KDN 산업부사이버안전운영처,지점,기후에너지환경부,공기업(준시장형),"세종특별자치시 한누리대로 402 (어진동) (30118) 세종특별자치시 한누리대로 402, 12동 산업통상자원부 403호",044-203-5430,-,-,-,-,-
중앙/지방(기관리스트),한전KDN,한전KDN 서남발전사업처,지점,기후에너지환경부,공기업(준시장형),충청남도 보령시 한내로 47 (동대동) (33433) 충청남도 보령시 한내로 47,070-4292-3315,-,-,-,-,-
중앙/지방(기관리스트),한전KDN,한전KDN 서울인천지역본부,지점,기후에너지환경부,공기업(준시장형),서울특별시 송파구 송파대로 274 (가락동) (05719) 서울특별시 송파구 송파대로 274(가락동) 대한소방공제회 6층,02-3469-7310,-,-,-,-,-
중앙/지방(기관리스트),한전KDN,한전KDN 순천지사,지점,기후에너지환경부,공기업(준시장형),전라남도 순천시 해룡면 지봉로 390 (57973) 전라남도 순천시 해룡면 지봉로 390 5층(해룡면),061-983-3811,-,-,-,-,-
중앙/지방(기관리스트),한전KDN,한전KDN 용인지사,지점,기후에너지환경부,공기업(준시장형),경기도 용인시 기흥구 용구대로2145번길 15 (신갈동) (16966) 경기도 용인시 기흥구 용구대로 2145번길 15,031-240-5160,-,-,-,-,-
중앙/지방(기관리스트),한전KDN,한전KDN 울산지사,지점,기후에너지환경부,공기업(준시장형),울산광역시 남구 번영로 20 (야음동) (44760) 울산광역시 남구 번영로 20(야음동) 금농빌딩,051-320-2220,-,-,-,-,-
중앙/지방(기관리스트),한전KDN,한전KDN 원전사업처,지점,기후에너지환경부,공기업(준시장형),경상북도 경주시 양정로 255 (동천동) (38103)경상북도 경주시 양정로 255 동부빌딩,054-622-2302,-,-,-,-,-
중앙/지방(기관리스트),한전KDN,한전KDN 인천지역사업처,지점,기후에너지환경부,공기업(준시장형),인천광역시 남동구 인주대로 885 (만수동) (21541) 인천광역시 남동구 인주대로 885,032-722-0112,-,-,-,-,-
중앙/지방(기관리스트),한전KDN,한전KDN 전력ICT기술원,지점,기후에너지환경부,공기업(준시장형),"전라남도 나주시 빛가람로 661 (빛가람동) (58322) 전라남도 나주시 빛가람로 661(빛가람동, 한전KDN)",061-931-6911,-,-,-,-,-
중앙/지방(기관리스트),한전KDN,한전KDN 전북사업처,지점,기후에너지환경부,공기업(준시장형),"전라북도 전주시 덕진구 백제대로 751 (인후동2가) (54906) 전라북도 전주시 덕진구 백제대로 751, 10층",063-711-5211,-,-,-,-,-
중앙/지방(기관리스트),한전KDN,한전KDN 제주사업처,지점,기후에너지환경부,공기업(준시장형),제주특별자치도 제주시 서광로 124 (오라삼동) (63149) 제주특별자치도 서광로 124(오라 3동),064-800-3510,-,-,-,-,-
중앙/지방(기관리스트),한전KDN,한전KDN 제천지사,지점,기후에너지환경부,공기업(준시장형),"충청북도 제천시 풍양로 57 (의림동) (27170) 충청북도 제천시 풍양로 57, 4층",043-640-2591,-,-,-,-,-
중앙/지방(기관리스트),한전KDN,한전KDN 진주지사,지점,기후에너지환경부,공기업(준시장형),경상남도 진주시 대신로 434 (초전동) (52733) 경상남도 진주시 대신로 434,055-922-0313,-,-,-,-,-
중앙/지방(기관리스트),한전KDN,한전KDN 천안지사,지점,기후에너지환경부,공기업(준시장형),"충청남도 아산시 배방읍 고속철대로 57 (31470) 충청남도 아산시 배방읍 고속철대로 57, 알파큐브 3층",041-901-1811,-,-,-,-,-
중앙/지방(기관리스트),한전KDN,한전KDN 충북사업처,지점,기후에너지환경부,공기업(준시장형),충청북도 청주시 상당구 중흥로 12 (용암동) (28776) 충청북도 청주시 상당구 중흥로 12(KT링커스B/D) 4층,043-251-2702,-,-,-,-,-
중앙/지방(기관리스트),한전KDN,한전KDN 포항지사,지점,기후에너지환경부,공기업(준시장형),경상북도 포항시 남구 이동로7번길 59 (이동) (37674) 경상북도 포항시 남구 이동로 7번길 59,054-613-9401,-,-,-,-,-
중앙/지방(기관리스트),한전KPS(주),한전KPS(주),본점,기후에너지환경부,공기업(준시장형),전라남도 나주시 문화로 211 (빛가람동) 한전KPS 본사,061-345-0114,-,-,-,-,-
중앙/지방(기관리스트),한전KPS(주),한전KPS(주) GT정비기술센터,지점,기후에너지환경부,공기업(준시장형),인천광역시 서구 장도로 57 (청라동) GT정비기술센터,032-580-8200,-,-,-,-,-
중앙/지방(기관리스트),한전KPS(주),한전KPS(주) 고리1사업처,지점,기후에너지환경부,공기업(준시장형),부산광역시 기장군 장안읍 길천길 96-1 고리1사업처,051-726-7000,-,-,-,-,-
중앙/지방(기관리스트),한전KPS(주),한전KPS(주) 고리2사업소,지점,기후에너지환경부,공기업(준시장형),부산광역시 기장군 장안읍 길천길 96-1 고리2사업소,051-726-7200,-,-,-,-,-
중앙/지방(기관리스트),한전KPS(주),한전KPS(주) 고리3사업처,지점,기후에너지환경부,공기업(준시장형),부산광역시 기장군 장안읍 길천길 96-1 고리3사업처,051-795-7400,-,-,-,-,-
중앙/지방(기관리스트),한전KPS(주),한전KPS(주) 광주송변전지사,지점,기후에너지환경부,공기업(준시장형),광주광역시 남구 독립로 54 (백운동) 광주송변전지사,062-670-1501,-,-,-,-,-
중앙/지방(기관리스트),한전KPS(주),한전KPS(주) 군산사업소,지점,기후에너지환경부,공기업(준시장형),전라북도 군산시 구암3.1로 91-5 (경암동) 군산사업소,063-440-3501,-,-,-,-,-
중앙/지방(기관리스트),한전KPS(주),한전KPS(주) 기술연구원,지점,기후에너지환경부,공기업(준시장형),전라남도 나주시 문화로 211 (빛가람동) 기술연구원,061-345-0500,-,-,-,-,-
중앙/지방(기관리스트),한전KPS(주),한전KPS(주) 남제주사업소,지점,기후에너지환경부,공기업(준시장형),제주특별자치도 서귀포시 안덕면 화순해안로106번길 55 남제주사업소,070-7713-6450,-,-,-,-,-
중앙/지방(기관리스트),한전KPS(주),한전KPS(주) 당진사업처,지점,기후에너지환경부,공기업(준시장형),충청남도 당진시 석문면 교로길 30 당진사업처,041-354-2151,-,-,-,-,-
중앙/지방(기관리스트),한전KPS(주),한전KPS(주) 대구송변전지사,지점,기후에너지환경부,공기업(준시장형),대구광역시 달성군 다사읍 서재로26길 10 대구송변전지사,053-593-5062,-,-,-,-,-
중앙/지방(기관리스트),한전KPS(주),한전KPS(주) 대전송변전지사,지점,기후에너지환경부,공기업(준시장형),대전광역시 동구 대전로 739 (인동) 대전송변전지사,042-620-2841,-,-,-,-,-
중앙/지방(기관리스트),한전KPS(주),한전KPS(주) 동탄사업소,지점,기후에너지환경부,공기업(준시장형),경기도 화성시 동탄기흥로 166 (방교동) 동탄사업소,031-8058-9900,-,-,-,-,-
중앙/지방(기관리스트),한전KPS(주),한전KPS(주) 동해사업소,지점,기후에너지환경부,공기업(준시장형),강원도 동해시 공단1로 260 (구호동) 동해사업소,070-5000-6430,-,-,-,-,-
중앙/지방(기관리스트),한전KPS(주),한전KPS(주) 무주양수사업소,지점,기후에너지환경부,공기업(준시장형),전라북도 무주군 적상면 괴목로 893 무주양수사업소,063-324-9997,-,-,-,-,-
중앙/지방(기관리스트),한전KPS(주),한전KPS(주) 보령사업처,지점,기후에너지환경부,공기업(준시장형),충청남도 보령시 오천면 오천해안로 89-37 보령사업처,041-939-6000,-,-,-,-,-
중앙/지방(기관리스트),한전KPS(주),한전KPS(주) 부산사업소,지점,기후에너지환경부,공기업(준시장형),부산광역시 사하구 감천항로 7 (감천동) 부산사업소,051-715-7700,-,-,-,-,-
중앙/지방(기관리스트),한전KPS(주),한전KPS(주) 부산송변전지사,지점,기후에너지환경부,공기업(준시장형),부산광역시 사상구 학감대로260번길 23 (감전동) 부산송변전지사,051-305-5170,-,-,-,-,-
중앙/지방(기관리스트),한전KPS(주),한전KPS(주) 분당사업소,지점,기후에너지환경부,공기업(준시장형),경기도 성남시 분당구 분당로 336 (분당동) 분당사업소,031-708-2151,-,-,-,-,-
중앙/지방(기관리스트),한전KPS(주),한전KPS(주) 산청양수사업소,지점,기후에너지환경부,공기업(준시장형),경상남도 산청군 시천면 지리산대로1088번길 20-18 산청양수사업소,055-974-0226,-,-,-,-,-
중앙/지방(기관리스트),한전KPS(주),한전KPS(주) 삼랑진양수사업소,지점,기후에너지환경부,공기업(준시장형),경상남도 밀양시 삼랑진읍 행곡로 26-27 삼랑진양수사업소,055-927-4200,-,-,-,-,-
중앙/지방(기관리스트),한전KPS(주),한전KPS(주) 삼척사업소,지점,기후에너지환경부,공기업(준시장형),강원도 삼척시 원덕읍 삼척로 734 삼척사업소,033-940-1100,-,-,-,-,-
중앙/지방(기관리스트),한전KPS(주),한전KPS(주) 삼천포사업처,지점,기후에너지환경부,공기업(준시장형),경상남도 고성군 하이면 하이로 1 삼천포사업처,055-830-7001,-,-,-,-,-
중앙/지방(기관리스트),한전KPS(주),한전KPS(주) 새울1사업처,지점,기후에너지환경부,공기업(준시장형),울산광역시 울주군 서생면 해맞이로 658-91 새울1사업처,052-702-7800,-,-,-,-,-
중앙/지방(기관리스트),한전KPS(주),한전KPS(주) 서울송변전지사,지점,기후에너지환경부,공기업(준시장형),서울특별시 송파구 도곡로62길 45 (잠실동) 서울송변전지사,02-421-4370,-,-,-,-,-
중앙/지방(기관리스트),한전KPS(주),한전KPS(주) 서인천사업처,지점,기후에너지환경부,공기업(준시장형),인천광역시 서구 장도로 57 (청라동) 서인천사업처,032-580-8001,-,-,-,-,-
중앙/지방(기관리스트),한전KPS(주),한전KPS(주) 솔루션센터,지점,기후에너지환경부,공기업(준시장형),전라남도 나주시 문화로 211 (빛가람동) 솔루션센터,061-345-0600,-,-,-,-,-
중앙/지방(기관리스트),한전KPS(주),한전KPS(주) 신보령사업소,지점,기후에너지환경부,공기업(준시장형),충청남도 보령시 주교면 송도길 201 신보령사업소,041-928-5501,-,-,-,-,-
중앙/지방(기관리스트),한전KPS(주),한전KPS(주) 안동사업소,지점,기후에너지환경부,공기업(준시장형),경상북도 안동시 풍산읍 산업단지1길 38 안동사업소,054-859-8260,-,-,-,-,-
중앙/지방(기관리스트),한전KPS(주),한전KPS(주) 안양사업소,지점,기후에너지환경부,공기업(준시장형),경기도 안양시 동안구 부림로 100 (평촌동) 안양사업소,031-420-2440,-,-,-,-,-
중앙/지방(기관리스트),한전KPS(주),한전KPS(주) 양양양수사업소,지점,기후에너지환경부,공기업(준시장형),강원도 양양군 서면 산얏골길 31 양양양수사업소,070-4034-2410,-,-,-,-,-
중앙/지방(기관리스트),한전KPS(주),한전KPS(주) 여수사업소,지점,기후에너지환경부,공기업(준시장형),전라남도 여수시 여수산단로 727 (중흥동) 여수사업소,070-8898-5850,-,-,-,-,-
중앙/지방(기관리스트),한전KPS(주),한전KPS(주) 영흥사업소,지점,기후에너지환경부,공기업(준시장형),인천광역시 옹진군 영흥면 영흥남로293번길 75 영흥사업소,032-718-8100,-,-,-,-,-
중앙/지방(기관리스트),한전KPS(주),한전KPS(주) 예천양수사업소,지점,기후에너지환경부,공기업(준시장형),경상북도 예천군 은풍면 도효자로 1225 예천양수사업소,070-4334-8393,-,-,-,-,-
중앙/지방(기관리스트),한전KPS(주),한전KPS(주) 울산사업처,지점,기후에너지환경부,공기업(준시장형),울산광역시 남구 용잠로 623 (남화동) 울산사업처,052-270-8600,-,-,-,-,-
중앙/지방(기관리스트),한전KPS(주),한전KPS(주) 원자력연수원,지점,기후에너지환경부,공기업(준시장형),울산광역시 울주군 서생면 해맞이로 658-91 원자력연수원,051-727-6360,-,-,-,-,-
중앙/지방(기관리스트),한전KPS(주),한전KPS(주) 원자력정비기술센터,지점,기후에너지환경부,공기업(준시장형),경상북도 경주시 외동읍 문산2산단1로 69-46 원자력 정비기술센터,051-726-7600,-,-,-,-,-
중앙/지방(기관리스트),한전KPS(주),한전KPS(주) 원주송변전지사,지점,기후에너지환경부,공기업(준시장형),강원도 원주시 혁신로 141 (반곡동) 원주송변전지사,033-903-8001,-,-,-,-,-
중앙/지방(기관리스트),한전KPS(주),한전KPS(주) 월성1사업처,지점,기후에너지환경부,공기업(준시장형),경상북도 경주시 양남면 동해안로 696-13 월성1사업처,054-779-5000,-,-,-,-,-
중앙/지방(기관리스트),한전KPS(주),한전KPS(주) 월성2사업처,지점,기후에너지환경부,공기업(준시장형),경상북도 경주시 양남면 동해안로 696-13 월성2사업처,054-779-5200,-,-,-,-,-
중앙/지방(기관리스트),한전KPS(주),한전KPS(주) 월성3사업소,지점,기후에너지환경부,공기업(준시장형),경상북도 경주시 양남면 동해안로 696-13 월성3사업소,054-778-7200,-,-,-,-,-
중앙/지방(기관리스트),한전KPS(주),한전KPS(주) 인재개발원,지점,기후에너지환경부,공기업(준시장형),전라남도 나주시 다도면 신방로 255 한전KPS 인재개발원,061-357-9001,-,-,-,-,-
중앙/지방(기관리스트),한전KPS(주),한전KPS(주) 인천사업소,지점,기후에너지환경부,공기업(준시장형),인천광역시 서구 중봉대로405번길 411 (원창동) 인천사업소,070-4761-4900,-,-,-,-,-
중앙/지방(기관리스트),한전KPS(주),한전KPS(주) 일산사업소,지점,기후에너지환경부,공기업(준시장형),경기도 고양시 일산동구 경의로 201 (백석동) 일산사업소,070-7542-4800,-,-,-,-,-
중앙/지방(기관리스트),한전KPS(주),한전KPS(주) 제주사업소,지점,기후에너지환경부,공기업(준시장형),제주특별자치도 제주시 원당로 133 (삼양일동) 제주사업소,070-7511-7900,-,-,-,-,-
중앙/지방(기관리스트),한전KPS(주),한전KPS(주) 청송양수사업소,지점,기후에너지환경부,공기업(준시장형),경상북도 청송군 파천면 양수상부길 186 청송양수사업소,054-874-2239,-,-,-,-,-
중앙/지방(기관리스트),한전KPS(주),한전KPS(주) 청평양수사업소,지점,기후에너지환경부,공기업(준시장형),경기도 가평군 가평읍 상지로 1012-22 청평양수사업소,031-582-7247,-,-,-,-,-
중앙/지방(기관리스트),한전KPS(주),한전KPS(주) 태안사업처,지점,기후에너지환경부,공기업(준시장형),충청남도 태안군 원북면 발전로 457 태안사업처,041-670-1001,-,-,-,-,-
중앙/지방(기관리스트),한전KPS(주),한전KPS(주) 파주사업소,지점,기후에너지환경부,공기업(준시장형),경기도 파주시 청석로 380 (다율동) 파주사업소,031-940-2600,-,-,-,-,-
중앙/지방(기관리스트),한전KPS(주),한전KPS(주) 평택사업소,지점,기후에너지환경부,공기업(준시장형),경기도 평택시 포승읍 남양만로 175-2 평택사업소,031-680-1800,-,-,-,-,-
중앙/지방(기관리스트),한전KPS(주),한전KPS(주) 포천사업소,지점,기후에너지환경부,공기업(준시장형),경기도 포천시 신북면 청신로1526번길 20 포천사업소,031-8098-6140,-,-,-,-,-
중앙/지방(기관리스트),한전KPS(주),한전KPS(주) 플랜트사업센터,지점,기후에너지환경부,공기업(준시장형),대전광역시 동구 산내로 451 (하소동) 플랜트사업센터,042-273-0131,-,-,-,-,-
중앙/지방(기관리스트),한전KPS(주),한전KPS(주) 하동사업소,지점,기후에너지환경부,공기업(준시장형),경상남도 하동군 금성면 경제산업로 509 하동사업소,055-880-7511,-,-,-,-,-
중앙/지방(기관리스트),한전KPS(주),한전KPS(주) 한빛1사업처,지점,기후에너지환경부,공기업(준시장형),전라남도 영광군 홍농읍 홍농로 846 한빛1사업처,061-357-6000,-,-,-,-,-
중앙/지방(기관리스트),한전KPS(주),한전KPS(주) 한빛2사업소,지점,기후에너지환경부,공기업(준시장형),전라남도 영광군 홍농읍 홍농로 846 한빛2사업소,061-357-6202,-,-,-,-,-
중앙/지방(기관리스트),한전KPS(주),한전KPS(주) 한빛3사업처,지점,기후에너지환경부,공기업(준시장형),전라남도 영광군 홍농읍 홍농로 846 한빛3사업처,061-357-1501,-,-,-,-,-
중앙/지방(기관리스트),한전KPS(주),한전KPS(주) 한울1사업처,지점,기후에너지환경부,공기업(준시장형),경상북도 울진군 북면 울진북로 2040 한울1사업처,054-780-8001,-,-,-,-,-
중앙/지방(기관리스트),한전KPS(주),한전KPS(주) 한울2사업소,지점,기후에너지환경부,공기업(준시장형),경상북도 울진군 북면 울진북로 2040 한울2사업소,054-780-8200,-,-,-,-,-
중앙/지방(기관리스트),한전KPS(주),한전KPS(주) 한울3사업소,지점,기후에너지환경부,공기업(준시장형),경상북도 울진군 북면 울진북로 2040 한울3사업소,054-780-8400,-,-,-,-,-
중앙/지방(기관리스트),한전KPS(주),한전KPS(주) 해외원전사업처,지점,기후에너지환경부,공기업(준시장형),서울특별시 서초구 남부순환로 2477 (서초동) 해외원전사업처,02-6105-7311,-,-,-,-,-
중앙/지방(기관리스트),한전KPS(주),한전KPS(주) 해외전문기술서비스실,지점,기후에너지환경부,공기업(준시장형),전라남도 나주시 문화로 211 (빛가람동) 해외전문기술서비스실,061-345-2750,-,-,-,-,-
중앙/지방(기관리스트),한전KPS(주),한전KPS(주) 호남사업소,지점,기후에너지환경부,공기업(준시장형),전라남도 여수시 여수산단로 1203 (월내동) 호남사업소,070-5000-5450,-,-,-,-,-
중앙/지방(기관리스트),한전KPS(주),한전KPS(주) 화성사업소,지점,기후에너지환경부,공기업(준시장형),경기도 화성시 큰재봉길 16 (석우동) 화성사업소,031-8003-3222,-,-,-,-,-
중앙/지방(기관리스트),한전MCS(주),한전MCS(주),본점,기후에너지환경부,기타공공기관,"전라남도 나주시 상야1길 7(빛가람동) B동 506호 (빛가람동, 예가람타워)",061-345-9996,-,061-345-9992,-,-,-
중앙/지방(기관리스트),한전MCS(주),한전MCS(주) 가평지점,지점,기후에너지환경부,기타공공기관,경기도 가평군 가평읍 가화로 169-11 2층 한전MCS(주),031-581-2022,-,-,-,-,-
중앙/지방(기관리스트),한전MCS(주),한전MCS(주) 강남지점,지점,기후에너지환경부,기타공공기관,서울특별시 강남구 강남대로 262(도곡동) 캠코양재타워 2층 한전MCS(주),02-2135-9350,-,-,-,-,-
중앙/지방(기관리스트),한전MCS(주),한전MCS(주) 강동송파지점,지점,기후에너지환경부,기타공공기관,서울특별시 강동구 양재대로 1317(성내동) 5층 한전MCS(주),02-473-6864,-,-,-,-,-
중앙/지방(기관리스트),한전MCS(주),한전MCS(주) 강릉지점,지점,기후에너지환경부,기타공공기관,강원도 강릉시 강릉대로 563(포남동) 한전 강릉지사 지하1층 한전MCS(주),033-823-4300,-,-,-,-,-
중앙/지방(기관리스트),한전MCS(주),한전MCS(주) 강북성북지점,지점,기후에너지환경부,기타공공기관,서울특별시 강북구 도봉로 242(미아동) 한전 강북성북지사 5층 한전MCS(주),02-991-5764,-,-,-,-,-
중앙/지방(기관리스트),한전MCS(주),한전MCS(주) 강서양천지점,지점,기후에너지환경부,기타공공기관,서울특별시 양천구 목동서로 313(신정동) 한전 강서양천지사 4층 한전MCS(주),02-2652-0716,-,-,-,-,-
중앙/지방(기관리스트),한전MCS(주),한전MCS(주) 강원지사,지점,기후에너지환경부,기타공공기관,강원도 춘천시 춘천로 290-1(후평동) 춘천시산림조합 3층 한전MCS(주),033-241-8398,-,-,-,-,-
중앙/지방(기관리스트),한전MCS(주),한전MCS(주) 강진지점,지점,기후에너지환경부,기타공공기관,전라남도 강진군 강진읍 목리길 50 한전 강진지사 3층 한전MCS(주),061-432-8709,-,-,-,-,-
중앙/지방(기관리스트),한전MCS(주),한전MCS(주) 강화지점,지점,기후에너지환경부,기타공공기관,인천광역시 강화군 강화읍 갑룡길 37 2층 한전MCS(주),032-932-9271,-,-,-,-,-
중앙/지방(기관리스트),한전MCS(주),한전MCS(주) 거제지점,지점,기후에너지환경부,기타공공기관,경상남도 거제시 서문로3길 21(고현동) 한전 거제지사 2층 한전MCS(주),055-632-8971,-,-,-,-,-
중앙/지방(기관리스트),한전MCS(주),한전MCS(주) 거창지점,지점,기후에너지환경부,기타공공기관,경상남도 거창군 거창읍 강남로 246 한전 거창지사 본관1층 한전MCS(주),055-945-2381,-,-,-,-,-
중앙/지방(기관리스트),한전MCS(주),한전MCS(주) 경기북부지사,지점,기후에너지환경부,기타공공기관,경기도 의정부시 동일로 713(금오동) 2층 215호 한전MCS(주),031-842-4604,-,-,-,-,-
중앙/지방(기관리스트),한전MCS(주),한전MCS(주) 경기지사,지점,기후에너지환경부,기타공공기관,경기도 수원시 팔달구 매산로 83(매산로3가) 강산빌딩 6층 한전MCS(주),031-221-0416,-,-,-,-,-
중앙/지방(기관리스트),한전MCS(주),한전MCS(주) 경기직할지점,지점,기후에너지환경부,기타공공기관,경기도 수원시 팔달구 매산로 83(매산로3가) 강산빌딩 7층 한전MCS(주),031-226-0497,-,-,-,-,-
중앙/지방(기관리스트),한전MCS(주),한전MCS(주) 경남지사,지점,기후에너지환경부,기타공공기관,경상남도 창원시 성산구 중앙대로 263(용호동) 809호 한전MCS(주),055-284-5174,-,-,-,-,-
중앙/지방(기관리스트),한전MCS(주),한전MCS(주) 경북지사,지점,기후에너지환경부,기타공공기관,경상북도 안동시 강남5길 20-20(정하동) 지엔빌딩 202호 한전MCS(주),054-842-6639,-,-,-,-,-
중앙/지방(기관리스트),한전MCS(주),한전MCS(주) 경산지점,지점,기후에너지환경부,기타공공기관,경상북도 경산시 원효로 8(중방동) 한전 경산지사 3층 한전MCS(주),053-815-8678,-,-,-,-,-
중앙/지방(기관리스트),한전MCS(주),한전MCS(주) 경주지점,지점,기후에너지환경부,기타공공기관,경상북도 경주시 알천남로 232(성동동) 3층 한전MCS(주),054-744-9150,-,-,-,-,-
중앙/지방(기관리스트),한전MCS(주),한전MCS(주) 고령지점,지점,기후에너지환경부,기타공공기관,경상북도 고령군 대가야읍 월기길 36 2층 한전MCS(주),054-955-8818,-,-,-,-,-
중앙/지방(기관리스트),한전MCS(주),한전MCS(주) 고성지점,지점,기후에너지환경부,기타공공기관,경상남도 고성군 고성읍 성내로 162 한전 고성지사 3층 한전MCS(주),055-673-7987,-,-,-,-,-
중앙/지방(기관리스트),한전MCS(주),한전MCS(주) 고양지점,지점,기후에너지환경부,기타공공기관,경기도 고양시 일산동구 장백로 39(백석동) 한전 고양지사 4층 한전MCS(주),031-906-9516,-,-,-,-,-
중앙/지방(기관리스트),한전MCS(주),한전MCS(주) 고창지점,지점,기후에너지환경부,기타공공기관,전라북도 고창군 고창읍 중거리당산로 46 한전 고창지사 3층 한전MCS(주),063-561-0518,-,-,-,-,-
중앙/지방(기관리스트),한전MCS(주),한전MCS(주) 고흥지점,지점,기후에너지환경부,기타공공기관,전라남도 고흥군 고흥읍 고흥로 1887 한전 고흥지사 3층 한전MCS(주),061-835-9501,-,-,-,-,-
중앙/지방(기관리스트),한전MCS(주),한전MCS(주) 곡성지점,지점,기후에너지환경부,기타공공기관,전라남도 곡성군 곡성읍 곡성로 795 한전 곡성지사 2층 한전MCS(주),061-360-1257,-,-,-,-,-
중앙/지방(기관리스트),한전MCS(주),한전MCS(주) 공주지점,지점,기후에너지환경부,기타공공기관,충청남도 공주시 우금티로 772(옥룡동) 한전 공주지사 2층 한전MCS(주),070-4193-6124,-,-,-,-,-
중앙/지방(기관리스트),한전MCS(주),한전MCS(주) 관악동작지점,지점,기후에너지환경부,기타공공기관,서울특별시 동작구 동작대로 19(사당동) 한전 관악동작지사 별관 2층·4층 한전MCS(주),02-587-8041,-,-,-,-,-
중앙/지방(기관리스트),한전MCS(주),한전MCS(주) 광명지점,지점,기후에너지환경부,기타공공기관,경기도 광명시 철산로 3-13(철산동) 한전 광명지사 본관 4층 한전MCS(주),02-2685-2837,-,-,-,-,-
중앙/지방(기관리스트),한전MCS(주),한전MCS(주) 광산지점,지점,기후에너지환경부,기타공공기관,광주광역시 광산구 소촌로 3(소촌동) 한전 광산지사 1층 한전MCS(주),062-940-3286,-,-,-,-,-
중앙/지방(기관리스트),한전MCS(주),한전MCS(주) 광양지점,지점,기후에너지환경부,기타공공기관,전라남도 광양시 중동로 20(중동) 한전 광양지사 3층 한전MCS(주),061-798-4351,-,-,-,-,-
중앙/지방(기관리스트),한전MCS(주),한전MCS(주) 광주전남지사,지점,기후에너지환경부,기타공공기관,광주광역시 남구 중앙로107번길 15(구동) 무진회관 2층 한전MCS(주),062-671-5832,-,-,-,-,-
중앙/지방(기관리스트),한전MCS(주),한전MCS(주) 광주전남직할지점,지점,기후에너지환경부,기타공공기관,광주광역시 남구 중앙로107번길 15(구동) 무진회관 2층 한전MCS(주),061-671-5830,-,-,-,-,-
중앙/지방(기관리스트),한전MCS(주),한전MCS(주) 광주지점,지점,기후에너지환경부,기타공공기관,경기도 광주시 역동로 13(역동) 한전 광주지사 4층 한전MCS(주),031-797-2756,-,-,-,-,-
중앙/지방(기관리스트),한전MCS(주),한전MCS(주) 광진성동지점,지점,기후에너지환경부,기타공공기관,서울특별시 성동구 마장로27길 13(마장동) 한전 광진성동지사 4층 한전MCS(주),02-2293-8010,-,-,-,-,-
중앙/지방(기관리스트),한전MCS(주),한전MCS(주) 구례지점,지점,기후에너지환경부,기타공공기관,전라남도 구례군 구례읍 구례로 397 한전 구례지사 3층 한전MCS(주),061-783-5340,-,-,-,-,-
중앙/지방(기관리스트),한전MCS(주),한전MCS(주) 구로금천지점,지점,기후에너지환경부,기타공공기관,서울특별시 금천구 가산로 54(독산동) 2층 한전MCS(주),02-6672-7561,-,-,-,-,-
중앙/지방(기관리스트),한전MCS(주),한전MCS(주) 구리지점,지점,기후에너지환경부,기타공공기관,경기도 구리시 안골로 31(교문동) 한전 구리지사 1층 한전MCS(주),031-553-9510,-,-,-,-,-
중앙/지방(기관리스트),한전MCS(주),한전MCS(주) 구미지점,지점,기후에너지환경부,기타공공기관,경상북도 구미시 백산로 166(송정동) 한전 구미지사 5층 한전MCS(주),054-443-4502,-,-,-,-,-
중앙/지방(기관리스트),한전MCS(주),한전MCS(주) 군산지점,지점,기후에너지환경부,기타공공기관,전라북도 군산시 해망로 264(장미동) 한전 군산지사 2층 한전MCS(주),063-445-8158,-,-,-,-,-
중앙/지방(기관리스트),한전MCS(주),한전MCS(주) 군위지점,지점,기후에너지환경부,기타공공기관,경상북도 군위군 군위읍 중앙5길 7-14 한전 군위지사 3층 한전MCS(주),054-382-3045,-,-,-,-,-
중앙/지방(기관리스트),한전MCS(주),한전MCS(주) 금산지점,지점,기후에너지환경부,기타공공기관,충청남도 금산군 금산읍 후곤천길 5 한전 금산지사 3층 한전MCS(주),041-450-8506,-,-,-,-,-
중앙/지방(기관리스트),한전MCS(주),한전MCS(주) 기장지점,지점,기후에너지환경부,기타공공기관,부산광역시 기장군 기장읍 청강로 24 한전 기장지사 2층 한전MCS(주),051-724-6190,-,-,-,-,-
중앙/지방(기관리스트),한전MCS(주),한전MCS(주) 김제지점,지점,기후에너지환경부,기타공공기관,전라북도 김제시 금성로 83(신풍동) 한전 김제지사 2층 한전MCS(주),063-545-8827,-,-,-,-,-
중앙/지방(기관리스트),한전MCS(주),한전MCS(주) 김천지점,지점,기후에너지환경부,기타공공기관,경상북도 김천시 모암길 210(성내동) 한전 김천지사 4층 한전MCS(주),054-433-4321,-,-,-,-,-
중앙/지방(기관리스트),한전MCS(주),한전MCS(주) 김포지점,지점,기후에너지환경부,기타공공기관,경기도 김포시 태장로 755(장기동) 6층 617호 한전MCS(주),031-982-6021,-,-,-,-,-
중앙/지방(기관리스트),한전MCS(주),한전MCS(주) 김해지점,지점,기후에너지환경부,기타공공기관,경상남도 김해시 김해대로 2495(삼정동) 4층 한전MCS(주),055-332-0210,-,-,-,-,-
중앙/지방(기관리스트),한전MCS(주),한전MCS(주) 나주지점,지점,기후에너지환경부,기타공공기관,전라남도 나주시 왕건길 53(송월동) 한전 나주지사 1층 한전MCS(주),061-333-7797,-,-,-,-,-
중앙/지방(기관리스트),한전MCS(주),한전MCS(주) 남대구지점,지점,기후에너지환경부,기타공공기관,대구광역시 달서구 갈밭로 24(대곡동) 광장타워 5층 한전MCS(주),054-333-0350,-,-,-,-,-
중앙/지방(기관리스트),한전MCS(주),한전MCS(주) 남부산지점,지점,기후에너지환경부,기타공공기관,"부산광역시 해운대구 마린시티1로 9(우동, 마린시티자이) 2층 215호",051-744-4073,-,-,-,-,-
중앙/지방(기관리스트),한전MCS(주),한전MCS(주) 남서울지사,지점,기후에너지환경부,기타공공기관,서울특별시 영등포구 문래북로 66(문래동3가) 한전 남서울본부 1층 한전MCS(주),02-2678-0122,-,-,-,-,-
중앙/지방(기관리스트),한전MCS(주),한전MCS(주) 남양주지점,지점,기후에너지환경부,기타공공기관,경기도 남양주시 다산지금로163번길 89(다산동) 한전 남양주지사 3층 한전MCS(주),031-523-8701,-,-,-,-,-
중앙/지방(기관리스트),한전MCS(주),한전MCS(주) 남원지점,지점,기후에너지환경부,기타공공기관,전라북도 남원시 충정로 119(향교동) 한전 남원지사 3층 한전MCS(주),063-626-9151,-,-,-,-,-
중앙/지방(기관리스트),한전MCS(주),한전MCS(주) 남인천지점,지점,기후에너지환경부,기타공공기관,"인천광역시 연수구 비류대로294번길 16(청학동, 청학아파트) 2층 한전MCS(주)",032-434-1800,-,-,-,-,-
중앙/지방(기관리스트),한전MCS(주),한전MCS(주) 남전주지점,지점,기후에너지환경부,기타공공기관,전라북도 전주시 완산구 모악로 4678(평화동2가) 5층 한전MCS(주),063-715-3900,-,-,-,-,-
중앙/지방(기관리스트),한전MCS(주),한전MCS(주) 남해지점,지점,기후에너지환경부,기타공공기관,경상남도 남해군 남해읍 남해대로 2962 한전남해지사 별관2층 한전MCS(주),055-864-7209,-,-,-,-,-
중앙/지방(기관리스트),한전MCS(주),한전MCS(주) 노원도봉지점,지점,기후에너지환경부,기타공공기관,서울특별시 노원구 노해로 429(상계동) 한전 노원도봉지사 4층 한전MCS(주),02-952-1220,-,-,-,-,-
중앙/지방(기관리스트),한전MCS(주),한전MCS(주) 논산지점,지점,기후에너지환경부,기타공공기관,충청남도 논산시 강경읍 계백로 166 한전 논산지사 3층 한전MCS(주),041-435-8600,-,-,-,-,-
중앙/지방(기관리스트),한전MCS(주),한전MCS(주) 단양지점,지점,기후에너지환경부,기타공공기관,충청북도 단양군 단양읍 중앙1로 27-6 한전 단양지사 2층 한전MCS(주),043-421-2015,-,-,-,-,-
중앙/지방(기관리스트),한전MCS(주),한전MCS(주) 담양지점,지점,기후에너지환경부,기타공공기관,전라남도 담양군 담양읍 무정로 25 한전 담양지사 2층 한전MCS(주),061-381-2225,-,-,-,-,-
중앙/지방(기관리스트),한전MCS(주),한전MCS(주) 당진지점,지점,기후에너지환경부,기타공공기관,충청남도 당진시 천변2길 123(읍내동) 한전 당진지사 4층 한전MCS(주),070-4193-2565,-,-,-,-,-
중앙/지방(기관리스트),한전MCS(주),한전MCS(주) 대구지사,지점,기후에너지환경부,기타공공기관,대구광역시 서구 와룡로 307(중리동) 디센터1976 지식산업센터 809호 한전MCS(주),053-525-9925,-,-,-,-,-
중앙/지방(기관리스트),한전MCS(주),한전MCS(주) 대구직할지점,지점,기후에너지환경부,기타공공기관,대구광역시 북구 원대로 128(침산동) 연우빌딩 2층 한전MCS(주),053-356-8132,-,-,-,-,-
중앙/지방(기관리스트),한전MCS(주),한전MCS(주) 대덕유성지점,지점,기후에너지환경부,기타공공기관,대전광역시 유성구 계룡로 114(봉명동) 한전 대덕유성지사 3층 한전MCS(주),042-824-4288,-,-,-,-,-
중앙/지방(기관리스트),한전MCS(주),한전MCS(주) 대전세종충남지사,지점,기후에너지환경부,기타공공기관,대전광역시 동구 동서대로 1708(가양동) 명신빌딩 7층 한전MCS(주),042-710-6210,-,-,-,-,-
중앙/지방(기관리스트),한전MCS(주),한전MCS(주) 대전세종충남직할지점,지점,기후에너지환경부,기타공공기관,대전광역시 동구 동서대로 1708(가양동) 9층 한전MCS(주),042-710-6219,-,-,-,-,-
중앙/지방(기관리스트),한전MCS(주),한전MCS(주) 동대구지점,지점,기후에너지환경부,기타공공기관,대구광역시 동구 효동로6길 88(효목동) 2층 한전MCS(주),053-745-0989,-,-,-,-,-
중앙/지방(기관리스트),한전MCS(주),한전MCS(주) 동대문중랑지점,지점,기후에너지환경부,기타공공기관,서울특별시 중랑구 동일로 862(묵동) 한전 동대문중랑지사 별관 2층 한전MCS(주),02-971-4733,-,-,-,-,-
중앙/지방(기관리스트),한전MCS(주),한전MCS(주) 동두천지점,지점,기후에너지환경부,기타공공기관,경기도 동두천시 평화로 2262(지행동) 한전 동두천지사 3층 한전MCS(주),031-863-6560,-,-,-,-,-
중앙/지방(기관리스트),한전MCS(주),한전MCS(주) 동래지점,지점,기후에너지환경부,기타공공기관,부산광역시 동래구 충렬대로 434(안락동) 3층 한전MCS(주),051-525-1786,-,-,-,-,-
중앙/지방(기관리스트),한전MCS(주),한전MCS(주) 동용인지점,지점,기후에너지환경부,기타공공기관,경기도 용인시 처인구 중부대로 1434(김량장동) 2층 201호 한전MCS(주),031-321-2064,-,-,-,-,-
중앙/지방(기관리스트),한전MCS(주),한전MCS(주) 동울산지점,지점,기후에너지환경부,기타공공기관,울산광역시 북구 명촌23길 8(진장동) 한전 동울산지사 1층 한전MCS(주),052-289-8290,-,-,-,-,-
중앙/지방(기관리스트),한전MCS(주),한전MCS(주) 동청주지점,지점,기후에너지환경부,기타공공기관,충청북도 청주시 청원구 향군로 25(우암동) 3층 한전MCS(주),043-225-2337,-,-,-,-,-
중앙/지방(기관리스트),한전MCS(주),한전MCS(주) 동해지점,지점,기후에너지환경부,기타공공기관,강원도 동해시 천곡로 23(천곡동) 한전 동해지사 2층 한전MCS(주),033-533-4011,-,-,-,-,-
중앙/지방(기관리스트),한전MCS(주),한전MCS(주) 마산지점,지점,기후에너지환경부,기타공공기관,경상남도 창원시 마산회원구 3·15대로 966(구암동) 한전 마산지사 구관2층 한전MCS(주),055-292-8219,-,-,-,-,-
중앙/지방(기관리스트),한전MCS(주),한전MCS(주) 마포용산지점,지점,기후에너지환경부,기타공공기관,서울특별시 마포구 토정로37길 38(도화동) 한전 마포용산지사 3층 한전MCS(주),02-716-1348,-,-,-,-,-
중앙/지방(기관리스트),한전MCS(주),한전MCS(주) 목포지점,지점,기후에너지환경부,기타공공기관,전라남도 목포시 삼학로 370(용해동) 한전 목포지사 3층 한전MCS(주),061-277-6696,-,-,-,-,-
중앙/지방(기관리스트),한전MCS(주),한전MCS(주) 무안지점,지점,기후에너지환경부,기타공공기관,전라남도 무안군 무안읍 무안중앙로 76-1 한전 무안지사 3층 한전MCS(주),061-453-9981,-,-,-,-,-
중앙/지방(기관리스트),한전MCS(주),한전MCS(주) 무주지점,지점,기후에너지환경부,기타공공기관,전라북도 무주군 무주읍 죽향로 31-16 한전 무주지사 1층 한전MCS(주),063-322-8868,-,-,-,-,-
중앙/지방(기관리스트),한전MCS(주),한전MCS(주) 문경지점,지점,기후에너지환경부,기타공공기관,경상북도 문경시 모전로 75(모전동) 한전 문경지사 4층 한전MCS(주),054-556-1101,-,-,-,-,-
중앙/지방(기관리스트),한전MCS(주),한전MCS(주) 밀양지점,지점,기후에너지환경부,기타공공기관,경상남도 밀양시 가곡7길 30(가곡동) 한전 밀양지사 1층 한전MCS(주),055-355-2102,-,-,-,-,-
중앙/지방(기관리스트),한전MCS(주),한전MCS(주) 보령지점,지점,기후에너지환경부,기타공공기관,충청남도 보령시 옥마로 60(명천동) 한전 보령지사 4층 한전MCS(주),070-4193-6109,-,-,-,-,-
중앙/지방(기관리스트),한전MCS(주),한전MCS(주) 보성지점,지점,기후에너지환경부,기타공공기관,전라남도 보성군 보성읍 송재로 53 한전 보성지사 2층 한전MCS(주),061-853-1337,-,-,-,-,-
중앙/지방(기관리스트),한전MCS(주),한전MCS(주) 보은지점,지점,기후에너지환경부,기타공공기관,충청북도 보은군 보은읍 장신로 40 한전 보은지사 1층 한전MCS(주),070-4193-1940,-,-,-,-,-
중앙/지방(기관리스트),한전MCS(주),한전MCS(주) 봉화지점,지점,기후에너지환경부,기타공공기관,경상북도 봉화군 봉화읍 내성로 42 한전 봉화지사 1층 한전MCS(주),054-672-0759,-,-,-,-,-
중앙/지방(기관리스트),한전MCS(주),한전MCS(주) 부산울산지사,지점,기후에너지환경부,기타공공기관,부산광역시 부산진구 중앙대로 770(부전동) 8층 한전MCS(주),051-819-5971,-,-,-,-,-
중앙/지방(기관리스트),한전MCS(주),한전MCS(주) 부안지점,지점,기후에너지환경부,기타공공기관,전라북도 부안군 부안읍 신선길 1 한전 부안지사 3층 한전MCS(주),063-581-6617,-,-,-,-,-
중앙/지방(기관리스트),한전MCS(주),한전MCS(주) 부여지점,지점,기후에너지환경부,기타공공기관,충청남도 부여군 부여읍 성왕로 396 2층 한전MCS(주),041-837-8856,-,-,-,-,-
중앙/지방(기관리스트),한전MCS(주),한전MCS(주) 부천지점,지점,기후에너지환경부,기타공공기관,경기도 부천시 경인로 70(송내동) 4층 한전MCS(주),032-614-4017,-,-,-,-,-
중앙/지방(기관리스트),한전MCS(주),한전MCS(주) 북부산지점,지점,기후에너지환경부,기타공공기관,부산광역시 사상구 백양대로700번길 24(덕포동) 한전 북부산지사 3층 한전MCS(주),051-303-6013,-,-,-,-,-
중앙/지방(기관리스트),한전MCS(주),한전MCS(주) 북포항지점,지점,기후에너지환경부,기타공공기관,경상북도 포항시 북구 흥해읍 흥해로 100 4층 한전MCS(주),054-262-9997,-,-,-,-,-
중앙/지방(기관리스트),한전MCS(주),한전MCS(주) 사천지점,지점,기후에너지환경부,기타공공기관,경상남도 사천시 동금6길 28(동금동) 한전 사천지사 3층 한전MCS(주),055-832-7187,-,-,-,-,-
중앙/지방(기관리스트),한전MCS(주),한전MCS(주) 산청지점,지점,기후에너지환경부,기타공공기관,경상남도 산청군 산청읍 웅석봉로 45 본관2층 한전MCS(주),055-973-5071,-,-,-,-,-
중앙/지방(기관리스트),한전MCS(주),한전MCS(주) 삼척지점,지점,기후에너지환경부,기타공공기관,강원도 삼척시 오십천로 559(정상동) 한전 삼척지사 본관2층 한전MCS(주),033-802-7070,-,-,-,-,-
중앙/지방(기관리스트),한전MCS(주),한전MCS(주) 상주지점,지점,기후에너지환경부,기타공공기관,경상북도 상주시 경상대로 3051-17(무양동) 한전 상주지사 4층 한전MCS(주),054-536-5296,-,-,-,-,-
중앙/지방(기관리스트),한전MCS(주),한전MCS(주) 서광주지점,지점,기후에너지환경부,기타공공기관,광주광역시 서구 경열로 39(농성동) 한전 서광주지사 1층 한전MCS(주),062-360-6288,-,-,-,-,-
중앙/지방(기관리스트),한전MCS(주),한전MCS(주) 서귀포지점,지점,기후에너지환경부,기타공공기관,제주특별자치도 서귀포시 신중로 56(법환동) 한전 서귀포지사 1층 한전MCS(주),064-738-5596,-,-,-,-,-
중앙/지방(기관리스트),한전MCS(주),한전MCS(주) 서대구지점,지점,기후에너지환경부,기타공공기관,대구광역시 서구 와룡로 307(중리동) 디센터1976 지식산업센터 609호 한전MCS(주),053-554-0451,-,-,-,-,-
중앙/지방(기관리스트),한전MCS(주),한전MCS(주) 서대문은평지점,지점,기후에너지환경부,기타공공기관,서울특별시 은평구 서오릉로 15(녹번동) 해명빌딩 3층 한전MCS(주),02-356-9351,-,-,-,-,-
중앙/지방(기관리스트),한전MCS(주),한전MCS(주) 서대전지점,지점,기후에너지환경부,기타공공기관,대전광역시 서구 탄방로 56(탄방동) 4층 한전MCS(주),070-4165-1721,-,-,-,-,-
중앙/지방(기관리스트),한전MCS(주),한전MCS(주) 서부산지점,지점,기후에너지환경부,기타공공기관,부산광역시 강서구 유통단지1로 41(대저2동) T-PLEX 본관동 3층 310호 한전MCS(주),051-711-7141,-,-,-,-,-
중앙/지방(기관리스트),한전MCS(주),한전MCS(주) 서산지점,지점,기후에너지환경부,기타공공기관,충청남도 서산시 한마음16로 63(석림동) 한전 서산지사 2층 한전MCS(주),041-660-8320,-,-,-,-,-
중앙/지방(기관리스트),한전MCS(주),한전MCS(주) 서수원지점,지점,기후에너지환경부,기타공공기관,경기도 수원시 권선구 호매실로 46-82(탑동) 5층 한전MCS(주),031-236-2193,-,-,-,-,-
중앙/지방(기관리스트),한전MCS(주),한전MCS(주) 서용인지점,지점,기후에너지환경부,기타공공기관,경기도 용인시 기흥구 한보라2로 5-9(보라동) 세진빌딩 5층 한전MCS(주),031-895-4930,-,-,-,-,-
중앙/지방(기관리스트),한전MCS(주),한전MCS(주) 서울산지점,지점,기후에너지환경부,기타공공기관,울산광역시 울주군 삼남읍 향교로 112 한전 서울산지사 3층 한전MCS(주),052-262-2370,-,-,-,-,-
중앙/지방(기관리스트),한전MCS(주),한전MCS(주) 서울지사,지점,기후에너지환경부,기타공공기관,서울특별시 노원구 노해로 429(상계동) 한전 노원도봉지사 4층 한전MCS(주),02-932-4188,-,-,-,-,-
중앙/지방(기관리스트),한전MCS(주),한전MCS(주) 서울직할지점,지점,기후에너지환경부,기타공공기관,서울특별시 중구 남대문로 92(을지로2가) 한전 서울지역본부 신관8층 한전MCS(주),02-757-4113,-,-,-,-,-
중앙/지방(기관리스트),한전MCS(주),한전MCS(주) 서인천지점,지점,기후에너지환경부,기타공공기관,인천광역시 서구 청라커낼로 280(청라동) 6층 한전MCS(주),032-569-3951,-,-,-,-,-
중앙/지방(기관리스트),한전MCS(주),한전MCS(주) 서천지점,지점,기후에너지환경부,기타공공기관,충청남도 서천군 장항읍 장항로171번길 58 한전 서천지사 2층 한전MCS(주),041-453-7601,-,-,-,-,-
중앙/지방(기관리스트),한전MCS(주),한전MCS(주) 서초지점,지점,기후에너지환경부,기타공공기관,서울특별시 서초구 효령로72길 60(서초동) 한전 서초지사 6층 한전MCS(주),02-3486-2712,-,-,-,-,-
중앙/지방(기관리스트),한전MCS(주),한전MCS(주) 서평택지점,지점,기후에너지환경부,기타공공기관,경기도 평택시 청북읍 청북남로 253 골드라인 2층 한전MCS(주),031-647-9526,-,-,-,-,-
중앙/지방(기관리스트),한전MCS(주),한전MCS(주) 성남지점,지점,기후에너지환경부,기타공공기관,경기도 성남시 수정구 성남대로 1227(수진동) 4층 한전MCS(주),031-756-8696,-,-,-,-,-
중앙/지방(기관리스트),한전MCS(주),한전MCS(주) 성주지점,지점,기후에너지환경부,기타공공기관,경상북도 성주군 성주읍 성주로 3289 더 갤럭시 빌딩 3층 한전MCS(주),054-933-4758,-,-,-,-,-
중앙/지방(기관리스트),한전MCS(주),한전MCS(주) 세종지점,지점,기후에너지환경부,기타공공기관,세종특별자치시 연서면 아홉거리길 100 4층 한전MCS(주),044-868-7145,-,-,-,-,-
중앙/지방(기관리스트),한전MCS(주),한전MCS(주) 속초고성지점,지점,기후에너지환경부,기타공공기관,강원도 속초시 장안로 11(동명동) 한전 속초지사 별관1층 한전MCS(주),070-4193-5769,-,-,-,-,-
중앙/지방(기관리스트),한전MCS(주),한전MCS(주) 순창지점,지점,기후에너지환경부,기타공공기관,전라북도 순창군 순창읍 유등로 18 한전 순창지사 2층 한전MCS(주),063-653-7737,-,-,-,-,-
중앙/지방(기관리스트),한전MCS(주),한전MCS(주) 순천지점,지점,기후에너지환경부,기타공공기관,전라남도 순천시 순천대2길 13(석현동) 한전 순천지사 3층 한전MCS(주),055-750-2351,-,-,-,-,-
중앙/지방(기관리스트),한전MCS(주),한전MCS(주) 시흥지점,지점,기후에너지환경부,기타공공기관,경기도 시흥시 은계중앙로 255(은행동) 한전 시흥지사 3층 한전MCS(주),031-313-3526,-,-,-,-,-
중앙/지방(기관리스트),한전MCS(주),한전MCS(주) 신안지점,지점,기후에너지환경부,기타공공기관,전라남도 신안군 안좌면 안좌동부길 836 한전 신안지사 3층 한전MCS(주),061-262-3335,-,-,-,-,-
중앙/지방(기관리스트),한전MCS(주),한전MCS(주) 아산지점,지점,기후에너지환경부,기타공공기관,충청남도 아산시 충무로72번길 13(권곡동) 한전 아산지사 3층 한전MCS(주),041-546-3474,-,-,-,-,-
중앙/지방(기관리스트),한전MCS(주),한전MCS(주) 안산지점,지점,기후에너지환경부,기타공공기관,경기도 안산시 단원구 화랑로 358(고잔동) 자유센타빌딩 6층 한전MCS(주),031-439-9148,-,-,-,-,-
중앙/지방(기관리스트),한전MCS(주),한전MCS(주) 안성지점,지점,기후에너지환경부,기타공공기관,"경기도 안성시 장기로 8(석정동) 4층 401, 402호 한전MCS(주)",031-670-2347,-,-,-,-,-
중앙/지방(기관리스트),한전MCS(주),한전MCS(주) 안양지점,지점,기후에너지환경부,기타공공기관,경기도 안양시 동안구 귀인로 59(호계동) 한전 안양지사 5층 한전MCS(주),031-360-7400,-,-,-,-,-
중앙/지방(기관리스트),한전MCS(주),한전MCS(주) 양구지점,지점,기후에너지환경부,기타공공기관,강원도 양구군 양구읍 비봉로73번길 15 한전 양구지사 3층 한전MCS(주),070-4193-6347,-,-,-,-,-
중앙/지방(기관리스트),한전MCS(주),한전MCS(주) 양산지점,지점,기후에너지환경부,기타공공기관,경상남도 양산시 고향의봄로 42(신기동) 한전 양산지사 1층 한전MCS(주),055-382-1029,-,-,-,-,-
중앙/지방(기관리스트),한전MCS(주),한전MCS(주) 양양지점,지점,기후에너지환경부,기타공공기관,강원도 양양군 양양읍 복개길 23-9 한전 양양지사 1층 한전MCS(주),033-671-9070,-,-,-,-,-
중앙/지방(기관리스트),한전MCS(주),한전MCS(주) 양평지점,지점,기후에너지환경부,기타공공기관,경기도 양평군 강상면 강남로 933 3층 한전MCS(주),031-771-9154,-,-,-,-,-
중앙/지방(기관리스트),한전MCS(주),한전MCS(주) 여수지점,지점,기후에너지환경부,기타공공기관,전라남도 여수시 좌수영로 416(미평동) 별관 1층 한전MCS(주),061-650-2355,-,-,-,-,-
중앙/지방(기관리스트),한전MCS(주),한전MCS(주) 여주지점,지점,기후에너지환경부,기타공공기관,경기도 여주시 세종로 93(홍문동) 3층 한전MCS(주),031-880-2292,-,-,-,-,-
중앙/지방(기관리스트),한전MCS(주),한전MCS(주) 연천지점,지점,기후에너지환경부,기타공공기관,경기도 연천군 전곡읍 전곡로 15 2층 한전MCS(주),031-834-5503,-,-,-,-,-
중앙/지방(기관리스트),한전MCS(주),한전MCS(주) 영광지점,지점,기후에너지환경부,기타공공기관,전라남도 영광군 영광읍 천년로 1464 3층 한전MCS(주),061-350-2222,-,-,-,-,-
중앙/지방(기관리스트),한전MCS(주),한전MCS(주) 영덕지점,지점,기후에너지환경부,기타공공기관,경상북도 영덕군 영덕읍 영덕로 184 2층 한전MCS(주),054-733-6612,-,-,-,-,-
중앙/지방(기관리스트),한전MCS(주),한전MCS(주) 영도지점,지점,기후에너지환경부,기타공공기관,부산광역시 영도구 남항남로9번길 61(남항동2가) 별관 2층 한전MCS(주),051-417-8147,-,-,-,-,-
중앙/지방(기관리스트),한전MCS(주),한전MCS(주) 영동지점,지점,기후에너지환경부,기타공공기관,충청북도 영동군 영동읍 학산영동로 1149 3층 한전MCS(주),043-743-2615,-,-,-,-,-
중앙/지방(기관리스트),한전MCS(주),한전MCS(주) 영암지점,지점,기후에너지환경부,기타공공기관,전라남도 영암군 영암읍 서남역로 31 2층 한전MCS(주),061-471-8815,-,-,-,-,-
중앙/지방(기관리스트),한전MCS(주),한전MCS(주) 영양지점,지점,기후에너지환경부,기타공공기관,경상북도 영양군 영양읍 중앙로 65-5 3층 한전MCS(주),054-682-2260,-,-,-,-,-
중앙/지방(기관리스트),한전MCS(주),한전MCS(주) 영월지점,지점,기후에너지환경부,기타공공기관,강원도 영월군 영월읍 중앙로 239 한전 영월지사 지하1층 한전MCS(주),033-372-2216,-,-,-,-,-
중앙/지방(기관리스트),한전MCS(주),한전MCS(주) 영종지점,지점,기후에너지환경부,기타공공기관,인천광역시 중구 영종대로196번길 15-21(운서동) 1층 한전MCS(주),032-880-7220,-,-,-,-,-
중앙/지방(기관리스트),한전MCS(주),한전MCS(주) 영주지점,지점,기후에너지환경부,기타공공기관,경상북도 영주시 구성로 370(영주동) 3층 한전MCS(주),054-632-0757,-,-,-,-,-
중앙/지방(기관리스트),한전MCS(주),한전MCS(주) 영천지점,지점,기후에너지환경부,기타공공기관,경상북도 영천시 천문로 199(금노동) 1층 한전MCS(주),054-333-0350,-,-,-,-,-
중앙/지방(기관리스트),한전MCS(주),한전MCS(주) 예산지점,지점,기후에너지환경부,기타공공기관,충청남도 예산군 예산읍 금오대로 151 1층 한전MCS(주),041-404-7030,-,-,-,-,-
중앙/지방(기관리스트),한전MCS(주),한전MCS(주) 예천지점,지점,기후에너지환경부,기타공공기관,경상북도 예천군 예천읍 효자로 170 별관 2층 한전MCS(주),054-652-1262,-,-,-,-,-
중앙/지방(기관리스트),한전MCS(주),한전MCS(주) 오산지점,지점,기후에너지환경부,기타공공기관,경기도 오산시 경기대로 105(원동) 2층 한전MCS(주),031-372-9540,-,-,-,-,-
중앙/지방(기관리스트),한전MCS(주),한전MCS(주) 옥천지점,지점,기후에너지환경부,기타공공기관,충청북도 옥천군 옥천읍 삼양로 70 2층 한전MCS(주),043-731-6457,-,-,-,-,-
중앙/지방(기관리스트),한전MCS(주),한전MCS(주) 완도지점,지점,기후에너지환경부,기타공공기관,전라남도 완도군 완도읍 개포로62번길 6 2층 한전MCS(주),061-550-0225,-,-,-,-,-
중앙/지방(기관리스트),한전MCS(주),한전MCS(주) 울산지점,지점,기후에너지환경부,기타공공기관,울산광역시 남구 번영로 145(달동) 극동방송빌딩 11층 한전MCS(주),052-271-8070,-,-,-,-,-
중앙/지방(기관리스트),한전MCS(주),한전MCS(주) 울진지점,지점,기후에너지환경부,기타공공기관,경상북도 울진군 울진읍 울진북로 447 4층 한전MCS(주),054-783-6613,-,-,-,-,-
중앙/지방(기관리스트),한전MCS(주),한전MCS(주) 원주지점,지점,기후에너지환경부,기타공공기관,강원도 원주시 우산로 122(우산동) 한전 원주지사 3층 한전MCS(주),070-5145-9537,-,-,-,-,-
중앙/지방(기관리스트),한전MCS(주),한전MCS(주) 음성지점,지점,기후에너지환경부,기타공공기관,충청북도 음성군 음성읍 시장로80번길 23 3층 한전MCS(주),043-872-2146,-,-,-,-,-
중앙/지방(기관리스트),한전MCS(주),한전MCS(주) 의령지점,지점,기후에너지환경부,기타공공기관,경상남도 의령군 의령읍 의병로16길 16-1 2층 한전MCS(주),055-573-7717,-,-,-,-,-
중앙/지방(기관리스트),한전MCS(주),한전MCS(주) 의성지점,지점,기후에너지환경부,기타공공기관,경상북도 의성군 의성읍 경북대로 5644-9 한전 의성지사 3층 한전MCS(주),054-833-9300,-,-,-,-,-
중앙/지방(기관리스트),한전MCS(주),한전MCS(주) 이천지점,지점,기후에너지환경부,기타공공기관,경기도 이천시 이섭대천로 1264(창전동) 한전 이천지사 4층 한전MCS(주),031-636-1395,-,-,-,-,-
중앙/지방(기관리스트),한전MCS(주),한전MCS(주) 익산지점,지점,기후에너지환경부,기타공공기관,전라북도 익산시 부송로 117(부송동) 4층 한전MCS(주),063-838-9921,-,-,-,-,-
중앙/지방(기관리스트),한전MCS(주),한전MCS(주) 인제지점,지점,기후에너지환경부,기타공공기관,강원도 인제군 인제읍 인제로 135 한전 인제지사 별관 1층 한전MCS(주),070-4851-1097,-,-,-,-,-
중앙/지방(기관리스트),한전MCS(주),한전MCS(주) 인천지사,지점,기후에너지환경부,기타공공기관,인천광역시 부평구 주부토로 231(갈산동) 갈산홈프라자 3층 305호 한전MCS(주),032-508-4963,-,-,-,-,-
중앙/지방(기관리스트),한전MCS(주),한전MCS(주) 임실지점,지점,기후에너지환경부,기타공공기관,전라북도 임실군 임실읍 봉황로 245 한전 임실지사 1층 한전MCS(주),063-643-4560,-,-,-,-,-
중앙/지방(기관리스트),한전MCS(주),한전MCS(주) 장성지점,지점,기후에너지환경부,기타공공기관,전라남도 장성군 장성읍 보해길 30 한전 장성지사 2층 한전MCS(주),061-393-0571,-,-,-,-,-
중앙/지방(기관리스트),한전MCS(주),한전MCS(주) 장수지점,지점,기후에너지환경부,기타공공기관,전라북도 장수군 장수읍 장천로 138 한전 장수지사 1층 한전MCS(주),063-351-0138,-,-,-,-,-
중앙/지방(기관리스트),한전MCS(주),한전MCS(주) 장흥지점,지점,기후에너지환경부,기타공공기관,전라남도 장흥군 장흥읍 중앙로 24 한전 장흥지사 1층 한전MCS(주),061-863-3335,-,-,-,-,-
중앙/지방(기관리스트),한전MCS(주),한전MCS(주) 전북지사,지점,기후에너지환경부,기타공공기관,전라북도 전주시 덕진구 백제대로 751(인후동2가) 3층 한전MCS(주),063-246-1032,-,-,-,-,-
중앙/지방(기관리스트),한전MCS(주),한전MCS(주) 정선지점,지점,기후에너지환경부,기타공공기관,강원도 정선군 정선읍 정선로 1219 한전 정선지사 1층 한전MCS(주),033-562-6626,-,-,-,-,-
중앙/지방(기관리스트),한전MCS(주),한전MCS(주) 정읍지점,지점,기후에너지환경부,기타공공기관,전라북도 정읍시 서부로 5(연지동) 한전 정읍지사 별관 2층 한전MCS(주),063-531-3383,-,-,-,-,-
중앙/지방(기관리스트),한전MCS(주),한전MCS(주) 제물포지점,지점,기후에너지환경부,기타공공기관,인천광역시 미추홀구 숙골로87번길 27(도화동) 3층 한전MCS(주),032-886-0107,-,-,-,-,-
중앙/지방(기관리스트),한전MCS(주),한전MCS(주) 제주지사,지점,기후에너지환경부,기타공공기관,제주특별자치도 제주시 청사로 79 (도남동) 5층 한전MCS(주),064-805-2090,-,-,-,-,-
중앙/지방(기관리스트),한전MCS(주),한전MCS(주) 제천지점,지점,기후에너지환경부,기타공공기관,충청북도 제천시 풍양로 57(의림동) 3층 한전MCS(주),043-647-3466,-,-,-,-,-
중앙/지방(기관리스트),한전MCS(주),한전MCS(주) 중부산지점,지점,기후에너지환경부,기타공공기관,"부산광역시 서구 보수대로 21(토성동1가) 별관2, 3층 한전MCS(주)",051-254-7589,-,-,-,-,-
중앙/지방(기관리스트),한전MCS(주),한전MCS(주) 증평괴산지점,지점,기후에너지환경부,기타공공기관,충청북도 증평군 증평읍 충청대로 1829 1층 한전MCS(주),070-4193-1290,-,-,-,-,-
중앙/지방(기관리스트),한전MCS(주),한전MCS(주) 진도지점,지점,기후에너지환경부,기타공공기관,전라남도 진도군 진도읍 남동1길 25-1 1층 한전MCS(주),061-544-8631,-,-,-,-,-
중앙/지방(기관리스트),한전MCS(주),한전MCS(주) 진안지점,지점,기후에너지환경부,기타공공기관,전라북도 진안군 진안읍 대괭이길 7-21 1층 한전MCS(주),063-433-8898,-,-,-,-,-
중앙/지방(기관리스트),한전MCS(주),한전MCS(주) 진주지점,지점,기후에너지환경부,기타공공기관,경상남도 진주시 동진로 279(상대동) 3층 한전MCS(주),055-755-2152,-,-,-,-,-
중앙/지방(기관리스트),한전MCS(주),한전MCS(주) 진천지점,지점,기후에너지환경부,기타공공기관,충청북도 진천군 진천읍 상산로 18 1층 한전MCS(주),043-537-8869,-,-,-,-,-
중앙/지방(기관리스트),한전MCS(주),한전MCS(주) 진해지점,지점,기후에너지환경부,기타공공기관,경상남도 창원시 진해구 여좌천로 122(여좌동) 3층 한전MCS(주),055-542-7244,-,-,-,-,-
중앙/지방(기관리스트),한전MCS(주),한전MCS(주) 창녕지점,지점,기후에너지환경부,기타공공기관,경상남도 창녕군 창녕읍 남창녕로 71 한전 창녕지사 본관 4층 한전MCS(주),055-533-7826,-,-,-,-,-
중앙/지방(기관리스트),한전MCS(주),한전MCS(주) 천안지점,지점,기후에너지환경부,기타공공기관,충청남도 천안시 서북구 늘푸른3길 41(두정동) 4층 한전MCS(주),041-523-0960,-,-,-,-,-
중앙/지방(기관리스트),한전MCS(주),한전MCS(주) 철원지점,지점,기후에너지환경부,기타공공기관,강원도 철원군 갈말읍 명성로179번길 43 한전 철원지사 3층 한전MCS(주),070-4193-6401,-,-,-,-,-
중앙/지방(기관리스트),한전MCS(주),한전MCS(주) 청도지점,지점,기후에너지환경부,기타공공기관,경상북도 청도군 청도읍 청화로 219-25 한전 청도지사 3층 한전MCS(주),054-371-4672,-,-,-,-,-
중앙/지방(기관리스트),한전MCS(주),한전MCS(주) 청송지점,지점,기후에너지환경부,기타공공기관,경상북도 청송군 청송읍 중앙로 205 한전 청송지사 1층 한전MCS(주),054-873-2282,-,-,-,-,-
중앙/지방(기관리스트),한전MCS(주),한전MCS(주) 청양지점,지점,기후에너지환경부,기타공공기관,충청남도 청양군 청양읍 중앙로 37-6 한전 청양지사 2층 한전MCS(주),041-456-7801,-,-,-,-,-
중앙/지방(기관리스트),한전MCS(주),한전MCS(주) 충북지사,지점,기후에너지환경부,기타공공기관,충청북도 청주시 서원구 서부로 1346(성화동) 한전 충북본부 4층 한전MCS(주),043-251-2830,-,-,-,-,-
중앙/지방(기관리스트),한전MCS(주),한전MCS(주) 충주지점,지점,기후에너지환경부,기타공공기관,충청북도 충주시 탄금대로 130(봉방동) 한전 충주지사 3층 한전MCS(주),043-842-7331,-,-,-,-,-
중앙/지방(기관리스트),한전MCS(주),한전MCS(주) 칠곡지점,지점,기후에너지환경부,기타공공기관,경상북도 칠곡군 왜관읍 구상길 178 한전 칠곡지사 3층 한전MCS(주),054-975-3260,-,-,-,-,-
중앙/지방(기관리스트),한전MCS(주),한전MCS(주) 태백지점,지점,기후에너지환경부,기타공공기관,강원도 태백시 반딧불길 7(황지동) 한전 태백지사 별관1층 한전MCS(주),033-553-9985,-,-,-,-,-
중앙/지방(기관리스트),한전MCS(주),한전MCS(주) 태안지점,지점,기후에너지환경부,기타공공기관,충청남도 태안군 태안읍 후곡로 53 한전 태안지사 3층 한전MCS(주),041-675-7255,-,-,-,-,-
중앙/지방(기관리스트),한전MCS(주),한전MCS(주) 통영지점,지점,기후에너지환경부,기타공공기관,경상남도 통영시 광도면 죽림2로 25-40 한전 통영지사 2층 한전MCS(주),055-641-4832,-,-,-,-,-
중앙/지방(기관리스트),한전MCS(주),한전MCS(주) 파주지점,지점,기후에너지환경부,기타공공기관,경기도 파주시 금바위로 60(와동동) 한전 파주지사 4층 한전MCS(주),031-944-9504,-,-,-,-,-
중앙/지방(기관리스트),한전MCS(주),한전MCS(주) 평창지점,지점,기후에너지환경부,기타공공기관,강원도 평창군 평창읍 노람들1길 2 한전 평창지사 구관 2층 한전MCS(주),033-335-5112,-,-,-,-,-
중앙/지방(기관리스트),한전MCS(주),한전MCS(주) 평택지점,지점,기후에너지환경부,기타공공기관,경기도 평택시 평남로 645(비전동) 재원빌딩 3층 한전MCS(주),031-655-0145,-,-,-,-,-
중앙/지방(기관리스트),한전MCS(주),한전MCS(주) 포천지점,지점,기후에너지환경부,기타공공기관,경기도 포천시 원모루로1길 57(신읍동) 1층 한전MCS(주),031-531-1940,-,-,-,-,-
중앙/지방(기관리스트),한전MCS(주),한전MCS(주) 포항지점,지점,기후에너지환경부,기타공공기관,경상북도 포항시 남구 희망대로 677(상도동) 한전 포항지사 1층 한전MCS(주),054-281-0751,-,-,-,-,-
중앙/지방(기관리스트),한전MCS(주),한전MCS(주) 하남지점,지점,기후에너지환경부,기타공공기관,경기도 하남시 검단산로 233(창우동) 한전 하남지사 본관2층 한전MCS(주),031-794-2537,-,-,-,-,-
중앙/지방(기관리스트),한전MCS(주),한전MCS(주) 하동지점,지점,기후에너지환경부,기타공공기관,경상남도 하동군 하동읍 경서대로 83 한전 하동지사 3층 한전MCS(주),055-883-6192,-,-,-,-,-
중앙/지방(기관리스트),한전MCS(주),한전MCS(주) 함안지점,지점,기후에너지환경부,기타공공기관,경상남도 함안군 가야읍 함마대로 1490 함안지사 3층 한전MCS(주),055-583-7102,-,-,-,-,-
중앙/지방(기관리스트),한전MCS(주),한전MCS(주) 함양지점,지점,기후에너지환경부,기타공공기관,경상남도 함양군 함양읍 함양로 1207 한전 함양지사 3층 한전MCS(주),055-963-3550,-,-,-,-,-
중앙/지방(기관리스트),한전MCS(주),한전MCS(주) 함평지점,지점,기후에너지환경부,기타공공기관,전라남도 함평군 함평읍 서부길 41-14 한전 함평지사 2층 한전MCS(주),061-320-0245,-,-,-,-,-
중앙/지방(기관리스트),한전MCS(주),한전MCS(주) 합천지점,지점,기후에너지환경부,기타공공기관,경상남도 합천군 합천읍 대야로 921 한전 합천지사 본관4층 한전MCS(주),055-931-0286,-,-,-,-,-
중앙/지방(기관리스트),한전MCS(주),한전MCS(주) 해남지점,지점,기후에너지환경부,기타공공기관,전라남도 해남군 해남읍 북부순환로 5 한전 해남지사 4층 한전MCS(주),061-537-5581,-,-,-,-,-
중앙/지방(기관리스트),한전MCS(주),한전MCS(주) 홍성지점,지점,기후에너지환경부,기타공공기관,충청남도 홍성군 홍성읍 충서로 1417-6 한전 홍성지사 2층 한전MCS(주),041-634-8111,-,-,-,-,-
중앙/지방(기관리스트),한전MCS(주),한전MCS(주) 홍천지점,지점,기후에너지환경부,기타공공기관,강원도 홍천군 홍천읍 무궁화로 81 한전 홍천지사 3층 한전MCS(주),070-4193-5775,-,-,-,-,-
중앙/지방(기관리스트),한전MCS(주),한전MCS(주) 화성지점,지점,기후에너지환경부,기타공공기관,경기도 화성시 마도면 마도북로 403 2층 한전MCS(주),031-357-4396,-,-,-,-,-
중앙/지방(기관리스트),한전MCS(주),한전MCS(주) 화순지점,지점,기후에너지환경부,기타공공기관,전라남도 화순군 화순읍 충의로 11 한전 화순지사 3층 한전MCS(주),061-375-3391,-,-,-,-,-
중앙/지방(기관리스트),한전MCS(주),한전MCS(주) 화천지점,지점,기후에너지환경부,기타공공기관,강원도 화천군 화천읍 산수화로 53 한전 2층 한전MCS(주),070-4193-6359,-,-,-,-,-
중앙/지방(기관리스트),한전MCS(주),한전MCS(주) 횡성지점,지점,기후에너지환경부,기타공공기관,강원도 횡성군 횡성읍 앞들서로 30 한전 횡성지사 3층 한전MCS(주),033-345-4251,-,-,-,-,-
중앙/지방(기관리스트),한전원자력연료주식회사,한전원자력연료주식회사,본점,기후에너지환경부,기타공공기관,대전광역시 유성구 대덕대로989번길 242 (덕진동) 한전원자력연료,042-868-1000,-,042-868-1219,-,-,-
중앙/지방(기관리스트),한전원자력연료주식회사,한전원자력연료주식회사 NSA Plant,지점,기후에너지환경부,기타공공기관,충청남도 논산시 성동면 산업단지로5길 23 한전원자력연료 NSA Plant,042-868-1000,-,-,-,-,-
중앙/지방(기관리스트),한전원자력연료주식회사,한전원자력연료주식회사 TSA Plant,지점,기후에너지환경부,기타공공기관,대전광역시 유성구 테크노6로 8(관평동) 한전원자력연료 TSA Plant,042-868-1000,-,-,-,-,-
중앙/지방(기관리스트),항공안전기술원,항공안전기술원,본점,국토교통부,기타공공기관,인천광역시 서구 로봇랜드로 155-11 (청라동) 로봇타워 16층~18층,032-727-5500,-,-,-,-,-
중앙/지방(기관리스트),해양수산과학기술진흥원,해양수산과학기술진흥원,본점,해양수산부,기타공공기관,서울특별시 서초구 마방로 60 (양재동) 동원에프앤비빌딩 8-10층,02-3460-4000,-,02-3460-4090,-,-,-
중앙/지방(기관리스트),해양환경공단,해양환경공단,본점,해양수산부,공기업(준시장형),서울특별시 송파구 송파대로28길 28(가락동) 해양환경공단,02-3498-8500,-,-,koempm@koem.or.kr,-,-
중앙/지방(기관리스트),해양환경공단,해양환경공단 군산지사,지점,해양수산부,공기업(준시장형),전라북도 군산시 임해로 452(소룡동) 해양환경공단 군산지사,063-443-4813,-,063-443-4816,gunsan@koem.or.kr,-,-
중앙/지방(기관리스트),해양환경공단,해양환경공단 대산지사,지점,해양수산부,공기업(준시장형),충청남도 서산시 대산읍 대죽1로 325 해양환경공단 대산지사,041-664-9101,-,041-664-9104,daesan@koem.or.kr,-,-
중앙/지방(기관리스트),해양환경공단,해양환경공단 동해지사,지점,해양수산부,공기업(준시장형),강원도 동해시 평원로 46(평릉동) 3층 해양환경공단 동해지사,033-532-4056,-,033-532-3559,donghae@koem.or.kr,-,-
중앙/지방(기관리스트),해양환경공단,해양환경공단 마산지사,지점,해양수산부,공기업(준시장형),경상남도 창원시 마산합포구 드림베이대로 59(월영동) 해양환경공단 마산지사,055-223-8833,-,055-222-0680,masan@koem.or.kr,-,-
중앙/지방(기관리스트),해양환경공단,해양환경공단 목포지사,지점,해양수산부,공기업(준시장형),전라남도 목포시 고하대로597번길 75-48(죽교동) 해양환경공단 목포지사,061-242-9664,-,061-242-9665,mokpo@koem.or.kr,-,-
중앙/지방(기관리스트),해양환경공단,해양환경공단 부산지사,지점,해양수산부,공기업(준시장형),부산광역시 중구 충장대로 24(중앙동4가) 해양환경공단 부산지사,051-466-3914,-,051-466-3915,busan@koem.or.kr,-,-
중앙/지방(기관리스트),해양환경공단,해양환경공단 여수지사,지점,해양수산부,공기업(준시장형),전라남도 여수시 여서1로 107(여서동) 해양환경공단 여수지사,061-654-6431,-,061-654-6430,yeosu@koem.or.kr,-,-
중앙/지방(기관리스트),해양환경공단,해양환경공단 울산지사,지점,해양수산부,공기업(준시장형),울산광역시 남구 장생포고래로276번길 27(매암동) 해양환경공단 울산지사,052-261-3413,-,052-260-8909,ulsan@koem.or.kr,-,-
중앙/지방(기관리스트),해양환경공단,해양환경공단 인천지사,지점,해양수산부,공기업(준시장형),인천광역시 중구 연안부두로128번길 35(항동7가) 해양환경공단 인천지사,032-884-7702,-,032-884-7703,incheon@koem.or.kr,-,-
중앙/지방(기관리스트),해양환경공단,해양환경공단 제주지사,지점,해양수산부,공기업(준시장형),제주특별자치도 제주시 임항로 111(건입동) 해양환경공단 제주지사,064-753-4376,-,064-753-4375,jeju@koem.or.kr,-,-
중앙/지방(기관리스트),해양환경공단,해양환경공단 평택지사,지점,해양수산부,공기업(준시장형),경기도 평택시 포승읍 평택항만길 73 11층 해양환경공단 평택지사,031-683-7973,-,031-683-7901,pyeongtaek@koem.or.kr,-,-
중앙/지방(기관리스트),해양환경공단,해양환경공단 포항지사,지점,해양수산부,공기업(준시장형),경상북도 포항시 북구 해안로 44-10(항구동) 해양환경공단 포항지사,054-273-5595,-,054-273-6657,pohang@koem.or.kr,-,-
중앙/지방(기관리스트),해양환경공단,해양환경공단 해양환경교육원,지점,해양수산부,공기업(준시장형),부산광역시 영도구 해양로301번길 23(동삼동) 해양환경교육원,051-400-7700,-,051-400-7777,merti@koem.or.kr,-,-
중앙/지방(기관리스트),해양환경공단,해양환경공단 해양환경조사연구원,지점,해양수산부,공기업(준시장형),부산광역시 영도구 해양로301번길 22 (동삼동) 해양환경조사연구원,051-400-7924,-,-,-,-,-
